name,population,longitude,latitude,flaeche,region
"Berlin, Stadt",3685265,13.405538,52.51767,891.12,Berlin
"Hamburg, Freie und Hansestadt",1862565,9.99697,53.550678,755.09,Hamburg
"München, Landeshauptstadt",1505005,11.575997,48.137683,310.7,Landeshauptstadt München
"Köln, Stadt",1024621,6.957068,50.938107,405.02,Köln und Rhein-Erft-Kreis
"Frankfurt am Main, Stadt",756021,8.682433,50.11088,248.31,Main und Taunus
"Düsseldorf, Stadt",618685,6.780068,51.22422,217.41,Düsseldorf und Kreis Mettmann
"Stuttgart, Landeshauptstadt",612663,9.177734,48.775817,207.33,Region Stuttgart
"Leipzig, Stadt",611850,12.377931,51.338288,297.8,Stadt Leipzig
"Dortmund, Stadt",603462,7.464165,51.514171,280.71,Ruhrgebiet
"Bremen, Stadt",586271,8.809338,53.075606,326.17,Bremen
"Essen, Stadt",574682,7.012583,51.455843,210.34,Ruhrgebiet
"Dresden, Stadt",564904,13.736883,51.051697,328.48,Stadt Dresden
Nürnberg,529508,11.075269,49.450938,186.44,Städteregion Nürnberg
"Hannover, Landeshauptstadt",522131,9.738084,52.374551,204.3,Hannover-Hildesheim
"Duisburg, Stadt",502270,6.765477,51.433259,232.84,Niederrhein
"Bochum, Stadt",358676,7.217177,51.482699,145.66,Ruhrgebiet
"Wuppertal, Stadt",358193,7.195874,51.271288,168.39,Bergisches Städtedreieck
"Bielefeld, Stadt",331605,8.534049,52.021995,258.83,Teutoburger Wald
"Bonn, Stadt",323336,7.099187,50.734245,141.06,Bonn und Rhein-Sieg-Kreis
"Mannheim, Universitätsstadt",318035,8.466275,49.48778,144.97,Nördliches Baden-Württemberg
"Karlsruhe, Stadt",309050,8.405282,49.009626,173.42,Nördlicher Schwarzwald
"Münster, Stadt",308258,7.626804,51.961908,303.28,Münsterland
Augsburg,301105,10.897594,48.368384,146.85,Bayerisch-Schwaben
"Wiesbaden, Landeshauptstadt",288850,8.239138,50.081698,203.87,Rheingau-Taunus
"Gelsenkirchen, Stadt",267930,7.096064,51.510892,104.94,Ruhrgebiet
"Mönchengladbach, Stadt",267213,6.43161,51.194473,170.47,Niederrhein
"Aachen, Stadt",262670,6.0848,50.773516,160.85,Eifel und Region Aachen
"Braunschweig, Stadt",252962,10.520525,52.26249,192.7,Braunschweiger Land
"Kiel, Landeshauptstadt",252668,10.13727,54.321775,118.65,Ostsee
"Chemnitz, Stadt",245618,12.921602,50.833593,221.03,Chemnitz Zwickau Region
"Magdeburg, Landeshauptstadt",244329,11.632726,52.126248,201.68,"Magdeburg, Elbe-Börde-Heide"
"Freiburg im Breisgau, Stadt",237460,7.849877,47.994786,153.04,Südlicher Schwarzwald
"Krefeld, Stadt",231406,6.56089,51.332637,137.78,Niederrhein
"Halle (Saale), Stadt",226767,11.970666,51.482478,135.56,"Halle, Saale, Unstrut"
"Mainz, Stadt",224684,8.271855,50.001959,97.73,Rheinhessen
"Erfurt, Stadt",218793,11.027236,50.977122,269.91,Erfurt
"Lübeck, Hansestadt",216889,10.683932,53.866269,214.19,Ostsee
"Oberhausen, Stadt",213646,6.852291,51.470317,77.09,Ruhrgebiet
"Rostock, Hanse- und Universitätsstadt",205307,12.135993,54.088548,181.38,Mecklenburgische Ostseeküste
"Kassel, documenta-Stadt",197230,9.495199,51.314684,106.79,Kassel- Land
"Hagen, Stadt der FernUniversität",190384,7.467406,51.360171,160.45,Ruhrgebiet
"Potsdam, Stadt",184754,13.05358,52.400355,188.24,Potsdam
"Saarbrücken, Landeshauptstadt",182971,6.995542,49.236608,167.52,Übriges Saarland
"Hamm, Stadt",179968,7.816947,51.678312,226.43,Ruhrgebiet
"Ludwigshafen am Rhein, Stadt",177222,8.447899,49.483235,77.43,Pfalz
"Oldenburg (Oldb), Stadt",176614,8.212993,53.140025,103.09,Oldenburger Land
"Mülheim an der Ruhr, Stadt",173050,6.88505,51.428107,91.28,Ruhrgebiet
"Leverkusen, Stadt",168581,6.979767,51.03245,78.87,Bergisches Land
"Darmstadt, Wissenschaftsstadt",167029,8.653838,49.872238,122.07,Odenwald-Bergstrasse-Neckartal
"Osnabrück, Stadt",166057,8.04205,52.27692,119.8,Grafschaft Bentheim-Emsland-Osnabrücker Land
"Solingen, Klingenstadt",165626,7.085665,51.171718,89.54,Bergisches Städtedreieck
"Paderborn, Stadt",156378,8.757301,51.719601,179.59,Teutoburger Wald
"Herne, Stadt",155851,7.222793,51.540365,51.42,Ruhrgebiet
"Heidelberg, Stadt",155756,8.705543,49.410524,108.83,Nördliches Baden-Württemberg
"Neuss, Stadt",154317,6.691409,51.198873,99.52,Niederrhein
Regensburg,151389,12.101745,49.015249,80.86,Regensburg
Ingolstadt,141185,11.423387,48.76542,133.35,Oberbayerns Städte
"Pforzheim, Stadt",134912,8.699166,48.891285,97.99,Nördlicher Schwarzwald
Würzburg,133258,9.93725,49.79393,87.6,Fränkisches Weinland
"Offenbach am Main, Stadt",132746,8.764442,50.105567,44.88,Main und Taunus
Fürth,132036,10.987404,49.478592,63.35,Städteregion Nürnberg
"Heilbronn, Universitätsstadt",131986,9.217953,49.140428,99.89,Nördliches Baden-Württemberg
"Ulm, Universitätsstadt",129882,9.990402,48.398454,118.68,Schwäbische Alb
"Wolfsburg, Stadt",129560,10.784975,52.421938,204.62,Braunschweiger Land
"Göttingen, Stadt",127259,9.935418,51.533337,117.02,Harz
"Reutlingen, Stadt",118852,9.212006,48.49208,87.04,Schwäbische Alb
"Bremerhaven, Stadt",118610,8.578068,53.543032,93.77,Bremen
"Bottrop, Stadt",118535,6.927126,51.521059,100.61,Ruhrgebiet
Erlangen,115928,11.003274,49.59508,76.96,Städteregion Nürnberg
"Recklinghausen, Stadt",115344,7.197544,51.614576,66.5,Ruhrgebiet
"Remscheid, Stadt",113828,7.194356,51.179878,74.52,Bergisches Städtedreieck
"Koblenz, Stadt",113378,7.597956,50.359516,105.25,Mittelrheintal
"Bergisch Gladbach, Stadt",111361,7.130608,50.992244,83.09,Bergisches Land
"Jena, Stadt",109725,11.591842,50.93006,114.77,Saaleland
"Salzgitter, Stadt",104970,10.329208,52.153574,224.48,Braunschweiger Land
"Trier, Stadt",104342,6.638021,49.757603,117.06,Mosel-Saar
"Siegen, Universitätsstadt",102685,8.024625,50.874559,114.69,Siegerland-Wittgenstein
"Moers, Stadt",101503,6.628027,51.453559,67.64,Niederrhein
"Gütersloh, Stadt",100479,8.375587,51.907302,112.02,Teutoburger Wald
"Kaiserslautern, Stadt",100426,7.768864,49.445456,139.7,Pfalz
"Hildesheim, Stadt",98510,9.948181,52.150623,92.29,Hannover-Hildesheim
"Schwerin, Landeshauptstadt",98308,11.414434,53.628545,130.52,Westmecklenburg
"Hanau, Brüder-Grimm-Stadt",97956,8.915189,50.135573,76.28,Spessart-Kinzigtal-Vogelsberg
"Flensburg, Stadt",96326,9.43751,54.78252,56.73,Ostsee
"Esslingen am Neckar, Stadt",96182,9.309565,48.741347,46.43,Region Stuttgart
"Gera, Stadt",95608,12.080429,50.876147,152.18,Thüringer Vogtland
"Cottbus/Chóśebuz, Stadt",95123,14.335117,51.759345,165.61,Spreewald
"Düren, Stadt",94568,6.482964,50.801678,85.01,Eifel und Region Aachen
"Ludwigsburg, Stadt",92858,9.190393,48.896233,43.34,Region Stuttgart
"Tübingen, Universitätsstadt",92322,9.054572,48.520863,108.07,Schwäbische Alb
"Iserlohn, Stadt",91811,7.699212,51.374541,125.49,Sauerland
"Witten, Stadt",91808,7.337177,51.438718,72.4,Ruhrgebiet
"Villingen-Schwenningen, Stadt",89756,8.459649,48.058255,165.53,Mittlerer Schwarzwald
"Ratingen, Stadt",89368,6.849646,51.297037,88.74,Düsseldorf und Kreis Mettmann
"Gießen, Universitätsstadt",89179,8.674877,50.586195,72.61,Lahn-Dill
"Zwickau, Stadt, Hochschulstadt",87410,12.495641,50.718556,102.58,Chemnitz Zwickau Region
"Konstanz, Universitätsstadt",86919,9.175957,47.662757,54.12,Bodensee
"Marl, Stadt",86766,7.101811,51.658211,87.76,Ruhrgebiet
"Worms, Stadt",86753,8.361704,49.629828,108.73,Rheinhessen
"Lünen, Stadt",86163,7.523533,51.614327,59.39,Ruhrgebiet
"Minden, Stadt",84013,8.914559,52.288271,101.12,Teutoburger Wald
"Norderstedt, Stadt",82844,9.996943,53.706115,58.1,übrig. Schleswig-Holstein
"Velbert, Stadt",82463,7.041629,51.340048,74.9,Düsseldorf und Kreis Mettmann
"Delmenhorst, Stadt",81406,8.630108,53.049883,62.45,Oldenburger Land
"Neumünster, Stadt",79809,9.988422,54.069895,71.66,übrig. Schleswig-Holstein
"Viersen, Stadt",78373,6.389226,51.256856,91.1,Niederrhein
"Rheine, Stadt",77209,7.438651,52.279214,145.0,Münsterland
Bamberg,77150,10.886786,49.893387,54.62,Steigerwald
"Troisdorf, Stadt",75901,7.162309,50.812544,62.0,Bonn und Rhein-Sieg-Kreis
"Wilhelmshaven, Stadt",75745,8.111156,53.520302,107.11,Nordseeküste
"Gladbeck, Stadt",75499,6.992723,51.573424,35.97,Ruhrgebiet
"Dessau-Roßlau, Stadt",75402,12.245715,51.834703,245.78,Anhalt-Wittenberg
"Dorsten, Stadt",75277,6.964689,51.660837,171.2,Ruhrgebiet
"Arnsberg, Stadt",74879,8.064801,51.395795,193.72,Sauerland
"Lüneburg, Hansestadt",74785,10.408793,53.249157,70.5,Lüneburger Heide
"Detmold, Stadt",74278,8.878641,51.935357,129.39,Teutoburger Wald
"Brandenburg an der Havel, Stadt",74113,12.563364,52.408651,229.73,Havelland
"Marburg, Universitätsstadt",73544,8.769147,50.809004,123.91,Marburg-Biedenkopf
"Castrop-Rauxel, Stadt",73282,7.310311,51.548997,51.68,Ruhrgebiet
"Bocholt, Stadt",73257,6.61564,51.837931,119.41,Münsterland
Aschaffenburg,73091,9.147832,49.973506,62.45,Spessart-Mainland
Bayreuth,72940,11.575301,49.943752,66.89,Fichtelgebirge
Landshut,71863,12.152143,48.536978,65.83,Bayerisches Thermenland
"Lüdenscheid, Stadt",71212,7.63358,51.21582,87.02,Sauerland
"Lippstadt, Stadt",68739,8.346206,51.674054,113.68,Sauerland
Kempten (Allgäu),67645,10.317823,47.724016,63.28,Allgäu
"Aalen, Stadt",67621,10.092337,48.835057,146.58,Schwäbische Alb
"Herford, Hansestadt",67503,8.673516,52.115598,79.15,Teutoburger Wald
"Neuwied, Stadt",67083,7.459692,50.429018,86.5,Mittelrheintal
"Dinslaken, Stadt",66993,6.734967,51.562266,47.66,Niederrhein
"Celle, Stadt",66834,10.08067,52.626307,176.02,Lüneburger Heide
"Kerpen, Kolpingstadt",66585,6.694948,50.869982,113.96,Köln und Rhein-Erft-Kreis
"Grevenbroich, Stadt",65983,6.583331,51.091192,102.52,Niederrhein
"Weimar, Stadt",65954,11.329741,50.980761,84.47,Weimar
"Rüsselsheim am Main, Stadt",65627,8.411404,49.994936,58.29,Odenwald-Bergstrasse-Neckartal
"Plauen, Stadt, Hochschulstadt",65599,12.135285,50.496039,102.11,Vogtland
"Fulda, Stadt",65434,9.675061,50.55323,104.05,Rhön
Rosenheim,65274,12.128932,47.856358,37.22,Chiemsee-Alpenland
"Schwäbisch Gmünd, Stadt",64416,9.796508,48.802384,113.81,Schwäbische Alb
"Dormagen, Stadt",63799,6.841963,51.093432,85.5,Niederrhein
"Offenburg, Stadt",62993,7.944214,48.469474,78.37,Mittlerer Schwarzwald
"Friedrichshafen, Stadt",62796,9.479614,47.652205,69.93,Bodensee
"Neu-Ulm, GKSt",62641,9.998683,48.392999,80.95,Bayerisch-Schwaben
"Hürth, Stadt",62160,6.856696,50.874348,51.22,Köln und Rhein-Erft-Kreis
"Bergheim, Stadt",61611,6.640252,50.955113,96.34,Köln und Rhein-Erft-Kreis
"Sindelfingen, Stadt",61422,9.002211,48.709831,50.83,Region Stuttgart
"Herten, Stadt",60941,7.140236,51.59465,37.33,Ruhrgebiet
"Wesel, Stadt",60785,6.617306,51.65733,122.56,Niederrhein
"Neubrandenburg, Vier-Tore-Stadt",60344,13.25996,53.557345,86.12,Mecklenburgische Schweiz und Seenplatte
"Euskirchen, Stadt",60021,6.786098,50.660933,139.49,Eifel und Region Aachen
"Langenfeld (Rheinland), Stadt",59975,6.948927,51.107416,41.15,Düsseldorf und Kreis Mettmann
"Garbsen, Stadt",59903,9.600191,52.426344,79.49,Hannover-Hildesheim
"Göppingen, Stadt",58937,9.653964,48.703267,59.21,Region Stuttgart
"Unna, Stadt",58333,7.689932,51.534878,88.56,Ruhrgebiet
"Hameln, Stadt",58244,9.356316,52.104402,102.53,Weserbergland
"Stolberg (Rhld.), Kupferstadt",57684,6.223585,50.776783,98.48,Eifel und Region Aachen
"Eschweiler, Stadt",57534,6.266781,50.817431,75.75,Eifel und Region Aachen
"Waiblingen, Stadt",57313,9.314525,48.83001,42.75,Region Stuttgart
"Frankfurt (Oder), Stadt",57107,14.551151,52.344651,147.85,Seenland Oder-Spree
"Meerbusch, Stadt",57078,6.688437,51.265845,64.4,Niederrhein
"Nordhorn, Stadt",56973,7.071263,52.435804,149.86,Grafschaft Bentheim-Emsland-Osnabrücker Land
"Baden-Baden, Stadt",56881,8.239951,48.761794,140.19,Nördlicher Schwarzwald
"Bad Homburg v. d. Höhe, Stadt",56688,8.61299,50.228406,51.14,Main und Taunus
"Sankt Augustin, Stadt",56521,7.185259,50.77333,34.22,Bonn und Rhein-Sieg-Kreis
"Lingen (Ems), Stadt",56498,7.316682,52.522295,176.19,Grafschaft Bentheim-Emsland-Osnabrücker Land
"Pulheim, Stadt",56150,6.800707,50.998416,72.15,Köln und Rhein-Erft-Kreis
"Greifswald, Universitäts- und Hansestadt",56092,13.379627,54.09581,50.81,Vorpommern
"Görlitz, Stadt, Hochschulstadt",55186,14.988035,51.155287,67.53,Oberlausitz/Niederschlesien
"Hilden, Stadt",55157,6.933705,51.168245,25.95,Düsseldorf und Kreis Mettmann
"Wetzlar, Stadt",54665,8.501069,50.554439,75.65,Lahn-Dill
Schweinfurt,54481,10.230301,50.045505,35.7,Fränkisches Weinland
"Bad Kreuznach, Stadt",54168,7.861839,49.844515,55.56,Naheland
"Langenhagen, Stadt",54142,9.734278,52.438469,71.97,Hannover-Hildesheim
"Stralsund, Hansestadt",54094,13.089973,54.313975,54.59,Vorpommern
"Bad Salzuflen, Stadt",53958,8.741876,52.084998,100.05,Teutoburger Wald
"Hattingen, Stadt",53044,7.184107,51.399035,71.67,Ruhrgebiet
Passau,53039,13.458449,48.572926,69.56,Bayerisches Thermenland
"Kleve, Stadt",53028,6.138858,51.787781,97.76,Niederrhein
"Neustadt an der Weinstraße, Stadt",52945,8.140755,49.351983,117.09,Pfalz
"Ahlen, Stadt",52666,7.889882,51.762985,123.13,Münsterland
"Wolfenbüttel, Stadt",52604,10.536202,52.163491,78.74,Braunschweiger Land
"Frechen, Stadt",52309,6.813419,50.908398,45.06,Köln und Rhein-Erft-Kreis
"Menden (Sauerland), Stadt",52255,7.795344,51.439281,86.1,Sauerland
"Ibbenbüren, Stadt",51803,7.714734,52.275364,108.87,Münsterland
"Böblingen, Stadt",51483,9.009663,48.685296,39.04,Region Stuttgart
"Lörrach, Stadt",51349,7.659191,47.612096,39.37,Südlicher Schwarzwald
"Elmshorn, Stadt",51342,9.655259,53.754958,21.36,übrig. Schleswig-Holstein
"Gummersbach, Stadt",51290,7.568149,51.028326,95.41,Bergisches Land
"Peine, Stadt",50987,10.227076,52.321764,119.84,Braunschweiger Land
"Lahr/Schwarzwald, Stadt",50775,7.874292,48.339132,69.84,Mittlerer Schwarzwald
"Rastatt, Stadt",50741,8.202529,48.857703,58.98,Nördlicher Schwarzwald
"Ravensburg, Stadt",50628,9.615089,47.78366,92.05,Oberschwaben-Allgäu
"Bad Oeynhausen, Stadt",50620,8.805514,52.205258,64.83,Teutoburger Wald
"Heidenheim an der Brenz, Stadt",50618,10.154639,48.677736,107.09,Schwäbische Alb
"Gronau (Westf.), Stadt",50547,7.019103,52.212285,78.82,Münsterland
"Cuxhaven, Stadt",49697,8.69747,53.864463,161.93,Nordseeküste
"Speyer, Stadt",49564,8.436572,49.316172,42.71,Pfalz
"Leonberg, Stadt",49480,9.016776,48.800497,48.73,Region Stuttgart
"Willich, Stadt",49413,6.547787,51.262051,67.8,Niederrhein
"Emden, Stadt",49202,7.205946,53.370558,112.34,Nordseeküste
"Bergkamen, Stadt",49143,7.643344,51.615888,44.9,Ruhrgebiet
"Oranienburg, Stadt",49122,13.236623,52.754051,163.69,Ruppiner Seenland
Straubing,49002,12.56951,48.881802,67.59,Bayerisches Thermenland
"Freising, GKSt",48928,11.748361,48.403627,88.59,Münchener Umland
"Alsdorf, Stadt",48810,6.161607,50.874052,31.68,Eifel und Region Aachen
"Erftstadt, Stadt",48772,6.811853,50.812197,119.89,Köln und Rhein-Erft-Kreis
"Stade, Hansestadt",48633,9.475977,53.601302,110.07,Unterelbe-Unterweser
"Herzogenrath, Stadt",48574,6.089184,50.865711,33.38,Eifel und Region Aachen
"Landau in der Pfalz, Stadt",48209,8.112414,49.196595,82.94,Pfalz
"Bornheim, Stadt",48203,6.990342,50.762547,82.69,Bonn und Rhein-Sieg-Kreis
"Hennef (Sieg), Stadt",48188,7.282575,50.775911,105.89,Bonn und Rhein-Sieg-Kreis
"Frankenthal (Pfalz), Stadt",48140,8.354282,49.535556,43.88,Pfalz
"Rheda-Wiedenbrück, Stadt",48030,8.293327,51.855343,86.72,Teutoburger Wald
"Dülmen, Stadt",47989,7.279146,51.828537,184.83,Münsterland
"Bruchsal, Stadt",47784,8.5977,49.125785,93.04,Nördliches Baden-Württemberg
"Soest, Stadt",47776,8.106308,51.572543,85.81,Sauerland
"Singen (Hohentwiel), Stadt",47621,8.835117,47.759711,61.77,Hegau
"Goslar, Stadt",47419,10.429312,51.906508,163.88,Harz
"Neunkirchen, Kreisstadt",47344,7.178148,49.345482,75.26,Übriges Saarland
"Dachau, GKSt",47138,11.437493,48.263327,34.96,Münchener Umland
"Fellbach, Stadt",47120,9.278375,48.80685,27.71,Region Stuttgart
"Albstadt, Stadt",46950,9.026328,48.214156,134.4,Schwäbische Alb
Hof,46778,11.913545,50.316521,58.02,Fichtelgebirge
"Oberursel (Taunus), Stadt",46736,8.582282,50.200588,45.34,Main und Taunus
"Melle, Stadt",46436,8.335672,52.201721,253.95,Grafschaft Bentheim-Emsland-Osnabrücker Land
"Gotha, Stadt",46400,10.70337,50.948759,69.58,Welterberegion Wartburg-Hainich
"Bünde, Stadt",46365,8.58371,52.197547,59.3,Teutoburger Wald
"Filderstadt, Stadt",46243,9.21973,48.67876,38.55,Region Stuttgart
Kaufbeuren,46193,10.620583,47.879698,40.02,Allgäu
"Weinheim, Stadt",45852,8.670732,49.550558,58.11,Nördliches Baden-Württemberg
"Schwerte, Hansestadt an der Ruhr",45821,7.568982,51.441141,56.23,Ruhrgebiet
"Falkensee, Stadt",45720,13.095729,52.562932,43.34,Havelland
"Rottenburg am Neckar, Stadt",45677,8.936507,48.479475,142.27,Schwäbische Alb
"Brühl, Stadt",45555,6.902458,50.82949,36.12,Köln und Rhein-Erft-Kreis
"Erkelenz, Stadt",45315,6.314104,51.078671,117.34,Niederrhein
"Rodgau, Stadt",45277,8.88533,50.024355,65.04,Main und Taunus
"Wittenberg, Lutherstadt",45249,12.645554,51.867003,241.77,Anhalt-Wittenberg
"Pinneberg, Stadt",44865,9.796428,53.661209,21.54,übrig. Schleswig-Holstein
"Neustadt am Rübenberge, Stadt",44668,9.457529,52.504751,358.96,Hannover-Hildesheim
"Bernau bei Berlin, Stadt",44597,13.587912,52.678368,104.21,Barnimer Land
"Lehrte, Stadt",44255,9.976958,52.372615,127.67,Hannover-Hildesheim
Memmingen,44192,10.181558,47.984959,70.11,Allgäu
Seevetal,44158,10.034869,53.377707,105.33,Lüneburger Heide
"Erkrath, Fundort des Neanderthalers, Stadt",43706,6.913114,51.218566,26.88,Düsseldorf und Kreis Mettmann
"Monheim am Rhein, Stadt",43630,6.884614,51.091702,23.05,Düsseldorf und Kreis Mettmann
"Bietigheim-Bissingen, Stadt",43556,9.132652,48.948358,31.29,Region Stuttgart
"Homburg, Kreisstadt",43382,7.342736,49.323778,82.61,Übriges Saarland
"Wismar, Hansestadt",43329,11.466024,53.891577,41.84,Mecklenburgische Ostseeküste
"Kaarst, Stadt",43295,6.614471,51.231804,37.39,Niederrhein
"Heinsberg, Stadt",43163,6.094538,51.061906,92.21,Niederrhein
"Borken, Stadt",43035,6.858415,51.843222,153.24,Münsterland
"Gifhorn, Stadt",42726,10.54687,52.484369,105.4,Lüneburger Heide
"Aurich, Stadt",42612,7.482377,53.469895,197.29,Ostfriesland
"Schwäbisch Hall, Stadt",42598,9.735145,49.112856,104.19,Nördliches Baden-Württemberg
Amberg,42553,11.856142,49.445278,50.14,Bayerischer Jura
"Siegburg, Stadt",42445,7.2049,50.796665,23.66,Bonn und Rhein-Sieg-Kreis
Weiden i.d.OPf.,42444,12.160209,49.676076,70.57,Oberpfälzer Wald
"Kamen, Stadt",42319,7.662404,51.592335,40.95,Ruhrgebiet
"Kirchheim unter Teck, Stadt",42299,9.453784,48.646093,40.47,Region Stuttgart
"Nettetal, Stadt",41955,6.275553,51.30812,83.87,Niederrhein
"Laatzen, Stadt",41838,9.788174,52.314795,34.16,Hannover-Hildesheim
"Buchholz in der Nordheide, Stadt",41737,9.881469,53.329257,74.76,Lüneburger Heide
"Dreieich, Stadt",41692,8.69546,50.017689,53.27,Main und Taunus
"Schorndorf, Stadt",41647,9.528152,48.805051,56.83,Region Stuttgart
"Freiberg, Stadt, Universitätsstadt",41519,13.344344,50.914868,48.31,Erzgebirge
"Eberswalde, Stadt",41481,13.820369,52.834577,93.63,Barnimer Land
"Wunstorf, Stadt",41211,9.424195,52.425436,125.74,Hannover-Hildesheim
"Hückelhoven, Stadt",41192,6.226269,51.05634,61.27,Niederrhein
"Leinfelden-Echterdingen, Stadt",41185,9.138976,48.693719,29.89,Region Stuttgart
"Bensheim, Stadt",41124,8.622171,49.680002,57.83,Odenwald-Bergstrasse-Neckartal
"Neumarkt i.d.OPf., GKSt",41103,11.45894,49.279417,79.01,Bayerischer Jura
Coburg,41064,10.964232,50.258421,48.29,Coburg.Rennsteig
"Völklingen, Stadt",40952,6.85431,49.249592,67.1,Übriges Saarland
"Germering, GKSt",40916,11.364874,48.130916,21.61,Münchener Umland
"Buxtehude, Hansestadt",40886,9.698611,53.475851,76.69,Unterelbe-Unterweser
Schwabach,40835,11.024451,49.328888,40.8,Städteregion Nürnberg
"Löhne, Stadt",40826,8.688425,52.189912,59.51,Teutoburger Wald
"Nürtingen, Stadt",40773,9.343281,48.625847,46.88,Region Stuttgart
"Nordhausen, Stadt",40767,10.791619,51.500441,108.24,Südharz-Kyffhäuser
"Eisenach, Stadt",40747,10.322388,50.977287,104.17,Welterberegion Wartburg-Hainich
Ansbach,40742,10.577254,49.303682,99.91,Romantisches Franken - vom Naturpark Frankenhöhe zur Romantischen Straße
"Königswinter, Stadt",40574,7.191597,50.676869,76.2,Bonn und Rhein-Sieg-Kreis
"Ahaus, Stadt",40176,7.005037,52.076104,151.24,Münsterland
"Würselen, Stadt",40145,6.13022,50.821466,34.39,Eifel und Region Aachen
"Pirna, Stadt",40128,13.938938,50.960723,53.06,Sächsische Schweiz
"Lemgo, Stadt",39905,8.900886,52.027912,100.85,Teutoburger Wald
"Ostfildern, Stadt",39778,9.301248,48.712327,22.81,Region Stuttgart
"Pirmasens, Stadt",39761,7.606009,49.19945,61.35,Pfalz
"Kehl, Stadt",39584,7.813177,48.572447,75.07,Mittlerer Schwarzwald
"Mettmann, Stadt",39542,6.978743,51.251915,42.56,Düsseldorf und Kreis Mettmann
"Königs Wusterhausen, Stadt",39360,13.624464,52.299444,96.04,Dahme-Seenland
"Freital, Stadt",39281,13.64812,50.997194,40.46,Elbland
"Hofheim am Taunus, Kreisstadt",39259,8.446053,50.088576,57.43,Main und Taunus
"Maintal, Stadt",38987,8.843408,50.139416,32.41,Spessart-Kinzigtal-Vogelsberg
"Ilmenau, Stadt",38834,10.915563,50.688839,198.69,Thüringer Wald
"Backnang, Stadt",38818,9.424452,48.94691,39.38,Region Stuttgart
"Langen (Hessen), Stadt",38785,8.679424,49.989495,29.12,Main und Taunus
"Ettlingen, Stadt",38578,8.405904,48.942,56.75,Nördlicher Schwarzwald
"Niederkassel, Stadt",38485,7.037503,50.811921,35.79,Bonn und Rhein-Sieg-Kreis
"Coesfeld, Stadt",38237,7.166744,51.944948,141.36,Münsterland
"Kamp-Lintfort, Stadt",38217,6.551987,51.500067,63.14,Niederrhein
"Greven, Stadt",38212,7.613202,52.092652,140.26,Münsterland
"Haltern am See, Stadt",38142,7.187214,51.743737,159.03,Ruhrgebiet
"Wesseling, Stadt",38106,6.979971,50.824083,23.37,Köln und Rhein-Erft-Kreis
"Weißenfels, Stadt",37929,11.966732,51.200338,113.96,"Halle, Saale, Unstrut"
"Neu-Isenburg, Hugenotten- und Waldenserstadt",37926,8.6953,50.054636,24.29,Main und Taunus
"Halberstadt, Stadt",37898,11.04731,51.896112,143.27,Harz und Harzvorland
"Stendal, Hansestadt",37850,11.858833,52.605755,269.24,Altmark
"Warendorf, Stadt",37703,7.988499,51.950713,176.88,Münsterland
"Saarlouis, Kreisstadt",37667,6.75122,49.31506,43.3,Übriges Saarland
"Bautzen / Budyšin, Stadt, Hochschulstadt / Wysokošulske město",37566,14.427688,51.180868,66.66,Oberlausitz/Niederschlesien
"Fürstenfeldbruck, GKSt",37420,11.253092,48.182775,32.52,Münchener Umland
"Papenburg, Stadt",37206,7.393067,53.078104,118.44,Grafschaft Bentheim-Emsland-Osnabrücker Land
"Erding, GKSt",37171,11.907169,48.306323,54.61,Münchener Umland
"Beckum, Stadt",37133,8.042672,51.75574,111.46,Münsterland
"Tuttlingen, Stadt",37109,8.818761,47.983725,90.45,Schwäbische Alb
"Sinsheim, Stadt",37036,8.878701,49.252996,126.99,Nördliches Baden-Württemberg
"Winsen (Luhe), Stadt",36961,10.209159,53.362425,109.77,Lüneburger Heide
"Meppen, Stadt",36930,7.291674,52.690751,188.4,Grafschaft Bentheim-Emsland-Osnabrücker Land
"Bitterfeld-Wolfen, Stadt",36592,12.325417,51.625079,87.23,Anhalt-Wittenberg
"Cloppenburg, Stadt",36565,8.042518,52.848368,70.86,Oldenburger Münsterland
"Porta Westfalica, Stadt",36521,8.914539,52.22962,105.22,Teutoburger Wald
"Mühlhausen/Thüringen, Stadt",36353,10.458418,51.209777,151.03,Welterberegion Wartburg-Hainich
"Emsdetten, Stadt",36159,7.527511,52.172195,72.06,Münsterland
"Bad Vilbel, Stadt",35961,8.741149,50.180878,25.68,Vogelsberg und Wetterau
"Limburg a. d. Lahn, Kreisstadt",35938,8.064098,50.387254,45.16,Westerwald-Lahn-Taunus
"Crailsheim, Stadt",35755,10.071139,49.135752,109.08,Nördliches Baden-Württemberg
"Voerde (Niederrhein), Stadt",35661,6.684584,51.595497,53.49,Niederrhein
"Balingen, Stadt",35623,8.851588,48.274036,90.32,Schwäbische Alb
"Dietzenbach, Kreisstadt",35561,8.781779,50.008939,21.68,Main und Taunus
"Datteln, Stadt",35473,7.342615,51.653082,66.1,Ruhrgebiet
"St. Ingbert, Stadt",35453,7.115276,49.27897,49.95,Übriges Saarland
"Lage, Stadt",35054,8.79254,51.991233,76.04,Teutoburger Wald
"Deggendorf, GKSt",35044,12.960122,48.842204,77.14,Bayerischer Wald
"Ingelheim am Rhein, Stadt",35016,8.056342,49.974439,73.31,Rheinhessen
"Hemer, Stadt",35005,7.765233,51.385395,67.66,Sauerland
"Geldern, Stadt",34962,6.323569,51.517533,96.97,Niederrhein
"Wedel, Stadt",34912,9.697314,53.583806,33.81,übrig. Schleswig-Holstein
"Goch, Stadt",34907,6.158868,51.674645,115.43,Niederrhein
"Jülich, Stadt",34890,6.357721,50.922697,90.39,Eifel und Region Aachen
"Steinfurt, Stadt",34860,7.395195,52.125169,111.67,Münsterland
"Suhl, Stadt",34685,10.691867,50.609218,141.62,Thüringer Wald
"Rheinfelden (Baden), Stadt",34674,7.78365,47.561128,62.84,Südlicher Schwarzwald
"Korschenbroich, Stadt",34600,6.515709,51.190965,55.26,Niederrhein
"Biberach an der Riß, Stadt",34576,9.79203,48.097465,72.15,Oberschwaben-Allgäu
"Ahrensburg, Stadt",34534,10.239705,53.67575,35.29,übrig. Schleswig-Holstein
"Viernheim, Stadt",34426,8.581954,49.537068,48.41,Odenwald-Bergstrasse-Neckartal
"Merseburg, Stadt",34392,11.992794,51.3571,53.87,"Halle, Saale, Unstrut"
"Wermelskirchen, Stadt",34375,7.216722,51.140138,74.8,Bergisches Land
"Seelze, Stadt",34364,9.589384,52.396951,54.08,Hannover-Hildesheim
"Herrenberg, Stadt",34192,8.867369,48.595705,65.7,Region Stuttgart
"Kempen, Stadt",34105,6.418755,51.364493,68.8,Niederrhein
"Leer (Ostfriesland), Stadt",34025,7.451416,53.22947,70.11,Ostfriesland
"Kornwestheim, Stadt",33980,9.18586,48.86536,14.65,Region Stuttgart
"Barsinghausen, Stadt",33941,9.465004,52.301868,102.81,Hannover-Hildesheim
Stuhr,33913,8.750247,53.028414,81.84,Mittelweser
"Schwedt/Oder, Stadt",33730,14.287861,53.055494,360.74,Uckermark
"Vechta, Stadt",33728,8.284656,52.726848,87.89,Oldenburger Münsterland
"Geesthacht, Stadt",33519,10.371733,53.433112,33.25,übrig. Schleswig-Holstein
"Zweibrücken, Stadt",33323,7.363114,49.249189,70.64,Pfalz
"Forchheim, GKSt",33017,11.0594,49.720292,44.44,Fränkische Schweiz
"Radebeul, Stadt",32979,13.677311,51.101437,26.18,Elbland
"Bad Nauheim, Stadt",32894,8.734962,50.363379,32.54,Vogelsberg und Wetterau
"Achim, Stadt",32870,9.033031,53.01301,68.06,Mittelweser
"Uelzen, Hansestadt",32821,10.560601,52.96495,136.83,Lüneburger Heide
"Itzehoe, Stadt",32725,9.512178,53.926549,28.54,übrig. Schleswig-Holstein
"Nienburg (Weser), Stadt",32608,9.211648,52.640859,64.53,Mittelweser
"Lampertheim, Stadt",32400,8.46255,49.595788,72.27,Odenwald-Bergstrasse-Neckartal
"Weil am Rhein, Stadt",32236,7.629579,47.594284,19.46,Südlicher Schwarzwald
"Wernigerode, Stadt",32167,10.7843,51.834471,170.5,Harz und Harzvorland
"Delbrück, Stadt",32166,8.562506,51.76505,157.28,Teutoburger Wald
"Fürstenwalde/Spree, Stadt",32002,14.064713,52.35966,70.67,Seenland Oder-Spree
"Neuruppin, Stadt",31962,12.806498,52.923365,305.19,Ruppiner Seenland
"Naumburg (Saale), Stadt",31940,11.809386,51.152814,130.25,"Halle, Saale, Unstrut"
"Emmerich am Rhein, Stadt",31829,6.242771,51.831485,80.4,Niederrhein
"Radolfzell am Bodensee, Stadt",31734,8.968663,47.739107,58.55,Bodensee
"Merzig, Kreisstadt",31697,6.64256,49.44354,108.98,Nordsaarland
"Mörfelden-Walldorf, Stadt",31638,8.567855,49.975563,44.13,Odenwald-Bergstrasse-Neckartal
Ganderkesee,31494,8.547501,53.034068,138.44,Oldenburger Land
"Oer-Erkenschwick, Stadt",31404,7.260829,51.639877,38.66,Ruhrgebiet
"Georgsmarienhütte, Stadt",31244,8.03415,52.206154,55.49,Grafschaft Bentheim-Emsland-Osnabrücker Land
"Rheinberg, Stadt",31172,6.602755,51.545023,75.24,Niederrhein
"Geestland, Stadt",31093,8.594252,53.608072,356.56,Nordseeküste
"Altenburg, Stadt",31093,12.437252,50.987195,45.69,Altenburger Land
"Burgdorf, Stadt",31051,10.008766,52.446741,112.56,Hannover-Hildesheim
"Walsrode, Stadt",31019,9.59609,52.861848,336.45,Lüneburger Heide
"Bernburg (Saale), Stadt",30992,11.737192,51.794389,113.91,"Magdeburg, Elbe-Börde-Heide"
"Lohmar, Stadt",30992,7.209401,50.839775,65.62,Bonn und Rhein-Sieg-Kreis
Weyhe,30975,8.840023,52.981355,60.36,Mittelweser
"Kreuztal, Stadt",30905,7.988096,50.961831,71.07,Siegerland-Wittgenstein
"Bad Hersfeld, Kreisstadt",30846,9.706008,50.867805,73.87,Waldhessen (Hersfeld-Rotenburg)
"Hoyerswerda / Wojerecy, Stadt",30759,14.244028,51.438944,94.99,Oberlausitz/Niederschlesien
"Rendsburg, Stadt",30633,9.663206,54.306495,23.75,übrig. Schleswig-Holstein
"Schönebeck (Elbe), Stadt",30419,11.738061,52.02049,86.52,"Magdeburg, Elbe-Börde-Heide"
"Friedberg (Hessen), Kreisstadt",30409,8.754091,50.33776,50.18,Vogelsberg und Wetterau
"Bretten, Stadt",30274,8.707641,49.036665,71.1,Nördliches Baden-Württemberg
"Werne, Stadt",30202,7.635119,51.663179,76.14,Ruhrgebiet
"Idar-Oberstein, Stadt",30170,7.312126,49.713356,91.58,Naheland
"Taunusstein, Stadt",30145,8.159175,50.143382,67.02,Rheingau-Taunus
"Neuburg a.d.Donau, GKSt",30135,11.177543,48.736677,81.29,Oberbayerns Städte
"Oelde, Stadt",30129,8.146074,51.827467,102.77,Münsterland
"Haan, Stadt",30086,7.010639,51.192305,24.19,Düsseldorf und Kreis Mettmann
"Rietberg, Stadt",30055,8.427337,51.808062,110.31,Teutoburger Wald
"Andernach, Stadt",30039,7.398566,50.439583,53.34,Mittelrheintal
"Gevelsberg, Stadt",30006,7.337464,51.324271,26.34,Ruhrgebiet
"Friedberg, St",29953,10.98469,48.353917,81.25,Bayerisch-Schwaben
"Schwandorf, GKSt",29877,12.108976,49.327638,123.8,Oberpfälzer Wald
"Winnenden, Stadt",29876,9.396202,48.877185,28.05,Region Stuttgart
Wedemark,29803,9.733449,52.545682,174.27,Hannover-Hildesheim
"Einbeck, Stadt",29751,9.86606,51.816626,231.92,Weserbergland
"Osterholz-Scharmbeck, Stadt",29710,8.782826,53.230402,147.17,Unterelbe-Unterweser
Bad Zwischenahn,29698,8.008329,53.180788,130.12,Ostfriesland
"Meschede, Kreis- und  Hochschulstadt",29615,8.285176,51.346881,218.52,Sauerland
"Werl, Stadt",29600,7.913783,51.553548,76.35,Sauerland
"Gaggenau, Stadt",29529,8.317525,48.807364,65.01,Nördlicher Schwarzwald
"Ludwigsfelde, Stadt",29514,13.262008,52.30004,109.98,Fläming
"Emmendingen, Stadt",29502,7.847625,48.122053,33.78,Südlicher Schwarzwald
"Ennepetal, Stadt der Kluterthöhle",29446,7.367678,51.297193,57.77,Ruhrgebiet
"Riesa, Stadt",29373,13.304633,51.30251,58.91,Elbland
"Griesheim, Stadt",29309,8.552637,49.859176,21.55,Odenwald-Bergstrasse-Neckartal
"Landsberg am Lech, GKSt",29257,10.877828,48.049514,57.9,Ammersee-Lech
"Tönisvorst, Stadt",29251,6.492628,51.320838,44.34,Niederrhein
"Baesweiler, Stadt",29206,6.181166,50.906664,27.84,Eifel und Region Aachen
"Mühlheim am Main, Stadt",29194,8.835525,50.122715,20.67,Main und Taunus
"Mechernich, Stadt",29187,6.653673,50.588604,136.48,Eifel und Region Aachen
"Waltrop, Stadt",29177,7.400687,51.622128,47.09,Ruhrgebiet
Blankenfelde-Mahlow,29129,13.411951,52.335583,55.17,Fläming
"Saalfeld/Saale, Stadt",29086,11.361357,50.647648,145.52,Thüringer Wald
"Güstrow, Barlachstadt",28959,12.175691,53.794458,71.09,Mecklenburgische Schweiz und Seenplatte
"Vaihingen an der Enz, Stadt",28798,8.960417,48.933224,73.4,Region Stuttgart
"Rödermark, Stadt",28753,8.827442,49.978893,29.99,Main und Taunus
"Meißen, Stadt",28753,13.468635,51.159993,30.92,Elbland
"Rösrath, Stadt",28709,7.181947,50.895438,38.8,Bergisches Land
"Springe, Stadt",28669,9.554961,52.208899,160.13,Hannover-Hildesheim
"Arnstadt, Stadt",28615,10.946529,50.8333,104.99,Thüringer Wald
"Bühl, Stadt",28608,8.136444,48.696265,73.18,Nördlicher Schwarzwald
"Geilenkirchen, Stadt",28494,6.119722,50.964538,83.16,Niederrhein
"Unterschleißheim, St",28482,11.577905,48.277306,14.93,Münchener Umland
"Hattersheim am Main, Stadt",28467,8.485929,50.07225,15.8,Main und Taunus
"Wangen im Allgäu, Stadt",28412,9.832354,47.685855,101.35,Oberschwaben-Allgäu
"Zeitz, Stadt",28328,12.134473,51.050371,87.74,"Halle, Saale, Unstrut"
Henstedt-Ulzburg,28325,9.980847,53.790485,39.46,übrig. Schleswig-Holstein
"Garmisch-Partenkirchen, M",28305,11.086118,47.492447,205.66,Zugspitz-Region
"Kevelaer, Stadt",28296,6.24718,51.58178,100.64,Niederrhein
"Reinbek, Stadt",28274,10.251748,53.509793,31.26,übrig. Schleswig-Holstein
"Bramsche, Stadt",28220,7.97915,52.406729,183.4,Grafschaft Bentheim-Emsland-Osnabrücker Land
"Kelkheim (Taunus), Stadt",28175,8.452115,50.133925,30.73,Main und Taunus
"Höxter, Stadt",28166,9.381623,51.775666,158.16,Teutoburger Wald
"Lohne (Oldenburg), Stadt",28089,8.238487,52.66558,91.11,Oldenburger Münsterland
"Wegberg, Stadt",28089,6.276829,51.140129,84.34,Niederrhein
"Leichlingen (Rheinland), Blütenstadt",28078,7.014244,51.106014,37.26,Bergisches Land
"Bad Neuenahr-Ahrweiler, Stadt",27961,7.120457,50.545218,63.25,Ahr
"Schwelm, Stadt",27953,7.29187,51.284,20.5,Ruhrgebiet
"Baunatal, Stadt",27929,9.415659,51.254184,38.27,Kassel- Land
"Königsbrunn, St",27879,10.889586,48.267499,18.48,Bayerisch-Schwaben
"Heppenheim (Bergstraße), Kreisstadt",27864,8.644017,49.641185,52.12,Odenwald-Bergstrasse-Neckartal
"Geislingen an der Steige, Stadt",27791,9.835836,48.623045,75.83,Region Stuttgart
"Ehingen (Donau), Stadt",27764,9.725211,48.283666,178.33,Schwäbische Alb
"Wiesloch, Stadt",27731,8.701276,49.293493,30.24,Nördliches Baden-Württemberg
"Strausberg, Stadt",27719,13.881977,52.579644,67.94,Seenland Oder-Spree
"Teltow, Stadt",27682,13.268496,52.400559,21.59,Fläming
"Sundern (Sauerland), Stadt",27654,8.005553,51.330125,193.27,Sauerland
"Grimma, Stadt",27529,12.72714,51.235476,218.23,Leipzig Region
"Northeim, Stadt",27326,10.000406,51.705681,145.85,Weserbergland
"Olching, St",27310,11.331193,48.209243,29.92,Münchener Umland
"Neukirchen-Vluyn, Stadt",27140,6.573385,51.447044,43.5,Niederrhein
"Verden (Aller), Stadt",27121,9.231105,52.923403,71.7,Mittelweser
"Weinstadt, Stadt",27074,9.385556,48.803451,31.71,Region Stuttgart
"Werder (Havel), Stadt",27065,12.934139,52.376456,117.12,Havelland
"Butzbach, Friedrich-Ludwig-Weidig-Stadt",27046,8.672123,50.433537,106.6,Vogelsberg und Wetterau
"Pfaffenhofen a.d.Ilm, St",26996,11.503851,48.529783,92.63,Oberbayerns Städte
"Rheinbach, Stadt",26918,6.947218,50.626425,69.72,Bonn und Rhein-Sieg-Kreis
"Hamminkeln, Stadt",26873,6.589158,51.730832,164.53,Niederrhein
"Leimen, Stadt",26873,8.688782,49.349054,20.64,Nördliches Baden-Württemberg
"Hohen Neuendorf, Stadt",26857,13.279528,52.671291,48.56,Ruppiner Seenland
"Lübbecke, Stadt",26815,8.617351,52.303439,65.04,Teutoburger Wald
"Mühlacker, Stadt",26787,8.8419,48.945605,54.32,Nördliches Baden-Württemberg
"Achern, Stadt",26733,8.074429,48.628851,65.24,Mittlerer Schwarzwald
"Hennigsdorf, Stadt",26677,13.209009,52.639059,31.48,Ruppiner Seenland
"Overath, Stadt",26663,7.282487,50.933092,68.88,Bergisches Land
"Kulmbach, GKSt",26625,11.455614,50.10807,92.77,Frankenwald
"Weiterstadt, Stadt",26583,8.588464,49.905719,34.4,Odenwald-Bergstrasse-Neckartal
Unterhaching,26507,11.617404,48.065859,10.37,Münchener Umland
"Neckarsulm, Stadt",26431,9.223944,49.190147,24.94,Nördliches Baden-Württemberg
"Schloß Holte-Stukenbrock, Stadt",26297,8.656299,51.912069,67.52,Teutoburger Wald
"Heiligenhaus, Stadt",26252,6.966531,51.326038,27.52,Düsseldorf und Kreis Mettmann
"Zirndorf, St",26243,10.956456,49.441541,28.79,Romantisches Franken - vom Naturpark Frankenhöhe zur Romantischen Straße
"Remseck am Neckar, Stadt",26188,9.279445,48.87067,22.82,Region Stuttgart
"Lauf a.d.Pegnitz, St",26106,11.278019,49.511562,59.86,Nürnberger Land
"Wetter (Ruhr), Stadt",26090,7.390737,51.383741,31.55,Ruhrgebiet
"Geretsried, St",25997,11.482265,47.856254,24.6,Tölzer Land
"Selm, Stadt",25969,7.468573,51.70035,60.41,Ruhrgebiet
"Delitzsch, Stadt",25895,12.333551,51.52333,85.92,Leipzig Region
"Nordenham, Stadt",25889,8.484084,53.484863,87.77,Nordseeküste
"Friedrichsdorf, Philipp-Reis-Stadt",25871,8.641683,50.256846,30.13,Main und Taunus
"Lindau (Bodensee), GKSt",25845,9.684376,47.546458,33.06,Allgäu
"Verl, Stadt",25762,8.508286,51.882118,71.37,Teutoburger Wald
"Waldkraiburg, St",25737,12.400382,48.208301,21.56,Inn-Salzach
"Idstein, Hochschulstadt",25736,8.270744,50.220898,79.76,Rheingau-Taunus
"Öhringen, Stadt",25673,9.501119,49.200104,67.79,Nördliches Baden-Württemberg
"Horb am Neckar, Stadt",25651,8.692721,48.445165,119.76,Nördlicher Schwarzwald
"Aschersleben, Stadt",25647,11.455041,51.756034,156.83,"Magdeburg, Elbe-Börde-Heide"
"Rinteln, Stadt",25602,9.079841,52.186989,109.02,Weserbergland
"Espelkamp, Stadt",25576,8.632644,52.377427,84.21,Teutoburger Wald
"Harsewinkel, Die Mähdrescherstadt",25523,8.227621,51.963062,100.59,Teutoburger Wald
"Roth, St",25458,11.090664,49.244523,96.33,Fränkisches Seenland
"St. Wendel, Kreisstadt",25441,7.173032,49.468359,113.54,Nordsaarland
"Salzkotten, Stadt",25429,8.604954,51.671701,109.8,Teutoburger Wald
"Brilon, Stadt",25424,8.568121,51.395499,229.16,Sauerland
"Pfungstadt, Stadt",25415,8.597771,49.801774,42.54,Odenwald-Bergstrasse-Neckartal
"Sangerhausen, Stadt",25392,11.298597,51.473662,208.46,Harz und Harzvorland
"Groß-Gerau, Stadt",25388,8.482423,49.92162,54.47,Odenwald-Bergstrasse-Neckartal
"Bingen am Rhein, Stadt",25384,7.895132,49.96663,37.68,Rheinhessen
"Schleswig, Stadt",25352,9.566657,54.514941,24.3,übrig. Schleswig-Holstein
"Petershagen, Stadt",25340,8.969816,52.378264,211.94,Teutoburger Wald
"Markkleeberg, Stadt",25331,12.374495,51.280005,31.47,Leipzig Region
"Bedburg, Stadt",25316,6.575238,50.994862,80.41,Köln und Rhein-Erft-Kreis
"Obertshausen, Stadt",25316,8.848662,50.072108,13.62,Main und Taunus
"Zittau, Stadt, Hochschulstadt",25286,14.806367,50.896384,66.75,Oberlausitz/Niederschlesien
"Syke, Stadt",25270,8.816336,52.914548,128.11,Mittelweser
"Lüdinghausen, Stadt",25265,7.444831,51.770109,140.54,Münsterland
"Stutensee, Stadt",25259,8.470789,49.063748,45.68,Nördliches Baden-Württemberg
"Norden, Stadt",25178,7.202462,53.59498,106.33,Nordseeküste
"Wiehl, Stadt",25164,7.547029,50.949871,53.26,Bergisches Land
"Helmstedt, Stadt",25099,11.010462,52.227571,66.74,Braunschweiger Land
"Rathenow, Stadt",25087,12.332831,52.60768,113.1,Havelland
"Bad Honnef, Stadt",25061,7.229126,50.643591,48.14,Bonn und Rhein-Sieg-Kreis
"Waldshut-Tiengen, Stadt",25019,8.271113,47.632439,77.96,Südlicher Schwarzwald
"Meiningen, Stadt",25002,10.415674,50.573947,123.03,Thüringer Rhön
"Ellwangen (Jagst), Stadt",25001,10.131979,48.962988,127.38,Schwäbische Alb
"Calw, Stadt",25001,8.741194,48.713372,59.88,Nördlicher Schwarzwald
"Warstein, Stadt",24988,8.353834,51.442787,158.05,Sauerland
"Rottweil, Stadt",24985,8.627337,48.167866,71.76,Mittlerer Schwarzwald
Vaterstetten,24981,11.777125,48.102498,34.08,Ebersberger Grünes Land
"Weingarten, Stadt",24940,9.640669,47.807399,12.16,Oberschwaben-Allgäu
"Meckenheim, Stadt",24925,7.022259,50.622043,34.84,Bonn und Rhein-Sieg-Kreis
"Rudolstadt, Stadt",24852,11.343567,50.721635,135.17,Thüringer Wald
"Bad Oldesloe, Stadt",24846,10.373196,53.810046,52.59,übrig. Schleswig-Holstein
"Schmallenberg, Stadt",24711,8.285496,51.153811,303.1,Sauerland
"Varel, Stadt",24704,8.135174,53.394916,113.75,Nordseeküste
"Eisenhüttenstadt, Stadt",24703,14.631279,52.145788,63.47,Seenland Oder-Spree
"Olpe, Stadt",24695,7.843584,51.02756,85.88,Sauerland
Wandlitz,24503,13.449752,52.752045,162.83,Barnimer Land
"Starnberg, St",24471,11.33837,47.996607,61.85,StarnbergAmmersee
"Freudenstadt, Stadt",24464,8.411368,48.463876,87.54,Nördlicher Schwarzwald
"Mosbach, Stadt",24459,9.146596,49.352037,62.16,Nördliches Baden-Württemberg
"Plettenberg, Stadt",24429,7.874142,51.212418,96.75,Sauerland
"Haren (Ems), Stadt",24365,7.241603,52.790258,208.79,Grafschaft Bentheim-Emsland-Osnabrücker Land
"Übach-Palenberg, Stadt",24277,6.118933,50.919252,26.09,Niederrhein
"Lennestadt, Stadt",24238,8.073677,51.103245,135.58,Sauerland
"Herzogenaurach, St",24237,10.883873,49.568566,47.62,Steigerwald
"Sprockhövel, Stadt",24232,7.244016,51.361402,47.94,Ruhrgebiet
"Leutkirch im Allgäu, Stadt",24226,10.024379,47.825064,174.97,Oberschwaben-Allgäu
"Köthen (Anhalt), Stadt",24110,11.973406,51.751224,77.85,Anhalt-Wittenberg
"Husum, Stadt",24090,9.051328,54.476434,25.8,Nordsee
Isernhagen,24074,9.846975,52.434232,59.85,Hannover-Hildesheim
"Bad Mergentheim, Stadt",24023,9.773085,49.490973,129.96,Nördliches Baden-Württemberg
"Westerstede, Stadt",23938,7.923336,53.25741,179.55,Ostfriesland
"Jüchen, Stadt",23926,6.503837,51.100795,71.77,Niederrhein
"Nagold, Stadt",23864,8.723706,48.550906,63.1,Nördlicher Schwarzwald
"Döbeln, Stadt",23819,13.121007,51.121669,91.75,Leipzig Region
"Ronnenberg, Stadt",23814,9.653235,52.319008,37.82,Hannover-Hildesheim
Alfter,23719,7.013472,50.736995,34.77,Bonn und Rhein-Sieg-Kreis
"Limbach-Oberfrohna, Stadt",23673,12.767069,50.858593,50.21,Chemnitz Zwickau Region
"Senden, St",23641,10.04419,48.323834,25.21,Bayerisch-Schwaben
"Attendorn, Hansestadt",23554,7.905217,51.125217,97.92,Sauerland
Neu Wulmstorf,23550,9.79559,53.462891,56.34,Lüneburger Heide
"Kaltenkirchen, Stadt",23502,9.959311,53.838257,23.11,übrig. Schleswig-Holstein
"Hann. Münden, Stadt",23478,9.654832,51.415826,121.17,Weserbergland
"Senftenberg/Zły Komorow, Stadt",23466,14.004312,51.518751,127.56,Lausitzer Seenland
"Sehnde, Stadt",23431,9.967173,52.310452,103.58,Hannover-Hildesheim
"Gersthofen, St",23427,10.87901,48.424752,34.01,Bayerisch-Schwaben
Moormerland,23365,7.485564,53.314314,122.14,Ostfriesland
"Gelnhausen, Barbarossastadt, Kreisstadt",23290,9.191488,50.203103,45.15,Spessart-Kinzigtal-Vogelsberg
"Weilheim i.OB, St",23279,11.144997,47.839999,55.5,Pfaffenwinkel
"Warburg, Hansestadt",23252,9.145955,51.488934,168.84,Teutoburger Wald
"Bad Kissingen, GKSt",23223,10.077888,50.200795,69.92,Rhön
"Staßfurt, Stadt",23181,11.584398,51.850762,147.18,"Magdeburg, Elbe-Börde-Heide"
"Metzingen, Stadt",23178,9.283998,48.536849,34.55,Schwäbische Alb
"Riedstadt, Büchnerstadt",23146,8.497909,49.835419,73.73,Odenwald-Bergstrasse-Neckartal
"Quedlinburg, Welterbestadt",23139,11.137136,51.790437,120.79,Harz und Harzvorland
"Rotenburg (Wümme), Stadt",23117,9.403666,53.110417,99.06,Lüneburger Heide
"Bad Soden am Taunus, Stadt",23103,8.5018,50.143796,12.5,Main und Taunus
"Vreden, Stadt",23099,6.824021,52.036087,135.83,Münsterland
"Netphen, Stadt",23080,8.098414,50.915322,137.39,Siegerland-Wittgenstein
"Dillenburg, Oranienstadt",22974,8.287324,50.739424,83.76,Lahn-Dill
"Salzwedel, Hansestadt",22964,11.153862,52.852801,306.15,Altmark
"Kitzingen, GKSt",22936,10.159239,49.736047,46.99,Fränkisches Weinland
"Neusäß, St",22904,10.831597,48.395449,25.22,Bayerisch-Schwaben
"Korbach, Hansestadt, Kreisstadt",22901,8.873194,51.27186,124.11,Waldecker Land
Rastede,22896,8.198294,53.247323,123.61,Ostfriesland
"Haar, St",22878,11.728428,48.109938,12.9,Münchener Umland
"Wertheim, Stadt",22874,9.516823,49.759581,138.59,Nördliches Baden-Württemberg
"Sonneberg, Stadt",22843,11.175725,50.357569,84.69,Thüringer Wald
"Laupheim, Stadt",22839,9.883733,48.230018,61.79,Oberschwaben-Allgäu
Ottobrunn,22829,11.660837,48.065189,5.23,Münchener Umland
"Apolda, Stadt",22787,11.517678,51.025292,46.26,Weimarer Land
"Herdecke, Stadt",22772,7.430129,51.3994,22.39,Ruhrgebiet
"Überlingen, Stadt",22735,9.159266,47.768547,58.64,Bodensee
"Bad Rappenau, Stadt",22703,9.103117,49.240303,73.56,Nördliches Baden-Württemberg
"Friesoythe, Stadt",22685,7.859448,53.020613,247.5,Oldenburger Münsterland
"Ditzingen, Stadt",22666,9.068779,48.827632,30.38,Region Stuttgart
"Eppingen, Stadt",22666,8.909012,49.137701,88.58,Nördliches Baden-Württemberg
"Stadthagen, Stadt",22638,9.205815,52.323705,60.27,Weserbergland
Edewecht,22632,7.984159,53.128092,113.85,Ostfriesland
Wallenhorst,22614,8.015405,52.350532,47.17,Grafschaft Bentheim-Emsland-Osnabrücker Land
"Karben, Stadt",22600,8.773103,50.230102,43.94,Vogelsberg und Wetterau
"Burg, Stadt",22585,11.854736,52.269775,165.54,"Magdeburg, Elbe-Börde-Heide"
"Lengerich, Stadt",22557,7.85266,52.189765,90.79,Münsterland
"Bad Salzungen, Stadt",22557,10.232333,50.810471,152.02,Thüringer Rhön
"Quickborn, Stadt",22521,9.898034,53.728836,43.16,übrig. Schleswig-Holstein
"Soltau, Stadt",22511,9.837525,52.987347,203.77,Lüneburger Heide
"Eisleben, Lutherstadt",22505,11.545175,51.527265,144.74,Harz und Harzvorland
"Mühldorf a.Inn, St",22503,12.524963,48.241864,29.42,Inn-Salzach
"Waghäusel, Stadt",22466,8.514287,49.250734,42.84,Nördliches Baden-Württemberg
"Büdingen, Stadt",22411,9.114105,50.292506,122.88,Vogelsberg und Wetterau
"Eschborn, Stadt",22403,8.569823,50.143505,12.13,Main und Taunus
"Eislingen/Fils, Stadt",22325,9.707697,48.700842,16.41,Region Stuttgart
"Aichach, St",22015,11.129767,48.459481,92.83,Bayerisch-Schwaben
"Heide, Stadt",22002,9.091156,54.193962,31.97,übrig. Schleswig-Holstein
"Rees, Stadt",21913,6.39621,51.759506,109.86,Niederrhein
Gauting,21860,11.37745,48.069152,55.5,StarnbergAmmersee
"Gardelegen, Hansestadt",21822,11.394214,52.524469,636.27,Altmark
"Donaueschingen, Stadt",21790,8.497777,47.951414,104.69,Mittlerer Schwarzwald
"Zülpich, Stadt",21780,6.648155,50.691294,101.01,Eifel und Region Aachen
"Schwetzingen, Stadt",21767,8.574386,49.384642,21.5,Nördliches Baden-Württemberg
"Bad Krozingen, Stadt",21755,7.699949,47.916377,35.69,Südlicher Schwarzwald
"Mössingen, Stadt",21751,9.057746,48.405779,50.03,Schwäbische Alb
"Sonthofen, St",21734,10.281195,47.51239,46.55,Allgäu
"Germersheim, Stadt",21715,8.374177,49.21765,21.68,Pfalz
"Hockenheim, Stadt",21623,8.547437,49.318938,34.84,Nördliches Baden-Württemberg
Lindlar,21615,7.376293,51.019717,85.88,Bergisches Land
"Wipperfürth, Hansestadt",21604,7.398693,51.117041,118.3,Bergisches Land
"Osterode am Harz, Stadt",21598,10.248155,51.728407,102.54,Harz
"Büren, Stadt",21593,8.559696,51.554935,170.99,Teutoburger Wald
"Radevormwald, Stadt auf der Höhe",21565,7.355144,51.203463,53.86,Bergisches Land
"Eckernförde, Stadt",21563,9.837037,54.472791,21.58,Ostsee
"Dillingen/ Saar, Stadt",21529,6.726833,49.351599,22.05,Übriges Saarland
"Versmold, Stadt",21513,8.155495,52.040049,85.57,Teutoburger Wald
"Waldkirch, Stadt",21510,7.961225,48.093941,48.47,Südlicher Schwarzwald
Ilsede,21469,10.221491,52.263896,72.22,Braunschweiger Land
"Glauchau, Stadt",21442,12.542352,50.817863,51.62,Chemnitz Zwickau Region
"Stadtallendorf, Stadt",21425,9.016816,50.828131,78.24,Marburg-Biedenkopf
"Elsdorf, Stadt",21424,6.567973,50.936059,66.17,Köln und Rhein-Erft-Kreis
"Günzburg, GKSt",21423,10.281413,48.45447,55.4,Bayerisch-Schwaben
"Zossen, Stadt",21412,13.449172,52.21624,180.38,Fläming
Karlsfeld,21403,11.473188,48.222151,15.61,Münchener Umland
"Halle (Westf.), Stadt",21393,8.362,52.061011,69.7,Teutoburger Wald
"Schifferstadt, Stadt",21387,8.374595,49.385557,28.06,Pfalz
"Flörsheim am Main, Stadt",21344,8.430161,50.013676,22.99,Main und Taunus
"Seligenstadt, Einhardstadt",21298,8.972603,50.04432,30.85,Main und Taunus
"Rheinstetten, Stadt",21267,8.292901,48.959096,32.31,Nördlicher Schwarzwald
"Groß-Umstadt, Stadt",21245,8.926007,49.867962,86.84,Odenwald-Bergstrasse-Neckartal
"Xanten, Stadt",21179,6.453197,51.662258,72.43,Niederrhein
"Wildeshausen, Stadt",21155,8.431942,52.894686,89.7,Oldenburger Land
Panketal,21153,13.543257,52.654626,25.86,Barnimer Land
"Spremberg/Grodk, Stadt",21140,14.379761,51.571789,202.32,Lausitzer Seenland
Westoverledingen,21127,7.454007,53.166927,112.1,Ostfriesland
"Zerbst/Anhalt, Stadt",21124,12.085469,51.964039,470.91,Anhalt-Wittenberg
Neufahrn b.Freising,21061,11.66279,48.316081,45.54,Münchener Umland
"Luckenwalde, Stadt",21010,13.173009,52.089253,46.61,Fläming
"Schortens, Stadt",20995,7.948406,53.540474,68.79,Ostfriesland
"Stadtlohn, Stadt",20946,6.918003,51.992602,79.25,Münsterland
"Geseke, Stadt",20930,8.508216,51.640122,97.89,Sauerland
"Sondershausen, Stadt",20910,10.871992,51.368377,201.21,Südharz-Kyffhäuser
"Traunstein, GKSt",20877,12.647604,47.868787,48.57,Chiemsee-Chiemgau
"Puchheim, St",20858,11.343959,48.148172,12.24,Münchener Umland
Senden,20844,7.485434,51.857701,109.45,Münsterland
"Bad Waldsee, Stadt",20838,9.751276,47.92251,108.55,Oberschwaben-Allgäu
"Dingolfing, St",20749,12.500422,48.62752,44.0,Bayerisches Thermenland
"Wülfrath, Stadt",20731,7.033183,51.280989,32.27,Düsseldorf und Kreis Mettmann
"Enger, Widukindstadt",20688,8.559282,52.139237,41.24,Teutoburger Wald
"Schramberg, Stadt",20610,8.386187,48.225467,80.7,Mittlerer Schwarzwald
"Werdau, Stadt",20520,12.378671,50.736044,65.62,Chemnitz Zwickau Region
"Tettnang, Stadt",20520,9.589453,47.671477,71.25,Bodensee
"Bruchköbel, Stadt",20509,8.920577,50.178773,29.88,Spessart-Kinzigtal-Vogelsberg
"Fröndenberg/Ruhr, Stadt",20504,7.767252,51.473212,56.23,Ruhrgebiet
"Lichtenfels, St",20488,11.064046,50.146042,122.16,Obermain.Jura
"Coswig, Stadt",20479,13.580494,51.126777,25.84,Elbland
Wachtberg,20471,7.135098,50.625511,49.68,Bonn und Rhein-Sieg-Kreis
"Herborn, Stadt",20421,8.302982,50.682575,63.76,Lahn-Dill
Haßloch,20396,8.255791,49.363164,39.95,Pfalz
"Ochtrup, Stadt",20394,7.18865,52.208516,105.63,Münsterland
"Traunreut, St",20379,12.593399,47.961596,45.06,Chiemsee-Chiemgau
"Burgwedel, Stadt",20379,9.856492,52.49202,152.85,Hannover-Hildesheim
"Duderstadt, Stadt",20375,10.260897,51.511503,95.64,Harz
"Nördlingen, GKSt",20352,10.489272,48.85157,68.09,Bayerisch-Schwaben
"Schopfheim, Stadt",20332,7.822962,47.650141,67.93,Südlicher Schwarzwald
Steinhagen,20302,8.414975,52.006186,56.41,Teutoburger Wald
Neunkirchen-Seelscheid,20283,7.334361,50.841143,50.62,Bonn und Rhein-Sieg-Kreis
"Waren (Müritz), Stadt",20260,12.686242,53.513209,159.45,Mecklenburgische Schweiz und Seenplatte
Nottuln,20205,7.352893,51.928018,85.67,Münsterland
"Blieskastel, Stadt",20197,7.252923,49.23727,108.21,Bliesgau
"Neustrelitz, Residenzstadt",20191,13.062278,53.363118,139.89,Mecklenburgische Schweiz und Seenplatte
"Hörstel, Stadt",20166,7.587248,52.300221,107.54,Münsterland
Lilienthal,20166,8.90772,53.141292,72.53,Unterelbe-Unterweser
"Borna, Stadt",20131,12.49747,51.123285,62.45,Leipzig Region
"Nidderau, Stadt",20119,8.87606,50.220979,46.73,Spessart-Kinzigtal-Vogelsberg
"Müllheim im Markgräflerland, Stadt",20097,7.630871,47.808248,57.91,Südlicher Schwarzwald
"Telgte, Stadt",20069,7.784719,51.983637,90.9,Münsterland
Uetze,20064,10.202538,52.463947,140.85,Hannover-Hildesheim
Wilnsdorf,20039,8.103838,50.815392,72.04,Siegerland-Wittgenstein
"Wittmund, Stadt",20037,7.780018,53.575515,210.15,Nordseeküste
Kürten,20033,7.264225,51.051583,67.29,Bergisches Land
"Meinerzhagen, Stadt",20019,7.638497,51.107434,115.69,Sauerland
"Moosburg a.d.Isar, St",20012,11.935504,48.467702,43.85,Münchener Umland
"Torgau, Stadt",19992,13.004299,51.558563,102.82,Leipzig Region
"Donauwörth, GKSt",19990,10.777945,48.719139,77.04,Bayerisch-Schwaben
"Giengen an der Brenz, Stadt",19967,10.24167,48.623783,44.07,Schwäbische Alb
"Leinefelde-Worbis, Stadt",19957,10.321641,51.387677,115.79,Eichsfeld
"Bad Schwartau, Stadt",19954,10.695909,53.920431,18.39,übrig. Schleswig-Holstein
Schwanewede,19937,8.594113,53.225336,132.57,Unterelbe-Unterweser
"Schenefeld, Stadt",19909,9.822462,53.600982,9.99,übrig. Schleswig-Holstein
"Bad Friedrichshall, Stadt",19853,9.215882,49.229477,24.71,Nördliches Baden-Württemberg
"Oberkirch, Stadt",19847,8.077097,48.531805,69.1,Mittlerer Schwarzwald
"Ennigerloh, Stadt",19841,8.024092,51.835127,125.56,Münsterland
"Bad Tölz, St",19826,11.563912,47.759148,30.8,Tölzer Land
"Hechingen, Stadt",19807,8.962947,48.351487,66.41,Schwäbische Alb
"Dillingen a.d.Donau, GKSt",19806,10.496633,48.577159,75.59,Bayerisch-Schwaben
"Reichenbach im Vogtland, Stadt",19797,12.302996,50.621891,34.47,Vogtland
"Waldbröl, Stadt",19795,7.617394,50.876593,63.32,Bergisches Land
"Greiz, Stadt",19766,12.201545,50.654739,84.86,Thüringer Vogtland
"Pfullingen, Stadt",19759,9.226443,48.466279,30.14,Schwäbische Alb
Engelskirchen,19737,7.408515,50.988292,63.03,Bergisches Land
"Bad Pyrmont, Stadt",19722,9.263703,51.985333,61.99,Weserbergland
"Wassenberg, Stadt",19713,6.155749,51.099533,42.43,Niederrhein
"Mayen, Stadt",19713,7.222333,50.328707,58.19,Eifel
"Nauen, Stadt",19679,12.876378,52.607013,268.15,Havelland
"Rhede, Stadt",19674,6.696075,51.840781,78.9,Münsterland
Hiddenhausen,19669,8.616108,52.166041,23.87,Teutoburger Wald
"Wolfratshausen, St",19658,11.420767,47.912703,9.13,Tölzer Land
"Korntal-Münchingen, Stadt",19654,9.12377,48.826004,20.71,Region Stuttgart
"Mölln, Stadt",19627,10.691022,53.629521,25.05,übrig. Schleswig-Holstein
"Burghausen, St",19558,12.831282,48.168825,19.81,Inn-Salzach
"Marsberg, Stadt",19555,8.854984,51.459563,182.22,Sauerland
Windeck,19555,7.607759,50.800798,107.22,Bonn und Rhein-Sieg-Kreis
"Bad Harzburg, Stadt",19489,10.560048,51.880275,65.52,Harz
"Lebach, Stadt",19468,6.912464,49.410528,64.21,Übriges Saarland
"Alzey, Stadt",19468,8.112469,49.745225,35.22,Rheinhessen
Wenden,19415,7.873424,50.969338,72.56,Sauerland
"Sarstedt, Stadt",19405,9.855848,52.234449,43.0,Hannover-Hildesheim
"Sulzbach-Rosenberg, St",19379,11.756146,49.495802,53.12,Bayerischer Jura
Gröbenzell,19362,11.37188,48.1927,6.36,Münchener Umland
"Weil der Stadt, Stadt",19353,8.870105,48.751993,43.17,Region Stuttgart
"Schmalkalden, Stadt",19323,10.45159,50.722559,105.38,Thüringer Wald
"Heusenstamm, Stadt",19312,8.806283,50.059432,19.03,Main und Taunus
Kleinmachnow,19274,13.22825,52.410025,11.91,Fläming
"Burscheid, Stadt",19272,7.113704,51.085749,27.33,Bergisches Land
Neuenhagen bei Berlin,19225,13.688932,52.529791,19.61,Seenland Oder-Spree
"Bückeburg, Stadt",19221,9.050444,52.260372,68.9,Weserbergland
Eitorf,19172,7.449515,50.769915,69.9,Bonn und Rhein-Sieg-Kreis
"Bad Dürkheim, Stadt",19159,8.169191,49.460397,102.55,Pfalz
Schönefeld,19154,13.506629,52.387554,81.62,Dahme-Seenland
"Haldensleben, Stadt",19121,11.411083,52.291363,157.13,"Magdeburg, Elbe-Börde-Heide"
"Kolbermoor, St",19094,12.060928,47.85111,19.83,Chiemsee-Alpenland
"Bad Driburg, Stadt",19080,9.017025,51.736124,115.3,Teutoburger Wald
Gilching,19062,11.288194,48.104111,31.5,StarnbergAmmersee
"Wittlich, Stadt",19049,6.889134,49.98627,49.64,Eifel
"Schneverdingen, Stadt",19016,9.787463,53.118479,234.92,Lüneburger Heide
Weilerswist,18980,6.839629,50.755939,57.17,Eifel und Region Aachen
"Blankenburg (Harz), Stadt",18970,10.952601,51.791278,149.21,Harz und Harzvorland
"Hemmingen, Stadt",18932,9.747743,52.32069,31.73,Hannover-Hildesheim
"Prenzlau, Stadt",18928,13.861671,53.315519,142.96,Uckermark
"Holzminden, Stadt",18921,9.447159,51.828764,88.23,Weserbergland
"Schkeuditz, Stadt",18905,12.221712,51.396211,81.47,Leipzig Region
"Haiger, Stadt",18888,8.204719,50.742898,106.73,Lahn-Dill
"Aue-Bad Schlema, Stadt",18868,12.700986,50.585486,36.43,Erzgebirge
"Oschersleben (Bode), Stadt",18859,11.227157,52.026437,189.87,"Magdeburg, Elbe-Börde-Heide"
"Uetersen, Stadt",18827,9.662396,53.684196,11.43,übrig. Schleswig-Holstein
Schwalmtal,18826,6.273039,51.214603,48.11,Niederrhein
"Annaberg-Buchholz, Stadt",18815,13.003162,50.580572,28.15,Erzgebirge
Hohe Börde,18747,11.483142,52.166272,172.42,"Magdeburg, Elbe-Börde-Heide"
"Eschwege, Kreisstadt",18743,10.057981,51.185804,63.26,Werra-Meissner Land
"Lahnstein, Stadt",18719,7.607337,50.300468,37.62,Mittelrheintal
Reichshof,18688,7.693856,50.988215,114.66,Bergisches Land
"Radeberg, Stadt",18683,13.921969,51.116404,29.83,Oberlausitz/Niederschlesien
"Glinde, Stadt",18681,10.211314,53.540087,11.21,übrig. Schleswig-Holstein
"Kronberg im Taunus, Stadt",18671,8.510666,50.179718,18.58,Main und Taunus
"Seesen, Stadt",18657,10.176074,51.890957,102.33,Harz
"Sachsenheim, Stadt",18638,9.063337,48.959506,57.92,Region Stuttgart
"Bergneustadt, Stadt",18628,7.648337,51.021118,37.89,Bergisches Land
"Marktoberdorf, St",18617,10.618465,47.779483,95.15,Allgäu
Swisttal,18580,6.893733,50.666197,62.22,Bonn und Rhein-Sieg-Kreis
"Hessisch Oldendorf, Stadt",18567,9.252506,52.168347,120.32,Weserbergland
"Renningen, Stadt",18567,8.936373,48.765313,31.15,Region Stuttgart
"Bremervörde, Stadt",18564,9.146245,53.485106,150.42,Unterelbe-Unterweser
"Sömmerda, Stadt",18503,11.118975,51.159368,87.56,Welterberegion Wartburg-Hainich
"Bad Aibling, St",18497,12.010474,47.863583,41.4,Chiemsee-Alpenland
"Illertissen, St",18433,10.10286,48.222701,36.39,Bayerisch-Schwaben
Heusweiler,18427,6.928681,49.338578,40.01,Übriges Saarland
"Hochheim am Main, Stadt",18422,8.353313,50.01113,19.47,Main und Taunus
"Schwalmstadt, Konfirmationsstadt",18420,9.188384,50.912032,84.79,Kurhessisches Bergland
"Bad Berleburg, Stadt",18400,8.392854,51.049858,275.52,Siegerland-Wittgenstein
"Bad Segeberg, Stadt",18399,10.304193,53.937059,18.87,übrig. Schleswig-Holstein
"Gerlingen, Stadt",18392,9.062047,48.800587,17.01,Region Stuttgart
"Wörth am Rhein, Stadt",18387,8.268634,49.051938,131.62,Pfalz
Südbrookmerland,18368,7.357547,53.490698,96.82,Ostfriesland
"Püttlingen, Stadt",18361,6.884983,49.287743,23.95,Übriges Saarland
"Weißenburg i.Bay., GKSt",18345,10.971667,49.030107,97.59,Naturpark Altmühltal
"Vlotho, Stadt",18335,8.860068,52.165489,76.93,Teutoburger Wald
Rhauderfehn,18310,7.567591,53.140691,102.93,Ostfriesland
"Bad Münstereifel, Stadt",18297,6.765111,50.556858,150.83,Eifel und Region Aachen
"Bad Reichenhall, GKSt",18288,12.876699,47.725886,41.92,Berchtesgadener Land
"Crimmitschau, Stadt",18272,12.386924,50.81245,61.14,Chemnitz Zwickau Region
"Heilbad Heiligenstadt, Stadt",18230,10.137999,51.378474,91.49,Eichsfeld
"Buchen (Odenwald), Stadt",18226,9.323179,49.521795,138.93,Nördliches Baden-Württemberg
Hoppegarten,18218,13.650114,52.504358,31.98,Seenland Oder-Spree
"Großenhain, Stadt",18183,13.53055,51.292057,130.36,Elbland
Pfinztal,18178,8.541756,48.986457,31.05,Nördlicher Schwarzwald
Kreuzau,18149,6.489241,50.74596,41.73,Eifel und Region Aachen
Taufkirchen,18140,11.622057,48.042092,22.0,Münchener Umland
Vechelde,18138,10.373038,52.260798,76.24,Braunschweiger Land
"Konz, Stadt",18121,6.576553,49.694664,44.57,Mosel-Saar
Schwalbach,18108,6.815906,49.303926,27.37,Übriges Saarland
Ismaning,18093,11.670834,48.225107,40.19,Münchener Umland
"Vilshofen an der Donau, St",18084,13.184559,48.634144,86.29,Bayerisches Thermenland
Halstenbek,18082,9.837557,53.633617,12.58,übrig. Schleswig-Holstein
"Alzenau, St",18034,9.071865,50.08681,59.3,Spessart-Mainland
Wadgassen,18025,6.805318,49.261607,25.91,Übriges Saarland
"Alfeld (Leine), Stadt",17956,9.825738,51.987221,72.88,Hannover-Hildesheim
"Bobingen, St",17905,10.835456,48.271966,50.26,Bayerisch-Schwaben
"Parchim, Stadt",17893,11.847644,53.425581,124.81,Westmecklenburg
"Bad Saulgau, Stadt",17889,9.499183,48.013864,97.34,Oberschwaben-Allgäu
"Schrobenhausen, St",17815,11.264967,48.561245,75.26,Oberbayerns Städte
"Bürstadt, Stadt",17804,8.45334,49.640458,34.46,Odenwald-Bergstrasse-Neckartal
"Bexbach, Stadt",17793,7.257578,49.347836,31.09,Übriges Saarland
"Bad Säckingen, Stadt",17767,7.948758,47.552535,25.35,Südlicher Schwarzwald
Bönen,17734,7.756717,51.598348,38.04,Ruhrgebiet
"Bendorf, Stadt",17726,7.575608,50.423567,24.12,Mittelrheintal
"Babenhausen, Stadt",17695,8.95236,49.962864,66.85,Odenwald-Bergstrasse-Neckartal
"Pohlheim, Stadt",17677,8.716165,50.534353,38.0,Vogelsberg und Wetterau
"Vellmar, Stadt",17663,9.478272,51.355424,13.97,Kassel- Land
"Garching b.München, St",17656,11.65188,48.249173,28.17,Münchener Umland
"Diepholz, Stadt",17648,8.370605,52.606393,104.7,Mittelweser
"Oberasbach, St",17647,10.958495,49.422443,12.09,Romantisches Franken - vom Naturpark Frankenhöhe zur Romantischen Straße
"Stockach, Stadt",17646,9.00899,47.848855,69.73,Hegau
"Frankenberg (Eder), Philipp-Soldan-Stadt",17635,8.799233,51.058731,124.86,Waldecker Land
"Freilassing, St",17619,12.978135,47.842101,14.81,Berchtesgadener Land
"Werdohl, Stadt",17618,7.766853,51.259614,33.38,Sauerland
"Remagen, Stadt",17603,7.234403,50.577781,33.21,Mittelrheintal
Holzwickede,17596,7.617843,51.502798,22.36,Ruhrgebiet
Nümbrecht,17580,7.540904,50.902351,71.78,Bergisches Land
"Damme, Stadt",17508,8.196486,52.521308,104.39,Oldenburger Münsterland
"Trossingen, Stadt",17489,8.632659,48.074438,24.2,Schwäbische Alb
"Cham, St",17433,12.667061,49.219124,80.69,Bayerischer Wald
"Gescher, Glockenstadt",17433,7.005391,51.955894,80.84,Münsterland
"Bad Wildungen, Stadt",17364,9.124808,51.119966,120.1,Waldecker Land
"Freudenberg, Stadt",17355,7.876633,50.897439,54.6,Siegerland-Wittgenstein
"Horn-Bad Meinberg, Stadt",17320,8.945418,51.87278,90.15,Teutoburger Wald
"Auerbach/Vogtl., Stadt",17314,12.402307,50.508726,55.52,Vogtland
"Eutin, Stadt",17275,10.614962,54.138933,41.38,Holsteinische Schweiz
"Bad Münder am Deister, Stadt",17261,9.463755,52.197773,107.97,Weserbergland
"Sinzig, Stadt",17256,7.249122,50.54387,41.1,Ahr
"Bad Lippspringe, Stadt",17252,8.818502,51.782341,51.01,Teutoburger Wald
"Oerlinghausen, Stadt",17233,8.66135,51.952315,32.69,Teutoburger Wald
Leopoldshöhe,17226,8.699336,52.011984,36.93,Teutoburger Wald
"Forst (Lausitz)/Baršć (Łužyca), Stadt",17155,14.644601,51.744632,110.69,Lausitzer Seenland
"Marktredwitz, GKSt",17121,12.086076,50.001792,49.52,Fichtelgebirge
"Kelheim, St",17066,11.869879,48.919056,100.23,Bayerischer Jura
"Nidda, Stadt",17060,9.006592,50.413675,118.33,Vogelsberg und Wetterau
"Wittenberge, Stadt",17058,11.751411,52.993574,50.63,Prignitz
"Eltville am Rhein, Stadt",17031,8.119535,50.024896,46.77,Rheingau-Taunus
"Penzberg, St",17028,11.376279,47.751761,25.73,Pfaffenwinkel
Finnentrop,17022,7.973076,51.171888,104.42,Sauerland
"Schwarzenbek, Stadt",16999,10.477663,53.502645,11.65,übrig. Schleswig-Holstein
Schmelz,16981,6.85793,49.440709,58.62,Übriges Saarland
"Hünfeld, Konrad-Zuse-Stadt",16955,9.769026,50.672895,119.75,Rhön
"Bad Wörishofen, St",16933,10.592777,48.002989,57.79,Allgäu
"Kamenz / Kamjenc, Stadt",16918,14.098251,51.270734,98.3,Oberlausitz/Niederschlesien
Künzell,16903,9.706209,50.538819,30.28,Rhön
"Sigmaringen, Stadt",16884,9.214788,48.086623,92.84,Schwäbische Alb
"Hövelhof, Sennegemeinde",16809,8.658605,51.820295,70.74,Teutoburger Wald
"Bad Bentheim, Stadt",16798,7.159614,52.302515,99.99,Grafschaft Bentheim-Emsland-Osnabrücker Land
Eggenstein-Leopoldshafen,16798,8.392996,49.08108,26.11,Nördliches Baden-Württemberg
"Thale, Stadt",16788,11.037792,51.751304,137.94,Harz und Harzvorland
"Brackenheim, Stadt",16774,9.064886,49.078235,45.75,Nördliches Baden-Württemberg
Wurster Nordseeküste,16769,8.5677,53.688724,181.73,Nordseeküste
"Bruckmühl, M",16735,11.914526,47.882922,50.21,Chiemsee-Alpenland
"Bad Langensalza, Stadt",16717,10.649839,51.106785,129.37,Welterberegion Wartburg-Hainich
"Heidenau, Stadt",16686,13.863536,50.980894,11.07,Sächsische Schweiz
"Königstein im Taunus, Stadt",16680,8.464874,50.182742,25.05,Main und Taunus
"Gunzenhausen, St",16665,10.759225,49.113471,82.72,Fränkisches Seenland
Eppelborn,16661,6.967465,49.406885,47.25,Übriges Saarland
"Kelsterbach, Stadt",16622,8.528848,50.06318,15.41,Odenwald-Bergstrasse-Neckartal
"Altena, Stadt",16621,7.67459,51.298662,44.42,Sauerland
"Kronach, St",16616,11.325279,50.239015,66.98,Frankenwald
Simmerath,16612,6.30057,50.606333,110.92,Eifel und Region Aachen
"Bassum, Stadt",16604,8.725552,52.847957,168.85,Mittelweser
Poing,16585,11.818208,48.171249,12.92,Ebersberger Grünes Land
"Blaustein, Stadt",16581,9.921863,48.416145,55.61,Schwäbische Alb
"Eilenburg, Stadt",16539,12.632788,51.459845,46.85,Leipzig Region
Losheim am See,16535,6.743149,49.509713,96.95,Nordsaarland
"Preetz, Stadt",16503,10.280512,54.231866,14.4,Holsteinische Schweiz
"Reinheim, Stadt",16503,8.834738,49.826054,27.7,Odenwald-Bergstrasse-Neckartal
"Ginsheim-Gustavsburg, Stadt",16488,8.345195,49.966981,13.94,Odenwald-Bergstrasse-Neckartal
"Breisach am Rhein, Stadt",16487,7.583227,48.031142,54.59,Südlicher Schwarzwald
Wardenburg,16484,8.19767,53.059731,118.8,Oldenburger Land
Wiefelstede,16469,8.116738,53.255296,106.5,Ostfriesland
"Straelen, Stadt",16458,6.266608,51.444776,74.0,Niederrhein
"Wadern, Stadt",16453,6.890001,49.53951,111.22,Nordsaarland
"Kierspe, Stadt",16450,7.586453,51.136194,71.91,Sauerland
"Wendelstein, M",16446,11.1449,49.354851,50.88,Fränkisches Seenland
Herzebrock-Clarholz,16419,8.240956,51.879791,79.28,Teutoburger Wald
"Pocking, St",16414,13.310359,48.400369,68.86,Bayerisches Thermenland
Seeheim-Jugenheim,16392,8.64468,49.767668,28.0,Odenwald-Bergstrasse-Neckartal
Oyten,16380,9.018071,53.059584,63.43,Mittelweser
"Sulzbach/ Saar, Stadt",16376,7.060058,49.29895,16.07,Übriges Saarland
"Künzelsau, Stadt",16348,9.687069,49.277894,75.18,Nördliches Baden-Württemberg
Kirchlengern,16334,8.642152,52.198451,33.78,Teutoburger Wald
"Halver, Stadt",16322,7.497997,51.186749,77.23,Sauerland
"Regenstauf, M",16318,12.12781,49.12284,103.76,Bayerischer Wald
"Holzkirchen, M",16310,11.697732,47.881423,48.24,Alpenregion Tegernsee Schliersee
"Erwitte, Stadt",16300,8.336195,51.611473,89.41,Sauerland
Stockelsdorf,16289,10.649799,53.889315,56.7,übrig. Schleswig-Holstein
"Drensteinfurt, Stadt",16282,7.741663,51.797048,106.6,Münsterland
Hille,16274,8.743508,52.337196,102.99,Teutoburger Wald
Bad Essen,16265,8.343951,52.319617,103.33,Grafschaft Bentheim-Emsland-Osnabrücker Land
"Kirchhain, Stadt",16254,8.921032,50.820738,90.95,Marburg-Biedenkopf
"Bargteheide, Stadt",16245,10.261922,53.730088,15.82,übrig. Schleswig-Holstein
"Wurzen, Stadt",16238,12.735166,51.369968,69.0,Leipzig Region
"Brüggen, Burggemeinde",16198,6.185264,51.242067,61.2,Niederrhein
"Rahden, Stadt",16195,8.613029,52.432924,137.48,Teutoburger Wald
"Markranstädt, Stadt",16194,12.220204,51.301272,58.46,Leipzig Region
"Brakel, Stadt",16193,9.184377,51.716841,173.92,Teutoburger Wald
"Walldorf, Stadt",16188,8.642764,49.303151,19.91,Nördliches Baden-Württemberg
"Marienberg, Stadt",16139,13.159828,50.651644,133.49,Erzgebirge
Stahnsdorf,16087,13.216273,52.391689,49.47,Fläming
"Bad Arolsen, Stadt",16050,9.017086,51.38002,126.47,Waldecker Land
Karlsbad,16049,8.50601,48.916735,38.01,Nördlicher Schwarzwald
Petersberg,16038,9.711846,50.557878,35.51,Rhön
Loxstedt,16012,8.64907,53.470254,141.74,Nordseeküste
Hude (Oldb),15994,8.457772,53.112607,124.79,Oldenburger Land
"Wendlingen am Neckar, Stadt",15988,9.379528,48.672462,12.15,Region Stuttgart
Illingen,15935,7.051397,49.377607,36.09,Übriges Saarland
"Neustadt in Holstein, Stadt",15930,10.818579,54.107322,19.73,Ostsee
"Erlensee, Stadt",15907,8.97813,50.171489,18.58,Spessart-Kinzigtal-Vogelsberg
Kernen im Remstal,15906,9.317937,48.808537,15.04,Region Stuttgart
Rüdersdorf bei Berlin,15889,13.786091,52.470577,70.39,Seenland Oder-Spree
"Großostheim, M",15873,9.074496,49.919187,44.31,Spessart-Mainland
"Taucha, Stadt",15866,12.501717,51.38173,33.22,Leipzig Region
Ascheberg,15831,7.624004,51.79173,106.32,Münsterland
Schiffweiler,15805,7.129121,49.371056,21.42,Übriges Saarland
"Dieburg, Stadt",15798,8.840041,49.899272,23.08,Odenwald-Bergstrasse-Neckartal
"Guben, Stadt",15794,14.712014,51.954129,43.99,Lausitzer Seenland
Odenthal,15782,7.116919,51.032576,39.87,Bergisches Land
"Lübbenau/Spreewald / Lubnjow/Błota, Stadt",15778,13.968659,51.868584,139.51,Spreewald
"Boppard, Stadt",15771,7.590758,50.231624,74.88,Mittelrheintal
"Schlüchtern, Stadt",15723,9.524202,50.347107,113.3,Spessart-Kinzigtal-Vogelsberg
"Usingen, Stadt",15683,8.537436,50.333557,55.81,Main und Taunus
"Zeulenroda-Triebes, Stadt",15677,11.97964,50.649003,135.14,Thüringer Vogtland
"Eppelheim, Stadt",15663,8.631011,49.401236,5.7,Nördliches Baden-Württemberg
"Stadtbergen, St",15649,10.845885,48.36738,11.49,Bayerisch-Schwaben
Großenkneten,15613,8.256473,52.944822,176.44,Oldenburger Land
"Templin, Stadt",15590,13.499106,53.120644,379.59,Uckermark
"Bitburg, Stadt",15554,6.524756,49.975769,47.55,Eifel
"Mindelheim, St",15531,10.491139,48.047279,56.42,Allgäu
Ratekau,15527,10.735075,53.947822,59.62,übrig. Schleswig-Holstein
"Freiberg am Neckar, Stadt",15520,9.195537,48.933909,13.14,Region Stuttgart
"Finsterwalde, Stadt",15496,13.707896,51.629598,77.52,Elbe Elster Land
"Blomberg, Stadt",15485,9.091039,51.943469,99.1,Teutoburger Wald
"Altdorf b.Nürnberg, St",15478,11.354924,49.385516,48.59,Nürnberger Land
Grenzach-Wyhlen,15476,7.658946,47.553081,17.26,Südlicher Schwarzwald
"Schwarzenberg/Erzgeb., Stadt",15475,12.784811,50.537823,46.31,Erzgebirge
"Marbach am Neckar, Stadt",15474,9.259828,48.939832,18.06,Region Stuttgart
Baiersbronn,15465,8.371955,48.505528,189.58,Nördlicher Schwarzwald
"Schwalbach am Taunus, Stadt",15443,8.537789,50.149333,6.47,Main und Taunus
Beckingen,15442,6.69679,49.394177,51.85,Übriges Saarland
"Bad Bramstedt, Stadt",15439,9.882266,53.918819,24.14,übrig. Schleswig-Holstein
"Bad Neustadt a.d.Saale, St",15434,10.206512,50.329758,36.9,Rhön
Petershagen/Eggersdorf,15432,13.815749,52.537708,17.63,Seenland Oder-Spree
"Ebersbach an der Fils, Stadt",15420,9.523452,48.714242,26.26,Region Stuttgart
"Michelstadt, Stadt",15396,9.004011,49.679443,86.98,Odenwald-Bergstrasse-Neckartal
"Königslutter am Elm, Stadt",15395,10.816117,52.252332,131.13,Braunschweiger Land
"Ribnitz-Damgarten, Bernsteinstadt",15333,12.431833,54.243021,122.83,Vorpommern
Sandhausen,15330,8.658493,49.342601,14.55,Nördliches Baden-Württemberg
"Alsfeld, Stadt",15307,9.271415,50.751031,129.71,Vogelsberg und Wetterau
"Gehrden, Stadt",15301,9.59892,52.315068,43.27,Hannover-Hildesheim
"Raunheim, Stadt",15297,8.452933,50.013579,12.6,Odenwald-Bergstrasse-Neckartal
"Füssen, St",15287,10.70045,47.569686,43.5,Allgäu
"Schwabmünchen, St",15277,10.757701,48.179039,55.5,Bayerisch-Schwaben
"Langenau, Stadt",15274,10.121087,48.499499,75.03,Schwäbische Alb
"Mainburg, St",15271,11.779914,48.640936,61.54,Bayerisches Thermenland
"Weener, Stadt",15215,7.349834,53.165511,81.23,Ostfriesland
"Schriesheim, Stadt",15209,8.664038,49.47608,31.61,Nördliches Baden-Württemberg
"Brake (Unterweser), Stadt",15200,8.478138,53.326342,38.3,Unterelbe-Unterweser
Mühlenbecker Land,15177,13.378858,52.665367,52.65,Ruppiner Seenland
"Mering, M",15164,10.988462,48.267229,26.83,Bayerisch-Schwaben
Garrel,15152,8.023923,52.955028,113.39,Oldenburger Münsterland
"Isny im Allgäu, Stadt",15145,10.039361,47.692238,85.39,Oberschwaben-Allgäu
"Witzenhausen, Stadt",15132,9.858869,51.341392,126.78,Werra-Meissner Land
"Grefrath, Sport- und Freizeitgemeinde",15117,6.342117,51.336498,30.98,Niederrhein
Reken,15109,7.047388,51.83183,78.74,Münsterland
"Ober-Ramstadt, Stadt",15078,8.7395,49.831768,41.88,Odenwald-Bergstrasse-Neckartal
"Munster, Stadt",15062,10.092879,52.986508,194.52,Lüneburger Heide
"Abensberg, St",15061,11.848622,48.81553,60.26,Bayerisches Thermenland
Niederzier,15060,6.462259,50.886425,63.46,Eifel und Region Aachen
Rellingen,15026,9.829654,53.652131,13.18,übrig. Schleswig-Holstein
"Ratzeburg, Stadt",15026,10.774492,53.699024,30.29,übrig. Schleswig-Holstein
"Weißwasser/O.L., Stadt / Běła Woda",15002,14.643284,51.50662,63.43,Oberlausitz/Niederschlesien
"Lohr a.Main, St",14996,9.575872,49.993219,90.42,Spessart-Mainland
Langerwehe,14976,6.360112,50.818168,41.46,Eifel und Region Aachen
"Bad Wurzach, Stadt",14942,9.896525,47.908416,182.24,Oberschwaben-Allgäu
Rehlingen-Siersburg,14932,6.680221,49.376129,61.24,Übriges Saarland
"Montabaur, Stadt",14884,7.827159,50.436232,33.77,Westerwald
Malsch,14880,8.334952,48.879543,51.24,Nördlicher Schwarzwald
"Stein, St",14866,11.015582,49.414352,19.51,Romantisches Franken - vom Naturpark Frankenhöhe zur Romantischen Straße
"Oberndorf am Neckar, Stadt",14853,8.569312,48.290124,55.92,Mittlerer Schwarzwald
Ritterhude,14836,8.756682,53.183333,32.95,Unterelbe-Unterweser
"Neustadt b.Coburg, GKSt",14824,11.122297,50.327062,61.89,Coburg.Rennsteig
Münster (Hessen),14813,8.859343,49.925685,20.78,Odenwald-Bergstrasse-Neckartal
"Landau a.d.Isar, St",14801,12.691842,48.666545,84.4,Bayerisches Thermenland
"Harsefeld, Flecken",14782,9.500801,53.452282,51.88,Unterelbe-Unterweser
"Neustadt a.d.Donau, St",14778,11.763524,48.80909,93.53,Bayerisches Thermenland
"Jever, Stadt",14774,7.900312,53.575606,42.24,Ostfriesland
"Münsingen, Stadt",14772,9.494863,48.411369,116.93,Schwäbische Alb
"Landsberg, Stadt",14772,12.15883,51.525359,125.99,"Halle, Saale, Unstrut"
"Dorfen, St",14759,12.154454,48.271966,99.56,Münchener Umland
"Selb, GKSt",14743,12.13074,50.169756,86.07,Fichtelgebirge
"Karlstadt, St",14739,9.764132,49.962153,98.15,Fränkisches Weinland
"Eberbach, Stadt",14727,8.989557,49.461538,81.15,Nördliches Baden-Württemberg
"Homberg (Efze), Reformationsstadt, Kreisstadt",14703,9.407119,51.032974,100.11,Kurhessisches Bergland
"Olsberg, Stadt",14700,8.489819,51.354567,118.0,Sauerland
Büttelborn,14685,8.511859,49.902139,30.01,Odenwald-Bergstrasse-Neckartal
"Pattensen, Stadt",14666,9.761472,52.26395,67.12,Hannover-Hildesheim
"Langwedel, Flecken",14645,9.192883,52.975483,76.24,Mittelweser
Fredersdorf-Vogelsdorf,14644,13.755292,52.531041,16.42,Seenland Oder-Spree
Eching,14627,11.623733,48.297531,37.32,Münchener Umland
"Spenge, Stadt",14620,8.48257,52.139046,40.35,Teutoburger Wald
Niederkrüchten,14619,6.219216,51.19862,67.07,Niederrhein
Bissendorf,14614,8.16853,52.235466,96.41,Grafschaft Bentheim-Emsland-Osnabrücker Land
Edingen-Neckarhausen,14612,8.611007,49.448784,12.04,Nördliches Baden-Württemberg
Groß-Zimmern,14607,8.830208,49.87222,21.26,Odenwald-Bergstrasse-Neckartal
"Kraichtal, Stadt",14602,8.714528,49.122597,80.59,Nördliches Baden-Württemberg
"Langelsheim, Stadt",14599,10.335897,51.938286,108.76,Harz
Schiffdorf,14598,8.652806,53.531085,113.57,Nordseeküste
"Tornesch, Stadt",14588,9.711965,53.697658,20.61,übrig. Schleswig-Holstein
"Wilsdruff, Stadt",14583,13.537465,51.052092,81.6,Elbland
Lengede,14575,10.306207,52.204873,34.34,Braunschweiger Land
"Burglengenfeld, St",14569,12.041577,49.2057,93.26,Oberpfälzer Wald
Much,14561,7.407202,50.905488,78.06,Bonn und Rhein-Sieg-Kreis
Gründau,14560,9.137636,50.209015,67.6,Spessart-Kinzigtal-Vogelsberg
"Sassenberg, Stadt",14558,8.041446,51.988098,78.08,Münsterland
Burbach,14553,8.080321,50.745639,79.72,Siegerland-Wittgenstein
"Murrhardt, Stadt",14551,9.579648,48.980867,71.15,Region Stuttgart
"Kalkar, Stadt",14513,6.287775,51.737225,88.2,Niederrhein
"Fritzlar, Dom- und Kaiserstadt",14493,9.275373,51.13094,88.81,Kurhessisches Bergland
"Plochingen, Stadt",14487,9.41695,48.713282,10.64,Region Stuttgart
"Aßlar, Stadt",14482,8.464722,50.5893,43.57,Lahn-Dill
"Hückeswagen, Schloss-Stadt",14480,7.334939,51.14861,50.52,Bergisches Land
"Eckental, M",14476,11.201758,49.574111,29.71,Nürnberger Land
"Löbau, Stadt",14467,14.664402,51.096514,78.9,Oberlausitz/Niederschlesien
Hainburg,14465,8.941007,50.082103,15.94,Main und Taunus
"Langenselbold, Stadt",14440,9.039698,50.175668,26.23,Spessart-Kinzigtal-Vogelsberg
"Hofgeismar, Stadt",14439,9.383496,51.494179,86.37,Kassel- Land
Ahrensfelde,14423,13.57961,52.576115,57.91,Barnimer Land
"Grünstadt, Stadt",14419,8.162374,49.564892,18.09,Pfalz
"Hilchenbach, Stadt",14412,8.113101,50.995897,81.12,Siegerland-Wittgenstein
"Gernsbach, Stadt",14405,8.337715,48.763758,82.03,Nördlicher Schwarzwald
"Immenstadt i.Allgäu, St",14391,10.218869,47.560431,81.44,Allgäu
Saterland,14378,7.678787,53.102801,123.6,Oldenburger Münsterland
Niedernhausen,14345,8.317966,50.161445,35.29,Rheingau-Taunus
"Neu-Anspach, Stadt",14342,8.506889,50.291757,36.12,Main und Taunus
Tostedt,14341,9.712322,53.28106,48.45,Lüneburger Heide
Remshalden,14337,9.442436,48.810023,15.14,Region Stuttgart
Neubiberg,14329,11.677118,48.074726,5.77,Münchener Umland
Brühl,14328,8.534338,49.395199,10.19,Nördliches Baden-Württemberg
Aldenhoven,14324,6.281953,50.895696,44.25,Eifel und Region Aachen
"Löningen, Stadt",14307,7.757443,52.735274,143.52,Oldenburger Münsterland
"Uhingen, Stadt",14304,9.585162,48.70652,24.79,Region Stuttgart
"Markdorf, Stadt",14300,9.389138,47.72035,40.91,Bodensee
Riegelsberg,14296,6.945007,49.304923,14.65,Übriges Saarland
"Lorsch, Karolingerstadt",14283,8.567793,49.653854,25.24,Odenwald-Bergstrasse-Neckartal
"Eggenfelden, St",14271,12.76246,48.403576,44.35,Bayerisches Thermenland
"Bad Camberg, Stadt",14268,8.265932,50.29812,54.6,Westerwald-Lahn-Taunus
"Ottweiler, Stadt",14255,7.16207,49.402493,45.56,Übriges Saarland
Wennigsen (Deister),14251,9.574146,52.274405,53.92,Hannover-Hildesheim
Hatten,14250,8.349977,53.018388,103.78,Oldenburger Land
"Angermünde, Stadt",14233,14.003142,53.017304,324.24,Uckermark
"Neutraubling, St",14224,12.200936,48.990294,9.75,Bayerisches Thermenland
"Weißenhorn, St",14186,10.160072,48.304461,53.72,Bayerisch-Schwaben
"Oschatz, Stadt",14184,13.10932,51.297266,55.44,Leipzig Region
"Holzgerlingen, Stadt",14184,9.011719,48.637131,13.39,Region Stuttgart
"Lauda-Königshofen, Stadt",14180,9.70108,49.57011,94.44,Nördliches Baden-Württemberg
"Krumbach (Schwaben), St",14178,10.360594,48.242164,44.64,Bayerisch-Schwaben
"Lich, Stadt",14167,8.81911,50.519349,77.61,Vogelsberg und Wetterau
"Sendenhorst, Stadt",14167,7.82746,51.84466,96.95,Münsterland
Sylt,14167,8.30875,54.90786,57.31,Nordsee
Freigericht,14165,9.112816,50.141455,33.47,Spessart-Kinzigtal-Vogelsberg
"Erbach, Stadt",14140,9.892784,48.326196,63.29,Schwäbische Alb
"Markgröningen, Stadt",14138,9.081072,48.905178,28.17,Region Stuttgart
"Leuna, Stadt",14131,12.024179,51.323779,88.12,"Halle, Saale, Unstrut"
"Sandersdorf-Brehna, Stadt",14130,12.212601,51.557318,82.16,Anhalt-Wittenberg
"Schwentinental, Stadt",14091,10.238223,54.282411,17.81,übrig. Schleswig-Holstein
Rommerskirchen,14079,6.688992,51.034328,60.08,Niederrhein
"Bovenden, Flecken",14078,9.921447,51.586919,63.7,Harz
"Vöhringen, St",14044,10.076052,48.277272,23.69,Bayerisch-Schwaben
"Lauchhammer, Stadt",14042,13.762113,51.494487,89.3,Lausitzer Seenland
Rosengarten,14033,9.895289,53.379364,63.79,Lüneburger Heide
Großefehn,14029,7.603827,53.401328,127.2,Ostfriesland
"Lübben (Spreewald) / Lubin (Błota), Stadt",14028,13.896595,51.942032,120.86,Spreewald
"Quakenbrück, Stadt",14007,7.95763,52.675872,17.96,Grafschaft Bentheim-Emsland-Osnabrücker Land
"Melsungen, Stadt",13994,9.543745,51.131059,63.09,Kurhessisches Bergland
St. Leon-Rot,13979,8.599891,49.267197,25.56,Nördliches Baden-Württemberg
Maisach,13974,11.257605,48.215758,53.45,Münchener Umland
"Zeven, Stadt",13958,9.278731,53.295695,74.13,Unterelbe-Unterweser
Mühltal,13951,8.702081,49.824604,25.34,Odenwald-Bergstrasse-Neckartal
"Grafing b.München, St",13942,11.966103,48.045389,29.58,Ebersberger Grünes Land
"Erbach, Kreisstadt",13935,8.99268,49.657653,61.52,Odenwald-Bergstrasse-Neckartal
Neuenkirchen,13915,7.373611,52.243608,48.44,Münsterland
"Dippoldiswalde, Stadt",13915,13.666852,50.896593,103.99,Erzgebirge
"Clausthal-Zellerfeld, Berg- und Universitätsstadt",13912,10.333189,51.803755,43.69,Harz
Belm,13905,8.140643,52.302111,46.64,Grafschaft Bentheim-Emsland-Osnabrücker Land
"Eichstätt, GKSt",13891,11.185203,48.891094,47.79,Naturpark Altmühltal
"Beelitz, Stadt",13879,12.977691,52.232322,181.31,Fläming
"Wiesmoor, Stadt",13875,7.739544,53.417153,82.94,Ostfriesland
Lohfelden,13870,9.543946,51.277383,16.58,Kassel- Land
"Haßfurt, St",13867,10.506648,50.031494,52.66,Haßberge
"Höchstadt a.d.Aisch, St",13867,10.805721,49.70285,70.87,Steigerwald
Friesenheim,13858,7.881795,48.373236,46.57,Mittlerer Schwarzwald
"Mittweida, Stadt, Hochschulstadt",13839,12.975993,50.986925,41.26,Chemnitz Zwickau Region
Waldbronn,13838,8.461134,48.931426,11.35,Nördlicher Schwarzwald
"Buchloe, St",13815,10.723757,48.035957,36.18,Allgäu
"Wittstock/Dosse, Stadt",13804,12.485875,53.163299,420.2,Prignitz
"Hohenstein-Ernstthal, Stadt",13788,12.713152,50.800879,18.58,Chemnitz Zwickau Region
Barßel,13780,7.745157,53.168704,84.35,Oldenburger Münsterland
Lotte,13770,7.915207,52.274892,37.69,Münsterland
Obersulm,13756,9.384003,49.135333,31.08,Nördliches Baden-Württemberg
"Philippsburg, Stadt",13748,8.453544,49.236173,50.54,Nördliches Baden-Württemberg
Meckenbeuren,13735,9.562678,47.700637,31.89,Bodensee
"Wanzleben-Börde, Stadt",13724,11.445166,52.06059,188.45,"Magdeburg, Elbe-Börde-Heide"
"Ettenheim, Stadt",13722,7.812984,48.254555,48.8,Mittlerer Schwarzwald
Borchen,13721,8.723332,51.668336,77.28,Teutoburger Wald
Denzlingen,13720,7.883854,48.066785,16.94,Südlicher Schwarzwald
"Bad Soden-Salmünster, Stadt",13719,9.372421,50.275248,58.59,Spessart-Kinzigtal-Vogelsberg
"Feucht, M",13714,11.214677,49.375014,9.81,Nürnberger Land
"Spaichingen, Stadt",13714,8.739277,48.073153,18.5,Schwäbische Alb
Michendorf,13708,13.028498,52.309633,68.69,Fläming
"Grünberg, Stadt",13683,8.959065,50.592526,89.22,Vogelsberg und Wetterau
Hünxe,13676,6.766381,51.642308,106.85,Niederrhein
"Pegnitz, St",13665,11.544194,49.756304,99.98,Fränkische Schweiz
"Frankenberg/Sa., Stadt, Garnisonsstadt",13659,13.030777,50.910034,65.62,Chemnitz Zwickau Region
"Hilpoltstein, St",13654,11.188846,49.190711,89.72,Fränkisches Seenland
"Linnich, Stadt",13653,6.267275,50.978896,65.43,Eifel und Region Aachen
"Asperg, Stadt",13650,9.135236,48.905309,5.8,Region Stuttgart
"Markt Schwaben, M",13643,11.86538,48.19093,10.87,Ebersberger Grünes Land
"Jessen (Elster), Stadt",13639,12.954825,51.790085,353.93,Anhalt-Wittenberg
"Dinklage, Stadt",13622,8.123768,52.661041,72.8,Oldenburger Münsterland
Saarwellingen,13616,6.806558,49.353678,41.67,Übriges Saarland
Bedburg-Hau,13599,6.187561,51.760594,61.31,Niederrhein
Bad Schönborn,13583,8.652877,49.219375,24.1,Nördliches Baden-Württemberg
"Solms, Stadt",13579,8.405659,50.538809,34.02,Lahn-Dill
"Schleiden, Stadt",13578,6.476481,50.529592,121.67,Eifel und Region Aachen
"Meerane, Stadt",13567,12.463982,50.849217,19.81,Chemnitz Zwickau Region
"Schüttorf, Stadt",13562,7.225202,52.322484,19.45,Grafschaft Bentheim-Emsland-Osnabrücker Land
"Schmölln, Stadt",13542,12.354035,50.895281,94.53,Altenburger Land
"Uslar, Stadt",13536,9.634227,51.659335,113.59,Weserbergland
"Haselünne, Stadt",13527,7.486718,52.67361,159.43,Grafschaft Bentheim-Emsland-Osnabrücker Land
Schermbeck,13516,6.87098,51.692901,110.71,Niederrhein
Gräfelfing,13472,11.431034,48.117816,9.58,Münchener Umland
Stemwede,13460,8.453006,52.376102,166.13,Teutoburger Wald
"Bergen auf Rügen, Stadt",13457,13.430633,54.417301,51.49,Rügen/Hiddensee
"Östringen, Stadt",13450,8.712417,49.218783,53.28,Nördliches Baden-Württemberg
"Tauberbischofsheim, Stadt",13445,9.662778,49.622047,69.29,Nördliches Baden-Württemberg
"Pfullendorf, Stadt",13442,9.255547,47.923774,90.5,Oberschwaben-Allgäu
"Lappersdorf, M",13419,12.088794,49.050523,34.5,Bayerischer Jura
"Genthin, Stadt",13416,12.154669,52.405987,232.69,"Magdeburg, Elbe-Börde-Heide"
Wentorf bei Hamburg,13414,10.2519,53.491012,6.87,übrig. Schleswig-Holstein
Gangelt,13410,5.997397,50.992732,48.72,Niederrhein
Mutterstadt,13403,8.354887,49.442195,20.47,Pfalz
"Sulingen, Stadt",13394,8.801224,52.682116,110.83,Mittelweser
Kirchheim b.München,13392,11.755421,48.176569,15.5,Münchener Umland
"Schneeberg, Stadt",13377,12.644409,50.594426,23.35,Erzgebirge
Marienheide,13356,7.531284,51.08374,54.97,Bergisches Land
Beverstedt,13354,8.819169,53.434238,198.05,Nordseeküste
"Neckargemünd, Stadt",13335,8.7973,49.394478,26.16,Nördliches Baden-Württemberg
"Ergolding, M",13323,12.172173,48.57753,37.16,Bayerisches Thermenland
Oberhaching,13318,11.589825,48.026481,33.06,Münchener Umland
"Linden, Stadt",13308,8.652659,50.530078,22.77,Lahn-Dill
Hüllhorst,13304,8.672107,52.2723,44.7,Teutoburger Wald
Barsbüttel,13302,10.169264,53.569015,24.68,übrig. Schleswig-Holstein
"Neustadt a.d.Aisch, St",13294,10.612689,49.579782,61.21,Steigerwald
Hagen am Teutoburger Wald,13275,7.978062,52.197155,34.49,Grafschaft Bentheim-Emsland-Osnabrücker Land
"Weinsberg, Stadt",13268,9.285758,49.150258,22.22,Nördliches Baden-Württemberg
Kalletal,13256,8.948163,52.106847,112.42,Teutoburger Wald
"Herbrechtingen, Stadt",13238,10.175775,48.621668,58.63,Schwäbische Alb
"Fehmarn, Stadt",13200,11.197614,54.4387,185.5,Ostsee
Brieselang,13187,12.997668,52.581603,44.26,Havelland
Kerken,13186,6.374152,51.45652,58.17,Niederrhein
Ubstadt-Weiher,13178,8.631072,49.160402,36.49,Nördliches Baden-Württemberg
"Olfen, Stadt",13175,7.38,51.708879,52.43,Münsterland
"Winterberg, Stadt",13168,8.533102,51.194349,147.95,Sauerland
"Ottersberg, Flecken",13166,9.142734,53.108272,99.11,Mittelweser
"Twistringen, Stadt",13162,8.63877,52.799962,114.38,Mittelweser
"Plattling, St",13160,12.873601,48.776597,35.9,Bayerisches Thermenland
"Treuchtlingen, St",13159,10.905634,48.9582,103.38,Naturpark Altmühltal
"Roding, St",13157,12.51827,49.193203,119.61,Bayerischer Wald
"Bad Dürrheim, Stadt",13149,8.530554,48.022026,62.08,Mittlerer Schwarzwald
"Peißenberg, M",13148,11.071958,47.804848,32.69,Pfaffenwinkel
"Bad Laasphe, Stadt",13148,8.41223,50.927285,135.95,Siegerland-Wittgenstein
"Altötting, St",13138,12.67892,48.227986,23.07,Inn-Salzach
"Wehr, Stadt",13126,7.904562,47.629747,35.64,Südlicher Schwarzwald
Ketsch,13117,8.526937,49.366957,16.52,Nördliches Baden-Württemberg
Schöneiche bei Berlin,13102,13.695636,52.479548,16.73,Seenland Oder-Spree
Roßdorf,13096,8.756733,49.8577,20.6,Odenwald-Bergstrasse-Neckartal
"Rosbach v. d. Höhe, Stadt",13084,8.692481,50.304532,45.33,Vogelsberg und Wetterau
Bohmte,13083,8.313498,52.367543,110.73,Grafschaft Bentheim-Emsland-Osnabrücker Land
"Hadamar, Stadt",13082,8.045892,50.44863,40.99,Westerwald-Lahn-Taunus
Spiesen-Elversberg,13080,7.152489,49.315412,11.42,Übriges Saarland
"Bad Doberan, Stadt",13079,11.89935,54.106684,32.85,Mecklenburgische Ostseeküste
"Eppstein, Stadt",13070,8.396967,50.140666,24.19,Main und Taunus
"Lauterbach (Hessen), Kreisstadt",13047,9.397967,50.635729,101.98,Vogelsberg und Wetterau
"Hösbach, M",13046,9.203202,50.003889,30.58,Spessart-Mainland
"Manching, M",13042,11.492969,48.717091,35.43,Oberbayerns Städte
"Zehdenick, Stadt",13040,13.332283,52.979224,223.06,Ruppiner Seenland
Teutschenthal,13038,11.808664,51.450216,91.05,"Halle, Saale, Unstrut"
"Bad Salzdetfurth, Stadt",13037,10.007627,52.063403,67.18,Hannover-Hildesheim
"Oebisfelde-Weferlingen, Stadt",13002,10.986962,52.435124,249.96,"Magdeburg, Elbe-Börde-Heide"
"Weilburg, Stadt",12992,8.263871,50.484433,57.51,Westerwald-Lahn-Taunus
"Bergen, Stadt",12991,9.962303,52.809523,164.39,Lüneburger Heide
Bischofsheim,12979,8.355011,49.989065,9.03,Odenwald-Bergstrasse-Neckartal
"Biedenkopf, Stadt",12969,8.531086,50.910424,90.31,Marburg-Biedenkopf
Wietmarschen,12959,7.132326,52.51958,119.09,Grafschaft Bentheim-Emsland-Osnabrücker Land
"Bebra, Stadt",12945,9.794171,50.970041,93.71,Waldhessen (Hersfeld-Rotenburg)
"Rotenburg a. d. Fulda, Stadt",12937,9.724701,50.996422,79.97,Waldhessen (Hersfeld-Rotenburg)
Gärtringen,12934,8.901692,48.641924,20.21,Region Stuttgart
"Jüterbog, Stadt",12926,13.081594,51.99201,176.48,Fläming
"Ladenburg, Stadt",12914,8.610298,49.471947,19.0,Nördliches Baden-Württemberg
Cremlingen,12907,10.65512,52.248443,59.49,Braunschweiger Land
Quierschied,12895,7.053288,49.324795,20.21,Übriges Saarland
"Waltershausen, Stadt",12871,10.559244,50.900529,60.62,Thüringer Wald
"Südliches Anhalt, Stadt",12857,12.072808,51.672095,193.41,Anhalt-Wittenberg
Wadersloh,12848,8.245997,51.73696,117.03,Münsterland
"Sulz am Neckar, Stadt",12847,8.632773,48.366375,87.62,Mittlerer Schwarzwald
"Kaufungen, Kunigundengemeinde",12838,9.633789,51.282759,26.15,Kassel- Land
Trebur,12799,8.404983,49.926683,50.13,Odenwald-Bergstrasse-Neckartal
"Titisee-Neustadt, Stadt",12797,8.208431,47.916511,89.64,Südlicher Schwarzwald
"Herzberg am Harz, Stadt",12792,10.340023,51.65664,71.88,Harz
"Hettstedt, Stadt",12783,11.51366,51.645013,37.03,Harz und Harzvorland
"Bad Fallingbostel, Stadt",12783,9.693984,52.865924,64.02,Lüneburger Heide
Weeze,12766,6.198205,51.626753,79.49,Niederrhein
Altenstadt,12764,8.945024,50.285831,30.09,Vogelsberg und Wetterau
"Pfarrkirchen, St",12764,12.937787,48.432193,52.35,Bayerisches Thermenland
"Hungen, Stadt",12754,8.901404,50.475592,86.78,Vogelsberg und Wetterau
Fuldatal,12752,9.526295,51.350127,33.67,Kassel- Land
"Bad Urach, Stadt",12751,9.400021,48.493051,55.42,Schwäbische Alb
"Wächtersbach, Stadt",12731,9.292299,50.257679,50.79,Spessart-Kinzigtal-Vogelsberg
"Velten, Stadt",12727,13.178818,52.690363,23.42,Ruppiner Seenland
"Blaubeuren, Stadt",12719,9.783757,48.412587,79.11,Schwäbische Alb
Bretzfeld,12713,9.440237,49.177232,64.68,Nördliches Baden-Württemberg
Winsen (Aller),12711,9.90864,52.679316,155.85,Lüneburger Heide
Neunkirchen,12705,7.993355,50.787894,39.81,Siegerland-Wittgenstein
"Brunsbüttel, Stadt",12692,9.13735,53.896932,65.21,Nordsee
Dossenheim,12690,8.677836,49.451501,14.15,Nördliches Baden-Württemberg
"Neuenburg am Rhein, Stadt",12690,7.559796,47.813974,44.1,Südlicher Schwarzwald
Scheeßel,12690,9.482765,53.168787,150.01,Lüneburger Heide
"Velen, Stadt",12678,6.986506,51.894372,70.75,Münsterland
"Beverungen, Stadt",12669,9.372651,51.662804,98.09,Teutoburger Wald
Mettlach,12621,6.600077,49.493948,78.19,Nordsaarland
"Möckern, Stadt",12591,11.952694,52.139752,527.78,"Magdeburg, Elbe-Börde-Heide"
"Wolfhagen, Hans-Staden-Stadt",12582,9.169659,51.326016,112.29,Kassel- Land
"Schongau, St",12572,10.896888,47.813096,21.34,Pfaffenwinkel
"Feuchtwangen, St",12551,10.331415,49.167757,137.21,Romantisches Franken - vom Naturpark Frankenhöhe zur Romantischen Straße
"Bad Abbach, M",12545,12.041619,48.9363,55.26,Bayerisches Thermenland
"Röthenbach a.d.Pegnitz, St",12529,11.238754,49.482066,14.29,Nürnberger Land
Buseck,12527,8.788294,50.608968,38.61,Lahn-Dill
Alpen,12515,6.511241,51.575134,59.6,Niederrhein
Neuhausen auf den Fildern,12506,9.278797,48.684669,12.46,Region Stuttgart
Emstek,12487,8.155308,52.834011,108.4,Oldenburger Münsterland
Linkenheim-Hochstetten,12484,8.408502,49.124733,23.6,Nördliches Baden-Württemberg
"Gaimersheim, M",12468,11.368343,48.804753,28.21,Naturpark Altmühltal
"Rödental, St",12457,11.032458,50.290191,49.97,Coburg.Rennsteig
Graben-Neudorf,12453,8.496271,49.172696,28.8,Nördliches Baden-Württemberg
"Bad Windsheim, St",12446,10.4192,49.502758,78.24,Steigerwald
"Preußisch Oldendorf, Stadt",12439,8.495612,52.306051,68.75,Teutoburger Wald
"Hirschaid, M",12429,10.98909,49.816976,40.97,Fränkische Schweiz
Issum,12428,6.425912,51.534877,54.74,Niederrhein
"Laichingen, Stadt",12425,9.685733,48.489445,69.83,Schwäbische Alb
"Bad Wünnenberg, Stadt",12418,8.697601,51.517257,161.3,Teutoburger Wald
"Gladenbach, Stadt",12415,8.581836,50.769827,72.28,Marburg-Biedenkopf
"Ebersberg, St",12408,11.968817,48.078429,40.84,Ebersberger Grünes Land
Niefern-Öschelbronn,12402,8.798354,48.908786,22.02,Nördlicher Schwarzwald
"Monschau, Stadt",12389,6.239288,50.555279,94.6,Eifel und Region Aachen
Ense,12383,7.959552,51.503923,51.08,Sauerland
Ihlow,12376,7.43444,53.406936,123.1,Ostfriesland
"Wasserburg a.Inn, St",12375,12.232253,48.060937,18.8,Chiemsee-Alpenland
Tholey,12358,7.037625,49.483965,57.55,Nordsaarland
Havixbeck,12357,7.414407,51.975907,53.17,Münsterland
"Hersbruck, St",12346,11.429693,49.507981,22.9,Nürnberger Land
"Hessisch Lichtenau, Stadt",12337,9.720907,51.198577,105.72,Werra-Meissner Land
"Wolmirstedt, Stadt",12323,11.628077,52.250321,54.38,"Magdeburg, Elbe-Börde-Heide"
"Meitingen, M",12307,10.853749,48.546777,29.87,Bayerisch-Schwaben
"Tamm, Stadt",12305,9.117204,48.920183,8.78,Region Stuttgart
"St. Georgen im Schwarzwald, Stadt",12301,8.332259,48.126225,59.85,Mittlerer Schwarzwald
Heddesheim,12294,8.603136,49.504679,14.71,Nördliches Baden-Württemberg
Zetel,12293,7.973923,53.418096,81.41,Ostfriesland
Edemissen,12281,10.263529,52.38746,104.12,Braunschweiger Land
"Osterhofen, St",12280,13.022845,48.699902,111.16,Bayerisches Thermenland
Oftersheim,12272,8.585149,49.368098,12.78,Nördliches Baden-Württemberg
Rielasingen-Worblingen,12268,8.846,47.728398,18.59,Hegau
"Borken (Hessen), Stadt",12268,9.287087,51.046041,82.46,Kurhessisches Bergland
"Besigheim, Stadt",12267,9.140825,49.000174,16.83,Region Stuttgart
"Dinkelsbühl, GKSt",12260,10.320207,49.068879,75.16,Romantisches Franken - vom Naturpark Frankenhöhe zur Romantischen Straße
Salem,12243,9.310691,47.759725,62.69,Bodensee
Rosdorf,12239,9.896257,51.506056,66.44,Harz
"Vilsbiburg, St",12237,12.357548,48.451397,68.84,Bayerisches Thermenland
Kronshagen,12235,10.078987,54.332063,5.34,übrig. Schleswig-Holstein
"Dingelstädt, Stadt",12204,10.314844,51.315205,118.64,Eichsfeld
"Wernau (Neckar), Stadt",12200,9.421663,48.689366,10.89,Region Stuttgart
Bad Sassendorf,12194,8.164329,51.585642,63.46,Sauerland
"Lauffen am Neckar, Stadt",12189,9.150312,49.076213,22.63,Nördliches Baden-Württemberg
Gundelfingen,12168,7.8668,48.042406,14.29,Südlicher Schwarzwald
Glienicke/Nordbahn,12159,13.314719,52.630739,4.61,Ruppiner Seenland
"Zella-Mehlis, Stadt",12157,10.658023,50.663357,52.99,Thüringer Wald
Oberkrämer,12145,13.111985,52.696092,103.62,Ruppiner Seenland
Nörvenich,12131,6.644576,50.807107,66.21,Eifel und Region Aachen
Geeste,12129,7.266686,52.600995,133.11,Grafschaft Bentheim-Emsland-Osnabrücker Land
"Burladingen, Stadt",12124,9.1153,48.28913,123.31,Schwäbische Alb
"Frohburg, Stadt",12120,12.556473,51.057446,145.3,Leipzig Region
Apen,12118,7.80595,53.218179,77.02,Ostfriesland
Überherrn,12109,6.698331,49.242344,34.32,Übriges Saarland
"Steinheim, Stadt",12107,9.096625,51.866755,75.69,Teutoburger Wald
Leutenbach,12093,9.392571,48.887529,14.73,Region Stuttgart
Wettenberg,12077,8.635015,50.621103,42.92,Lahn-Dill
"Maxhütte-Haidhof, St",12053,12.093321,49.20199,34.69,Oberpfälzer Wald
"Perleberg, Stadt",12022,11.864297,53.076035,138.69,Prignitz
"Hagenow, Stadt",12022,11.192521,53.432045,67.54,Westmecklenburg
"Gaildorf, Stadt",12005,9.76983,49.00045,62.59,Nördliches Baden-Württemberg
Welver,11999,7.957742,51.618557,85.62,Sauerland
"Essenbach, M",11998,12.218993,48.613378,83.6,Bayerisches Thermenland
"Murnau a.Staffelsee, M",11994,11.200765,47.678768,38.06,Zugspitz-Region
Stelle,11974,10.110327,53.379578,38.76,Lüneburger Heide
"Hauzenberg, St",11965,13.625401,48.65453,82.79,Bayerischer Wald
"Ludwigslust, Stadt",11961,11.497142,53.326305,78.64,Westmecklenburg
"Pößneck, Stadt",11960,11.591589,50.695668,24.43,Thüringer Wald
Hallbergmoos,11959,11.749896,48.324369,35.09,Münchener Umland
"Billerbeck, Stadt",11945,7.290998,51.977524,91.36,Münsterland
Uplengen,11930,7.750133,53.305137,148.81,Ostfriesland
"Anklam, Hansestadt",11917,13.693003,53.855297,56.68,Vorpommern
"Hemsbach, Stadt",11915,8.656453,49.592797,12.85,Nördliches Baden-Württemberg
Sassenburg,11913,10.628875,52.509875,88.55,Lüneburger Heide
"Drolshagen, Stadt",11913,7.775835,51.024727,67.11,Sauerland
"Steinheim an der Murr, Stadt",11908,9.278099,48.965777,23.18,Region Stuttgart
Ostrhauderfehn,11885,7.619279,53.13993,51.01,Ostfriesland
Teningen,11884,7.810263,48.126973,40.26,Südlicher Schwarzwald
Lippetal,11883,8.143621,51.656454,126.61,Sauerland
"Bad Freienwalde (Oder), Stadt",11877,14.031047,52.788194,131.11,Seenland Oder-Spree
Nordstemmen,11876,9.782956,52.160076,60.21,Hannover-Hildesheim
Lehre,11874,10.668492,52.329029,71.96,Braunschweiger Land
"Pritzwalk, Stadt",11866,12.17456,53.149444,167.32,Prignitz
Unterföhring,11866,11.640513,48.192162,12.79,Münchener Umland
Oberschleißheim,11857,11.551194,48.250998,30.32,Münchener Umland
Eichenzell,11852,9.69744,50.493515,55.99,Rhön
Schöneck,11837,8.853098,50.201068,21.5,Spessart-Kinzigtal-Vogelsberg
Harrislee,11811,9.383175,54.804241,18.92,Ostsee
"Neustadt in Sachsen, Stadt",11810,14.214891,51.025462,83.12,Sächsische Schweiz
"Peiting, M",11798,10.927056,47.7939,75.11,Pfaffenwinkel
Remchingen,11798,8.574545,48.94645,24.06,Nördliches Baden-Württemberg
Durmersheim,11780,8.268461,48.931418,25.97,Nördlicher Schwarzwald
Rangsdorf,11754,13.418153,52.291187,33.79,Fläming
Raesfeld,11709,6.84057,51.769328,57.95,Münsterland
Scharbeutz,11694,10.750232,54.022793,52.54,Ostsee
Jork,11693,9.680838,53.53298,62.24,Unterelbe-Unterweser
"Oberderdingen, Stadt",11690,8.80201,49.062716,33.57,Nördliches Baden-Württemberg
"Bad Nenndorf, Stadt",11686,9.374996,52.339433,23.22,Weserbergland
Limburgerhof,11684,8.39107,49.42064,9.0,Pfalz
"Schwaigern, Stadt",11661,9.056965,49.141683,49.49,Nördliches Baden-Württemberg
Kissing,11657,10.98699,48.295828,23.12,Bayerisch-Schwaben
"Lauenburg/ Elbe, Stadt",11657,10.554267,53.374189,9.56,übrig. Schleswig-Holstein
Mettingen,11654,7.779092,52.315593,40.6,Münsterland
"Erkner, Stadt",11641,13.754248,52.4197,16.53,Seenland Oder-Spree
Wickede (Ruhr),11637,7.870363,51.49641,25.24,Sauerland
"Leingarten, Stadt",11637,9.127562,49.143857,23.47,Nördliches Baden-Württemberg
"Hildburghausen, Stadt",11632,10.729007,50.425612,72.9,Thüringer Wald
"Wolnzach, M",11623,11.627682,48.603872,91.5,Oberbayerns Städte
"Neuenrade, Stadt",11621,7.77967,51.281925,54.1,Sauerland
"Walldürn, Stadt",11614,9.368531,49.582516,105.91,Nördliches Baden-Württemberg
Sinzheim,11608,8.163518,48.760234,28.5,Nördlicher Schwarzwald
Korb,11607,9.361341,48.841999,8.45,Region Stuttgart
"Lindenberg i.Allgäu, St",11587,9.885042,47.602267,11.84,Allgäu
"Miesbach, St",11573,11.834173,47.788844,32.44,Alpenregion Tegernsee Schliersee
"Geisenfeld, St",11563,11.612053,48.684143,88.3,Oberbayerns Städte
"Bopfingen, Stadt",11560,10.351593,48.857911,76.96,Schwäbische Alb
Handewitt,11556,9.324639,54.765104,77.72,übrig. Schleswig-Holstein
Rudersberg,11555,9.529647,48.883356,39.37,Region Stuttgart
Gerstetten,11551,10.018422,48.622994,92.43,Schwäbische Alb
Muldestausee,11540,12.400587,51.624029,138.36,Anhalt-Wittenberg
Eichenau,11540,11.322467,48.172075,6.99,Münchener Umland
"Bad Schwalbach, Kreisstadt",11532,8.069825,50.140276,40.27,Rheingau-Taunus
Ammerbuch,11522,8.965685,48.554229,48.04,Schwäbische Alb
"Bad Dürrenberg, Solestadt",11521,12.068592,51.292022,36.26,"Halle, Saale, Unstrut"
"Lauingen (Donau), St",11510,10.429935,48.570341,44.39,Bayerisch-Schwaben
Kirchhundem,11509,8.090176,51.086248,148.63,Sauerland
Eningen unter Achalm,11506,9.259408,48.486636,23.13,Schwäbische Alb
Ostbevern,11469,7.839408,52.036085,89.65,Münsterland
Dautphetal,11466,8.542378,50.858244,72.02,Marburg-Biedenkopf
Burgthann,11466,11.315139,49.351392,39.19,Nürnberger Land
"Oestrich-Winkel, Stadt",11443,8.00726,49.998444,59.51,Rheingau-Taunus
Zeuthen,11431,13.630155,52.353337,12.68,Dahme-Seenland
"Diez, Stadt",11428,8.009315,50.37269,12.41,Lahntal
Nußloch,11418,8.69587,49.322794,13.58,Nördliches Baden-Württemberg
"Glückstadt, Stadt",11410,9.423724,53.787808,22.75,übrig. Schleswig-Holstein
"Marktheidenfeld, St",11402,9.600307,49.844144,35.7,Spessart-Mainland
Krummhörn,11384,7.097865,53.434097,159.21,Nordseeküste
"Geisenheim, Hochschulstadt",11369,7.965681,49.983339,40.34,Rheingau-Taunus
Straubenhardt,11367,8.531485,48.854542,33.08,Nördlicher Schwarzwald
"Rothenburg ob der Tauber, GKSt",11365,10.179283,49.377149,41.67,Romantisches Franken - vom Naturpark Frankenhöhe zur Romantischen Straße
"Zwönitz, Stadt",11358,12.811053,50.630002,64.24,Erzgebirge
Kriftel,11356,8.468224,50.082683,6.76,Main und Taunus
"Waldkirchen, St",11356,13.599855,48.730908,80.01,Bayerischer Wald
"Rheinau, Stadt",11346,7.939856,48.664363,73.5,Mittlerer Schwarzwald
Recke,11341,7.718617,52.370571,53.69,Münsterland
"Trostberg, St",11337,12.557057,48.027285,51.55,Chiemsee-Chiemgau
Schwieberdingen,11318,9.073065,48.876494,14.85,Region Stuttgart
Drochtersen,11313,9.385084,53.709623,126.79,Unterelbe-Unterweser
"Engen, Stadt",11311,8.772115,47.854017,70.56,Hegau
Kranenburg,11303,6.007969,51.789765,76.89,Niederrhein
"Altdorf, M",11300,12.109369,48.556884,22.99,Bayerisches Thermenland
Möhnesee,11274,8.131657,51.497716,123.49,Sauerland
Salzatal,11267,11.823568,51.525992,109.95,"Halle, Saale, Unstrut"
"Welzheim, Stadt",11264,9.63467,48.874336,37.99,Region Stuttgart
Kloster Lehnin,11261,12.745314,52.319273,200.92,Havelland
"Rutesheim, Stadt",11258,8.945152,48.809882,16.22,Region Stuttgart
"Isselburg, Stadt",11251,6.46301,51.833522,42.8,Münsterland
"Cadolzburg, M",11250,10.853014,49.457442,45.39,Romantisches Franken - vom Naturpark Frankenhöhe zur Romantischen Straße
Rosendahl,11249,7.209896,52.016807,94.49,Münsterland
Extertal,11248,9.122575,52.068647,92.49,Teutoburger Wald
"Balve, Stadt",11240,7.864187,51.330545,74.81,Sauerland
"Gräfenhainichen, Stadt",11228,12.455564,51.72918,159.94,Anhalt-Wittenberg
"Ochsenfurt, St",11219,10.060849,49.665427,63.57,Fränkisches Weinland
"Mömbris, M",11202,9.16584,50.068869,35.86,Spessart-Mainland
Südheide,11182,10.089991,52.83142,196.5,Lüneburger Heide
Kall,11180,6.558667,50.542174,66.07,Eifel und Region Aachen
Grünwald,11179,11.522716,48.039574,7.63,Münchener Umland
"Riedlingen, Stadt",11176,9.472452,48.153659,64.96,Oberschwaben-Allgäu
Raubling,11161,12.108526,47.788763,44.27,Chiemsee-Alpenland
"Mülheim-Kärlich, Stadt",11159,7.497417,50.38682,16.42,Mittelrheintal
"Wittingen, Stadt",11136,10.740212,52.72877,225.83,Lüneburger Heide
"Coswig (Anhalt), Stadt",11129,12.457663,51.885582,296.83,Anhalt-Wittenberg
"Stollberg/Erzgeb., Stadt",11127,12.779759,50.708319,38.99,Erzgebirge
Bannewitz,11122,13.722216,50.994696,25.75,Elbland
Niestetal,11118,9.546625,51.320368,22.16,Kassel- Land
"Bad Belzig, Stadt",11118,12.586743,52.140642,236.09,Fläming
Herrsching a.Ammersee,11099,11.177104,47.998832,20.88,StarnbergAmmersee
Herxheim bei Landau/ Pfalz,11093,8.217143,49.146625,29.13,Pfalz
Denkendorf,11092,9.31755,48.694154,13.05,Region Stuttgart
"Gengenbach, Stadt",11081,8.013343,48.405617,61.9,Mittlerer Schwarzwald
"Schöningen, Stadt",11078,10.967701,52.141775,35.47,Braunschweiger Land
Rodenbach,11074,9.021246,50.14547,16.74,Spessart-Kinzigtal-Vogelsberg
"Werther (Westf.), Stadt",11051,8.411163,52.072545,35.42,Teutoburger Wald
"Boizenburg/ Elbe, Stadt",11048,10.722631,53.374248,47.42,Westmecklenburg
"Osterwieck, Stadt",11045,10.706798,51.972545,213.11,Harz und Harzvorland
"Braunfels, Stadt",11045,8.38959,50.514702,47.28,Lahn-Dill
Höhenkirchen-Siegertsbrunn,11039,11.712037,48.01942,23.77,Münchener Umland
Wustermark,11024,12.942829,52.545674,52.88,Havelland
"Regen, St",11018,13.126196,48.970244,65.14,Bayerischer Wald
Planegg,11007,11.424579,48.105815,10.68,Münchener Umland
Burgkirchen a.d.Alz,11006,12.731367,48.166556,46.19,Inn-Salzach
"Wolgast, Stadt",10991,13.774621,54.052886,61.73,Vorpommern
"Lichtenau, Stadt",10985,8.895788,51.616847,192.57,Teutoburger Wald
Langgöns,10965,8.660092,50.497561,52.53,Lahn-Dill
Egelsbach,10960,8.666586,49.969305,14.81,Main und Taunus
"Eisenberg, Stadt",10955,11.901252,50.967401,24.67,Saaleland
"Oelsnitz/Erzgeb., Stadt",10954,12.706087,50.724284,26.28,Erzgebirge
"Ebersbach-Neugersdorf, Stadt",10937,14.582746,51.009334,20.45,Oberlausitz/Niederschlesien
"Haigerloch, Stadt",10930,8.804191,48.366535,76.44,Schwäbische Alb
"Prien a.Chiemsee, M",10915,12.347776,47.856488,20.7,Chiemsee-Alpenland
Neuhof,10893,9.623894,50.44985,90.28,Rhön
"Neuenhaus, Stadt",10890,6.966389,52.498188,31.37,Grafschaft Bentheim-Emsland-Osnabrücker Land
Ruppichteroth,10887,7.483618,50.843966,61.96,Bonn und Rhein-Sieg-Kreis
Dallgow-Döberitz,10882,13.082659,52.535741,66.54,Havelland
Westerkappeln,10876,7.877587,52.314798,85.83,Münsterland
"Lichtenstein/Sa., Stadt",10875,12.630844,50.756298,15.47,Chemnitz Zwickau Region
Hasbergen,10874,7.955852,52.243059,21.72,Grafschaft Bentheim-Emsland-Osnabrücker Land
Gottmadingen,10871,8.777019,47.735149,23.58,Hegau
Malente,10858,10.554871,54.171225,69.07,Holsteinische Schweiz
"Steinbach (Taunus), Stadt",10856,8.5721,50.167692,4.4,Main und Taunus
Kleinblittersdorf,10856,7.039191,49.156787,27.19,Übriges Saarland
Harsum,10846,9.964458,52.21046,50.0,Hannover-Hildesheim
Mandelbachtal,10844,7.142743,49.197062,57.71,Übriges Saarland
"Bad Staffelstein, St",10821,10.999853,50.10147,99.51,Obermain.Jura
Adendorf,10818,10.443754,53.287818,16.08,Lüneburger Heide
Grafschaft,10817,7.096534,50.571734,57.61,Ahr
Schkopau,10815,11.985224,51.389674,100.2,"Halle, Saale, Unstrut"
Fürth,10810,8.782414,49.650424,38.41,Odenwald-Bergstrasse-Neckartal
"Lorch, Stadt",10806,9.689403,48.797029,34.28,Schwäbische Alb
"Altensteig, Stadt",10798,8.601974,48.584389,53.19,Nördlicher Schwarzwald
Selfkant,10786,5.902141,51.014341,42.09,Niederrhein
Möglingen,10784,9.126384,48.887185,9.95,Region Stuttgart
"Herbolzheim, Stadt",10783,7.777447,48.222221,35.48,Südlicher Schwarzwald
"Nideggen, Stadt",10764,6.484282,50.692254,65.04,Eifel und Region Aachen
Nordkirchen,10762,7.525307,51.738183,52.41,Münsterland
"Kenzingen, Stadt",10748,7.769903,48.193031,36.93,Südlicher Schwarzwald
Feldkirchen-Westerham,10742,11.84456,47.909454,53.24,Chiemsee-Alpenland
Schwielowsee,10723,12.929695,52.311064,58.29,Havelland
"Wildau, Stadt",10717,13.636571,52.321356,9.11,Dahme-Seenland
Hagen im Bremischen,10705,8.644053,53.355946,197.42,Nordseeküste
"Diedorf, M",10699,10.777114,48.35371,33.31,Bayerisch-Schwaben
"Hammelburg, St",10694,9.89097,50.115381,128.88,Rhön
Karlsdorf-Neuthard,10693,8.545484,49.136151,14.02,Nördliches Baden-Württemberg
"Gernsheim, Schöfferstadt",10685,8.493249,49.752294,40.11,Odenwald-Bergstrasse-Neckartal
"Meßstetten, Stadt",10677,8.963063,48.180918,76.8,Schwäbische Alb
"Dießen am Ammersee, M",10673,11.095037,47.949176,82.66,Ammersee-Lech
"Burgau, St",10670,10.406193,48.431944,25.92,Bayerisch-Schwaben
Weinböhla,10659,13.571564,51.163186,19.02,Elbland
"Bad Iburg, Stadt",10652,8.045253,52.156471,36.47,Grafschaft Bentheim-Emsland-Osnabrücker Land
Taufkirchen (Vils),10652,12.131513,48.346437,70.18,Münchener Umland
Böhl-Iggelheim,10645,8.308577,49.365618,32.83,Pfalz
Plankstadt,10644,8.593962,49.392183,8.5,Nördliches Baden-Württemberg
Schorfheide,10632,13.682846,52.850132,238.17,Barnimer Land
Mülsen,10613,12.581262,50.731455,49.7,Chemnitz Zwickau Region
"Bischofswerda, Stadt",10576,14.179644,51.127691,46.21,Oberlausitz/Niederschlesien
"Donzdorf, Stadt",10568,9.811046,48.686613,39.82,Region Stuttgart
Emsbüren,10559,7.292613,52.392739,139.57,Grafschaft Bentheim-Emsland-Osnabrücker Land
Stephanskirchen,10558,12.186066,47.854144,26.51,Chiemsee-Alpenland
Morsbach,10555,7.727424,50.864325,55.96,Bergisches Land
Hüttenberg,10550,8.57712,50.520459,40.74,Lahn-Dill
Morbach,10542,7.119853,49.810561,122.26,Hunsrück
"Felsberg, Stadt",10535,9.422077,51.134766,83.32,Kurhessisches Bergland
Weingarten (Baden),10534,8.531712,49.050225,29.38,Nördliches Baden-Württemberg
"Gronau (Leine), Stadt",10527,9.774244,52.084178,88.39,Hannover-Hildesheim
Schönwalde-Glien,10523,13.129571,52.599887,97.35,Havelland
Merzenich,10508,6.524672,50.828594,37.91,Eifel und Region Aachen
Nauheim,10496,8.452237,49.945337,13.77,Odenwald-Bergstrasse-Neckartal
Schönaich,10495,9.062322,48.656516,14.15,Region Stuttgart
"Nossen, Stadt",10486,13.299465,51.058625,122.74,Elbland
"Barmstedt, Stadt",10470,9.768595,53.790385,17.17,übrig. Schleswig-Holstein
Schalksmühle,10463,7.529389,51.241352,38.09,Sauerland
Wald-Michelbach,10455,8.83014,49.570696,74.31,Odenwald-Bergstrasse-Neckartal
"Bogen, St",10453,12.689145,48.909881,49.74,Bayerischer Wald
"Langenzenn, St",10438,10.794782,49.493317,46.33,Romantisches Franken - vom Naturpark Frankenhöhe zur Romantischen Straße
"Aerzen, Flecken",10424,9.261633,52.046638,105.26,Weserbergland
"Dissen am Teutoburger Wald, Stadt",10423,8.201339,52.114735,31.9,Grafschaft Bentheim-Emsland-Osnabrücker Land
"Büdelsdorf, Stadt",10417,9.677817,54.315687,6.48,übrig. Schleswig-Holstein
"Aulendorf, Stadt",10417,9.638492,47.951301,52.33,Oberschwaben-Allgäu
"Burgstädt, Stadt",10413,12.805883,50.920143,25.88,Chemnitz Zwickau Region
Steinen,10409,7.73952,47.643739,46.85,Südlicher Schwarzwald
Reiskirchen,10389,8.832437,50.595897,44.99,Vogelsberg und Wetterau
"Bad Wildbad, Stadt",10388,8.549762,48.752251,105.22,Nördlicher Schwarzwald
Klipphausen,10384,13.527862,51.075664,111.67,Elbland
"Werlte, Stadt",10382,7.678432,52.851059,63.81,Grafschaft Bentheim-Emsland-Osnabrücker Land
"Endingen am Kaiserstuhl, Stadt",10381,7.701325,48.142314,26.7,Südlicher Schwarzwald
Hünstetten,10380,8.233802,50.267277,50.58,Rheingau-Taunus
Appenweier,10374,7.978133,48.537224,38.02,Mittlerer Schwarzwald
"Betzdorf, Stadt",10363,7.873843,50.785546,9.56,Westerwald
Schauenburg,10352,9.342869,51.282921,30.87,Kassel- Land
"Braunsbedra, Stadt",10352,11.883678,51.283795,74.64,"Halle, Saale, Unstrut"
"Kirchseeon, M",10342,11.887809,48.071806,17.91,Ebersberger Grünes Land
Goldenstedt,10313,8.430766,52.787669,88.91,Oldenburger Münsterland
Anröchte,10304,8.327462,51.561271,73.79,Sauerland
Marpingen,10297,7.057295,49.451724,39.83,Übriges Saarland
"Rüthen, Stadt",10290,8.431127,51.491486,158.15,Sauerland
"Altusried, M",10289,10.215024,47.803647,91.68,Allgäu
"Markt Indersdorf, M",10283,11.373487,48.361167,68.4,Münchener Umland
Friedeburg,10280,7.837696,53.45565,163.75,Ostfriesland
Altenberge,10278,7.465557,52.045876,62.96,Münsterland
Kirchzarten,10266,7.955318,47.965089,21.13,Südlicher Schwarzwald
"Simbach a.Inn, St",10261,13.015233,48.262787,47.33,Bayerisches Thermenland
"Neuenstadt am Kocher, Stadt",10249,9.330987,49.237185,41.17,Nördliches Baden-Württemberg
Mörlenbach,10245,8.737691,49.597539,27.22,Odenwald-Bergstrasse-Neckartal
Steinfeld (Oldenburg),10228,8.217045,52.586924,60.05,Oldenburger Münsterland
"Schleusingen, Stadt",10225,10.749262,50.509068,125.59,Thüringer Wald
Birkenfeld,10224,8.636435,48.870121,19.04,Nördlicher Schwarzwald
"Lollar, Stadt",10222,8.705492,50.650039,21.39,Vogelsberg und Wetterau
"Beilngries, St",10218,11.471047,49.03653,100.02,Naturpark Altmühltal
"Tangermünde, Stadt",10212,11.973666,52.549088,90.44,Altmark
Hambühren,10208,9.983254,52.635569,56.81,Lüneburger Heide
Königsbach-Stein,10201,8.610536,48.966057,33.71,Nördliches Baden-Württemberg
Wendeburg,10199,10.385712,52.326393,60.15,Braunschweiger Land
Kirkel,10191,7.226366,49.284514,31.34,Übriges Saarland
"Steinau an der Straße, Brüder-Grimm-Stadt",10189,9.461969,50.313016,104.86,Spessart-Kinzigtal-Vogelsberg
"Süßen, Stadt",10185,9.757236,48.680177,12.79,Region Stuttgart
"Flöha, Stadt",10183,13.072994,50.858511,27.76,Erzgebirge
"Friedrichsthal, Stadt",10180,7.09686,49.32234,8.99,Übriges Saarland
"Niebüll, Stadt",10173,8.829499,54.788141,30.63,übrig. Schleswig-Holstein
"Grevesmühlen, Stadt",10167,11.184913,53.864458,52.38,Mecklenburgische Ostseeküste
"Bad Lauterberg im Harz, Stadt",10164,10.46544,51.626737,41.56,Harz
Kirchlinteln,10148,9.314682,52.939262,174.67,Mittelweser
"Mengen, Stadt",10148,9.329165,48.048768,49.81,Oberschwaben-Allgäu
"Meuselwitz, Stadt",10148,12.29949,51.04228,53.66,Altenburger Land
Lenggries,10147,11.576728,47.682625,242.83,Tölzer Land
Bestwig,10147,8.398158,51.36108,69.46,Sauerland
"Heubach, Stadt",10145,9.934626,48.78878,25.78,Schwäbische Alb
Willstätt,10124,7.893251,48.541564,55.27,Mittlerer Schwarzwald
"Tangerhütte, Stadt",10108,11.808341,52.434524,297.08,Altmark
Merchweiler,10099,7.058254,49.358969,12.8,Übriges Saarland
"Gemünden a.Main, St",10098,9.700757,50.051307,75.06,Spessart-Mainland
"Gommern, Stadt",10090,11.825518,52.073221,161.36,"Magdeburg, Elbe-Börde-Heide"
Hilter am Teutoburger Wald,10067,8.146029,52.13943,52.59,Grafschaft Bentheim-Emsland-Osnabrücker Land
Rödinghausen,10064,8.479015,52.253282,36.27,Teutoburger Wald
"Oelsnitz/Vogtl., Stadt",10062,12.17316,50.41589,53.66,Vogtland
"Werneck, M",10051,10.099729,49.982612,73.57,Fränkisches Weinland
Bobenheim-Roxheim,10045,8.364735,49.578035,20.51,Pfalz
"Bad Ems, Stadt",10030,7.712321,50.33497,15.41,Lahntal
Schwaikheim,10028,9.34922,48.877358,9.22,Region Stuttgart
"Mittenwalde, Stadt",10027,13.536256,52.264886,99.13,Dahme-Seenland
Nordwalde,10024,7.480649,52.084294,51.6,Münsterland
"Querfurt, Stadt",10007,11.597433,51.37863,156.39,"Halle, Saale, Unstrut"
"Blumberg, Stadt",10003,8.534256,47.839705,98.72,Mittlerer Schwarzwald
Dettingen an der Erms,9993,9.346973,48.529679,15.79,Schwäbische Alb
"Ohrdruf, Stadt",9991,10.734042,50.827454,113.6,Thüringer Wald
Ammersbek,9991,10.167763,53.691174,17.71,übrig. Schleswig-Holstein
"Wildberg, Stadt",9977,8.746753,48.625146,56.68,Nördlicher Schwarzwald
Weil im Schönbuch,9970,9.061727,48.622879,26.12,Region Stuttgart
"Münchberg, St",9969,11.789822,50.191739,68.78,Fichtelgebirge
"Kaufering, M",9957,10.85649,48.092915,17.68,Ammersee-Lech
"Olbernhau, Stadt",9953,13.339236,50.659281,125.35,Erzgebirge
Nohfelden,9949,7.143099,49.586753,100.82,Nordsaarland
"Rehburg-Loccum, Stadt",9942,9.225712,52.470153,99.97,Mittelweser
"Bad Orb, Stadt",9934,9.348206,50.227786,47.75,Spessart-Kinzigtal-Vogelsberg
Tutzing,9926,11.278249,47.911374,35.65,StarnbergAmmersee
"Gudensberg, Stadt",9925,9.366029,51.178409,46.49,Kurhessisches Bergland
"Bleicherode, Stadt",9920,10.574512,51.440357,108.17,Südharz-Kyffhäuser
Neuried,9919,7.807163,48.467234,57.84,Mittlerer Schwarzwald
Ottendorf-Okrilla,9909,13.831724,51.187617,25.93,Oberlausitz/Niederschlesien
Walzbachtal,9904,8.611602,49.010197,36.68,Nördliches Baden-Württemberg
Vettweiß,9903,6.597458,50.739039,83.15,Eifel und Region Aachen
Waltenhofen,9901,10.30443,47.670993,59.75,Allgäu
Biebertal,9893,8.597507,50.619052,43.94,Lahn-Dill
Twist,9891,7.061567,52.635763,105.67,Grafschaft Bentheim-Emsland-Osnabrücker Land
"Weilheim an der Teck, Stadt",9887,9.537362,48.615689,26.51,Region Stuttgart
"Rüdesheim am Rhein, Stadt",9879,7.926648,49.979366,51.41,Rheingau-Taunus
Elchingen,9869,10.051368,48.437492,24.88,Bayerisch-Schwaben
Altenholz,9865,10.120656,54.402998,19.04,übrig. Schleswig-Holstein
"Niddatal, Stadt",9861,8.815266,50.29758,40.25,Vogelsberg und Wetterau
Südlohn,9861,6.865981,51.944322,45.29,Münsterland
"Goldbach, M",9857,9.183308,49.997821,10.96,Spessart-Mainland
Spelle,9856,7.469059,52.367401,34.22,Grafschaft Bentheim-Emsland-Osnabrücker Land
Emmerthal,9834,9.376592,52.049405,114.94,Weserbergland
"Wahlstedt, Stadt",9831,10.214464,53.952343,15.75,übrig. Schleswig-Holstein
Kümmersbruck,9830,11.877755,49.419327,47.3,Bayerischer Jura
Nersingen,9827,10.123851,48.428565,24.28,Bayerisch-Schwaben
Ilsfeld,9826,9.24477,49.05512,26.51,Nördliches Baden-Württemberg
Pliezhausen,9821,9.20596,48.559129,17.31,Schwäbische Alb
Hünfelden,9818,8.161342,50.30926,62.69,Westerwald-Lahn-Taunus
Ainring,9800,12.943264,47.816451,32.96,Berchtesgadener Land
Eschenburg,9795,8.337467,50.813851,45.78,Lahn-Dill
"Kösching, M",9788,11.501015,48.810992,55.69,Naturpark Altmühltal
Augustdorf,9774,8.74464,51.909123,42.18,Teutoburger Wald
Everswinkel,9772,7.848037,51.925521,69.06,Münsterland
Plüderhausen,9766,9.599182,48.795519,26.12,Region Stuttgart
Höchst i. Odw.,9744,8.993999,49.799584,30.51,Odenwald-Bergstrasse-Neckartal
Visbek,9735,8.312532,52.836739,84.24,Oldenburger Münsterland
Ostercappeln,9734,8.226132,52.345657,100.16,Grafschaft Bentheim-Emsland-Osnabrücker Land
"Erlenbach a.Main, St",9717,9.160594,49.802337,16.31,Spessart-Mainland
Köngen,9716,9.363326,48.684568,12.51,Region Stuttgart
"Bad Frankenhausen/Kyffhäuser, Stadt",9715,11.100746,51.357318,91.06,Südharz-Kyffhäuser
"Oldenburg in Holstein, Stadt",9711,10.88815,54.293241,39.69,Ostsee
"Nieder-Olm, Stadt",9703,8.203097,49.909864,11.22,Rheinhessen
"Trebbin, Stadt",9700,13.212539,52.21445,126.37,Fläming
"Laubach, Stadt",9699,8.99015,50.542551,97.01,Vogelsberg und Wetterau
"Klötze, Stadt",9699,11.161472,52.626213,279.54,Altmark
"Heilsbronn, St",9692,10.786643,49.339366,62.23,Romantisches Franken - vom Naturpark Frankenhöhe zur Romantischen Straße
Linsengericht,9679,9.19923,50.188757,29.8,Spessart-Kinzigtal-Vogelsberg
Veitshöchheim,9671,9.87255,49.833205,10.76,Fränkisches Weinland
"Pasewalk, Stadt",9666,13.990282,53.505112,55.21,Vorpommern
"Roßtal, M",9663,10.886133,49.398892,44.34,Romantisches Franken - vom Naturpark Frankenhöhe zur Romantischen Straße
"Brandis, Stadt",9654,12.609467,51.333915,34.89,Leipzig Region
"Osthofen, Stadt",9650,8.322551,49.703765,18.62,Rheinhessen
Hirschberg an der Bergstraße,9647,8.656323,49.49855,12.35,Nördliches Baden-Württemberg
"Schotten, Stadt",9641,9.124329,50.502258,133.56,Vogelsberg und Wetterau
Römerberg,9634,8.398865,49.265731,27.85,Pfalz
"Altlandsberg, Stadt",9630,13.728164,52.566902,106.6,Seenland Oder-Spree
"Bad Breisig, Stadt",9623,7.299476,50.508995,19.93,Mittelrheintal
"Aichtal, Stadt",9599,9.236006,48.621,23.6,Region Stuttgart
"Demmin, Hansestadt",9583,13.038196,53.905543,82.06,Mecklenburgische Schweiz und Seenplatte
Birkenau,9565,8.705575,49.562425,24.54,Odenwald-Bergstrasse-Neckartal
Oberhausen-Rheinhausen,9565,8.482728,49.260511,18.92,Nördliches Baden-Württemberg
"Höchberg, M",9564,9.881124,49.784677,7.55,Fränkisches Weinland
Schulzendorf,9562,13.596432,52.357838,9.1,Dahme-Seenland
"Wettin-Löbejün, Stadt",9554,11.901719,51.637419,127.66,"Halle, Saale, Unstrut"
"Oberharz am Brocken, Stadt",9547,10.803213,51.769516,271.73,Harz und Harzvorland
"Runkel, Stadt",9543,8.156881,50.405383,43.71,Westerwald-Lahn-Taunus
Kißlegg,9530,9.881938,47.787754,92.45,Oberschwaben-Allgäu
Magstadt,9513,8.962269,48.742432,19.12,Region Stuttgart
"Bad König, Stadt",9508,9.005106,49.743868,46.73,Odenwald-Bergstrasse-Neckartal
Bisingen,9506,8.917087,48.310155,32.83,Schwäbische Alb
Perl,9503,6.386208,49.473406,75.24,Nordsaarland
"Töging a.Inn, St",9496,12.586743,48.254645,13.65,Inn-Salzach
"Wertingen, St",9486,10.682594,48.561872,51.88,Bayerisch-Schwaben
"Heiligenhafen, Stadt",9484,10.974623,54.373048,18.32,Ostsee
Mainhausen,9483,8.994485,50.015014,17.92,Main und Taunus
"Großröhrsdorf, Stadt",9477,14.024289,51.143211,40.95,Oberlausitz/Niederschlesien
Großhansdorf,9469,10.285038,53.662547,11.2,übrig. Schleswig-Holstein
"Bad Bevensen, Stadt",9466,10.575419,53.080198,48.37,Lüneburger Heide
"Bockenem, Stadt",9465,10.128926,52.009625,109.95,Hannover-Hildesheim
"Visselhövede, Stadt",9458,9.580361,52.985561,159.2,Lüneburger Heide
Zorneding,9452,11.825588,48.084445,23.79,Ebersberger Grünes Land
"Fürstenau, Stadt",9443,7.674799,52.516666,78.65,Grafschaft Bentheim-Emsland-Osnabrücker Land
"Oberzent, Stadt",9429,8.9735,49.567461,165.61,Odenwald-Bergstrasse-Neckartal
"Sebnitz, Stadt",9421,14.269264,50.972858,88.23,Sächsische Schweiz
"Wilkau-Haßlau, Stadt",9418,12.515553,50.673643,12.65,Chemnitz Zwickau Region
Wölfersheim,9417,8.812984,50.398525,43.11,Vogelsberg und Wetterau
"Höhr-Grenzhausen, Stadt",9415,7.66835,50.434108,15.88,Westerwald
"Ilsenburg (Harz), Stadt",9414,10.679796,51.865815,63.08,Harz und Harzvorland
"Hemau, St",9408,11.781339,49.053299,122.34,Bayerischer Jura
Ehringshausen,9399,8.381612,50.596447,45.43,Lahn-Dill
"Werneuchen, Stadt",9397,13.730878,52.630925,117.02,Barnimer Land
Hohenhameln,9396,10.062749,52.258403,69.59,Braunschweiger Land
Giesen,9382,9.892277,52.195149,34.0,Hannover-Hildesheim
Nuthetal,9376,13.104062,52.349935,48.03,Fläming
"Ichenhausen, St",9373,10.305508,48.372441,34.27,Bayerisch-Schwaben
"Osterburg (Altmark), Hansestadt",9371,11.753617,52.787899,231.14,Altmark
Pfedelbach,9369,9.503745,49.17696,41.29,Nördliches Baden-Württemberg
"Ochsenhausen, Stadt",9358,9.951929,48.06947,59.96,Oberschwaben-Allgäu
Essen (Oldenburg),9356,7.939404,52.719834,98.11,Oldenburger Münsterland
"Miltenberg, St",9351,9.257405,49.701266,60.26,Spessart-Mainland
Großbeeren,9344,13.307172,52.353582,51.89,Fläming
"Kandel, Stadt",9337,8.192761,49.081369,26.69,Pfalz
"Laufenburg (Baden), Stadt",9335,8.061623,47.565321,23.57,Südlicher Schwarzwald
Petersberg,9329,11.949686,51.593677,103.37,"Halle, Saale, Unstrut"
Worpswede,9328,8.925015,53.222854,76.38,Unterelbe-Unterweser
Wallerfangen,9324,6.716472,49.329587,42.22,Übriges Saarland
Schmitten im Taunus,9323,8.444191,50.270038,35.51,Main und Taunus
"Neustadt (Hessen), Stadt",9316,9.114982,50.852589,56.86,Marburg-Biedenkopf
March,9309,7.78046,48.053089,17.79,Südlicher Schwarzwald
Molbergen,9306,7.922121,52.858718,102.56,Oldenburger Münsterland
"Zwenkau, Stadt",9305,12.327259,51.217549,46.3,Leipzig Region
Aidlingen,9302,8.896991,48.677969,26.56,Region Stuttgart
"Bad Liebenzell, Stadt",9301,8.73361,48.771372,33.78,Nördlicher Schwarzwald
"Oberstdorf, M",9279,10.276053,47.408447,229.9,Allgäu
Urbach,9277,9.576727,48.81022,20.77,Region Stuttgart
Ehningen,9277,8.940525,48.65926,17.81,Region Stuttgart
Alsbach-Hähnlein,9273,8.61793,49.739626,15.77,Odenwald-Bergstrasse-Neckartal
"Schlitz, Stadt",9271,9.558584,50.675319,142.06,Vogelsberg und Wetterau
Wehrheim,9271,8.568053,50.302901,38.34,Main und Taunus
Mücke,9267,9.026362,50.624727,86.23,Vogelsberg und Wetterau
"Teisendorf, M",9267,12.820465,47.849858,86.76,Berchtesgadener Land
Kolkwitz/Gołkojce,9265,14.244736,51.74988,104.68,Spreewald
Schlangen,9257,8.842969,51.808914,75.97,Teutoburger Wald
Nalbach,9251,6.788315,49.379009,22.43,Übriges Saarland
Waldfeucht,9242,5.988264,51.066007,30.27,Niederrhein
Dornstadt,9241,9.942617,48.466494,59.23,Schwäbische Alb
"Salzhemmendorf, Flecken",9233,9.589601,52.066226,94.44,Weserbergland
"Lügde, Stadt der Osterräder",9232,9.245996,51.957888,88.64,Teutoburger Wald
"Elsenfeld, M",9225,9.161132,49.846407,24.38,Spessart-Mainland
"Kemberg, Stadt",9217,12.633727,51.772478,237.09,Anhalt-Wittenberg
Gnarrenburg,9216,9.002998,53.3823,123.22,Unterelbe-Unterweser
"Hohenmölsen, Stadt",9211,12.099888,51.156346,75.69,"Halle, Saale, Unstrut"
Ilvesheim,9207,8.567892,49.472324,5.89,Nördliches Baden-Württemberg
Ebsdorfergrund,9207,8.857172,50.727847,72.87,Marburg-Biedenkopf
"Luckau, Stadt",9203,13.715887,51.852659,207.44,Spreewald
Frickenhausen,9201,9.359845,48.593654,11.34,Region Stuttgart
Hürtgenwald,9196,6.392832,50.723394,88.05,Eifel und Region Aachen
"Storkow (Mark), Stadt",9196,13.932683,52.257122,180.72,Seenland Oder-Spree
Hilzingen,9196,8.777866,47.765627,53.02,Hegau
Lichtenstein,9191,9.254311,48.430248,34.24,Schwäbische Alb
Gäufelden,9181,8.829578,48.55375,20.07,Region Stuttgart
Bestensee,9171,13.632815,52.243008,38.05,Dahme-Seenland
Trittau,9170,10.407017,53.609857,28.58,übrig. Schleswig-Holstein
"Lüchow (Wendland), Stadt",9170,11.161706,52.967743,89.46,Lüneburger Heide
Altenbeken,9161,8.944689,51.760981,76.22,Teutoburger Wald
"Bleckede, Stadt",9154,10.732726,53.291349,140.65,Lüneburger Heide
"Freystadt, St",9151,11.328203,49.199011,80.56,Bayerischer Jura
Aschheim,9149,11.71681,48.171014,28.05,Münchener Umland
Wangerland,9149,7.915526,53.662516,176.19,Nordseeküste
"Kyritz, Stadt",9147,12.396369,52.942534,157.37,Prignitz
"Nittenau, St",9145,12.268896,49.196567,98.73,Oberpfälzer Wald
"Dassel, Stadt",9142,9.687833,51.803,113.24,Weserbergland
Barleben,9137,11.620091,52.199761,29.81,"Magdeburg, Elbe-Börde-Heide"
"Eisenberg (Pfalz), Stadt",9137,8.07207,49.557834,18.75,Pfalz
"Steinbach-Hallenberg, Stadt",9130,10.568215,50.699769,76.73,Thüringer Wald
"Rain, St",9127,10.921054,48.690496,77.13,Bayerisch-Schwaben
Adelsdorf,9126,10.892848,49.714781,31.68,Steigerwald
Schaafheim,9113,9.007365,49.921287,32.16,Odenwald-Bergstrasse-Neckartal
"Reinfeld (Holstein), Stadt",9107,10.488565,53.8315,17.37,übrig. Schleswig-Holstein
"Tecklenburg, Stadt",9098,7.814244,52.219392,70.49,Münsterland
"Florstadt, Stadt",9097,8.861417,50.318669,39.6,Vogelsberg und Wetterau
Dielheim,9094,8.734802,49.282607,22.67,Nördliches Baden-Württemberg
Gomaringen,9080,9.096513,48.452476,17.32,Schwäbische Alb
"Grimmen, Stadt",9076,13.043192,54.113133,50.51,Vorpommern
Biblis,9076,8.450353,49.683253,40.47,Odenwald-Bergstrasse-Neckartal
Fehrbellin,9076,12.764153,52.813492,270.38,Ruppiner Seenland
"Vallendar, Stadt",9062,7.622831,50.398186,13.22,Mittelrheintal
"Zwiesel, St",9059,13.23347,49.014587,41.16,Bayerischer Wald
Titz,9052,6.427013,51.005518,68.51,Eifel und Region Aachen
"Rehau, St",9045,12.035833,50.248373,80.33,Fichtelgebirge
"Bad Schussenried, Stadt",9044,9.657495,48.004849,55.01,Oberschwaben-Allgäu
"Mendig, Stadt",9034,7.280288,50.372828,23.75,Eifel
Hohenbrunn,9032,11.702249,48.048186,18.58,Münchener Umland
"Weißenthurm, Stadt",9020,7.455206,50.415706,3.99,Mittelrheintal
Kusterdingen,9016,9.120318,48.521842,24.24,Schwäbische Alb
"Berching, St",9008,11.444396,49.104465,131.18,Bayerischer Jura
"Elsfleth, Stadt",9004,8.457116,53.237137,115.19,Unterelbe-Unterweser
"Neuötting, St",8991,12.690715,48.240061,36.6,Inn-Salzach
"Waldheim, Stadt",8989,13.017355,51.073265,41.71,Leipzig Region
"Zahna-Elster, Stadt",8984,12.829442,51.829561,149.34,Anhalt-Wittenberg
"Bad Gandersheim, Stadt",8983,10.024463,51.870567,90.85,Harz
Grünheide (Mark),8978,13.822805,52.425521,126.9,Seenland Oder-Spree
"Wunsiedel, St",8970,12.002966,50.037027,54.88,Fichtelgebirge
"Bruchhausen-Vilsen, Flecken",8970,8.986762,52.822285,109.67,Mittelweser
Oststeinbek,8961,10.164668,53.542137,11.36,übrig. Schleswig-Holstein
"Niesky, Stadt",8956,14.823061,51.293789,53.81,Oberlausitz/Niederschlesien
"Bad Griesbach i.Rottal, St",8952,13.192962,48.451913,70.13,Bayerisches Thermenland
"Nittendorf, M",8920,11.961222,49.024405,33.45,Bayerischer Jura
"Obernkirchen, Stadt",8912,9.130876,52.270718,32.45,Weserbergland
Nettersheim,8902,6.627903,50.491983,94.35,Eifel und Region Aachen
"Bad Liebenwerda, Stadt",8899,13.394139,51.515956,138.88,Elbe Elster Land
"Zörbig, Stadt",8899,12.122807,51.628453,114.31,Anhalt-Wittenberg
"Torgelow, Stadt",8899,14.010799,53.629276,72.19,Vorpommern
Bad Laer,8895,8.08725,52.100739,46.81,Grafschaft Bentheim-Emsland-Osnabrücker Land
"Sassnitz, Stadt",8893,13.634476,54.51304,47.41,Rügen/Hiddensee
"Vohburg a.d.Donau, St",8891,11.619089,48.768066,45.17,Oberbayerns Städte
Liederbach am Taunus,8887,8.494169,50.117038,6.2,Main und Taunus
Gerstungen,8884,10.075877,50.968063,149.98,Thüringer Wald
"Bad Lauchstädt, Goethestadt",8883,11.867012,51.387158,85.57,"Halle, Saale, Unstrut"
"Elze, Stadt",8880,9.735897,52.121655,47.81,Hannover-Hildesheim
Steinheim am Albuch,8876,10.063541,48.692172,82.43,Schwäbische Alb
"Wetter (Hessen), Stadt",8867,8.723954,50.903328,104.53,Marburg-Biedenkopf
Kabelsketal,8859,12.116478,51.428848,51.18,"Halle, Saale, Unstrut"
Neuenkirchen-Vörden,8858,8.068681,52.509539,90.94,Oldenburger Münsterland
Memmelsdorf,8858,10.95495,49.932697,26.24,Fränkische Schweiz
Bockhorn,8851,8.013199,53.393237,77.27,Ostfriesland
"Borgholzhausen, Stadt",8847,8.300771,52.101931,55.99,Teutoburger Wald
Sulzbach (Taunus),8846,8.528319,50.13359,7.85,Main und Taunus
"Auerbach i.d.OPf., St",8846,11.6291,49.691728,78.26,Bayerischer Jura
"Plön, Stadt",8844,10.416369,54.158288,35.98,Holsteinische Schweiz
Groß Kreutz (Havel),8838,12.776671,52.403684,99.35,Havelland
Bösel,8837,7.954296,53.00595,100.21,Oldenburger Münsterland
Südharz,8829,11.077138,51.463166,237.59,Harz und Harzvorland
"Breckerfeld, Hansestadt",8816,7.46522,51.261435,59.09,Ruhrgebiet
"Kappeln, Stadt",8812,9.931158,54.659144,43.33,Ostsee
Schemmerhofen,8807,9.795846,48.174074,50.16,Oberschwaben-Allgäu
"Brand-Erbisdorf, Stadt",8797,13.32197,50.869411,46.33,Erzgebirge
Neuried,8795,11.465823,48.093116,9.62,Münchener Umland
"Roetgen, Tor zur Eifel",8786,6.196427,50.648577,39.03,Eifel und Region Aachen
"Hallstadt, St",8781,10.875159,49.928417,14.6,Haßberge
Obertraubling,8779,12.165778,48.966317,24.87,Bayerisches Thermenland
"Naunhof, Stadt",8776,12.587583,51.278107,39.71,Leipzig Region
Heek,8773,7.111581,52.116177,69.43,Münsterland
"Ueckermünde, Seebad , Stadt",8768,14.046489,53.736513,85.87,Vorpommern
Schwaig b.Nürnberg,8761,11.199107,49.472306,5.9,Nürnberger Land
"Zschopau, Stadt, Motorradstadt",8760,13.072274,50.747744,22.78,Erzgebirge
Wenzenbach,8757,12.200621,49.076396,29.85,Bayerischer Wald
Mühlhausen,8753,8.726913,49.248138,15.3,Nördliches Baden-Württemberg
"Waldenbuch, Stadt",8750,9.12974,48.638166,22.7,Region Stuttgart
"Neustadt an der Orla, Stadt",8743,11.742638,50.73581,86.06,Thüringer Wald
Rimbach,8738,8.756412,49.623998,23.16,Odenwald-Bergstrasse-Neckartal
Langweid a.Lech,8737,10.855713,48.492842,23.56,Bayerisch-Schwaben
Dörverden,8735,9.227519,52.847043,83.51,Mittelweser
"Herzberg (Elster), Stadt",8732,13.23544,51.69229,149.01,Elbe Elster Land
Kressbronn am Bodensee,8727,9.59834,47.596747,20.42,Bodensee
"Bad Bergzabern, Stadt",8724,7.999155,49.100366,10.71,Pfalz
Mainaschaff,8721,9.087302,49.981077,7.3,Spessart-Mainland
Eslohe (Sauerland),8717,8.170291,51.254307,113.36,Sauerland
Großenlüder,8714,9.540875,50.589482,73.93,Rhön
"Kandern, Stadt",8710,7.662899,47.714834,62.26,Südlicher Schwarzwald
"Hemmoor, Stadt",8709,9.153373,53.692362,45.07,Nordseeküste
Bellheim,8706,8.284042,49.190542,20.43,Pfalz
Heiden,8704,6.932484,51.825996,53.39,Münsterland
"Raguhn-Jeßnitz, Stadt",8702,12.268773,51.708263,97.83,Anhalt-Wittenberg
Keltern,8693,8.576844,48.901298,29.82,Nördliches Baden-Württemberg
Sonsbeck,8688,6.376478,51.607521,55.41,Niederrhein
Efringen-Kirchen,8683,7.565548,47.649597,43.75,Südlicher Schwarzwald
Sinntal,8680,9.623114,50.312197,111.82,Spessart-Kinzigtal-Vogelsberg
"Möckmühl, Stadt",8680,9.359823,49.323117,49.6,Nördliches Baden-Württemberg
"Wissen, Stadt",8679,7.736064,50.78031,34.88,Westerwald
"Meßkirch, Stadt",8676,9.111166,47.992608,76.22,Oberschwaben-Allgäu
"Rauenberg, Stadt",8675,8.70473,49.266186,11.12,Nördliches Baden-Württemberg
"Weilmünster, Marktflecken",8674,8.376585,50.432368,77.42,Westerwald-Lahn-Taunus
Untergruppenbach,8670,9.276206,49.091469,27.27,Nördliches Baden-Württemberg
Gleichen,8663,9.980599,51.46877,129.25,Harz
"Furth im Wald, St",8659,12.842882,49.308018,67.06,Bayerischer Wald
"Borgentreich, Orgelstadt",8632,9.240386,51.571529,138.94,Teutoburger Wald
Flieden,8620,9.566496,50.423953,49.65,Rhön
Sande,8619,8.01612,53.49975,44.92,Ostfriesland
Pullach i.Isartal,8601,11.522441,48.057124,7.4,Münchener Umland
Sülzetal,8577,11.578621,52.040472,104.3,"Magdeburg, Elbe-Börde-Heide"
"Obernburg a.Main, St",8575,9.143788,49.842701,24.82,Spessart-Mainland
Schladen-Werla,8566,10.540154,52.022227,73.91,Braunschweiger Land
"Fürstenzell, M",8565,13.315787,48.522201,79.36,Bayerisches Thermenland
"Schnaittach, M",8561,11.341063,49.559467,49.34,Nürnberger Land
"Kirn, Stadt",8551,7.456773,49.788787,16.53,Naheland
"Allersberg, M",8550,11.236588,49.251415,59.7,Fränkisches Seenland
"Tirschenreuth, St",8516,12.33646,49.878232,103.95,Oberpfälzer Wald
"Wörrstadt, Stadt",8515,8.11667,49.838016,16.75,Rheinhessen
Lienen,8512,7.97575,52.146807,73.44,Münsterland
"Volkach, St",8512,10.226896,49.864209,60.1,Fränkisches Weinland
Löwenberger Land,8508,13.153342,52.89704,245.43,Ruppiner Seenland
Biederitz,8508,11.716439,52.159249,39.63,"Magdeburg, Elbe-Börde-Heide"
Dornburg,8506,8.024181,50.503919,33.23,Westerwald-Lahn-Taunus
Geratal,8504,10.812573,50.748323,82.33,Thüringer Wald
"Schleiz, Stadt",8501,11.807287,50.577418,108.21,Thüringer Wald
"Dietmannsried, M",8498,10.288985,47.808713,53.68,Allgäu
Garching a.d.Alz,8491,12.574383,48.127462,25.86,Inn-Salzach
"Ergoldsbach, M",8491,12.204588,48.691787,56.98,Bayerisches Thermenland
"Rottenburg a.d.Laaber, St",8486,12.027732,48.702367,90.11,Bayerisches Thermenland
"Ottobeuren, M",8486,10.300871,47.941672,55.98,Allgäu
Nonnweiler,8484,6.970552,49.606237,66.83,Nordsaarland
Nordheim,8480,9.126068,49.109167,12.71,Nördliches Baden-Württemberg
Seegebiet Mansfelder Land,8474,11.671313,51.460139,108.73,Harz und Harzvorland
Fuldabrück,8474,9.495422,51.228045,17.86,Kassel- Land
Rülzheim,8472,8.293548,49.155067,16.66,Pfalz
"Neuhaus am Rennweg, Stadt",8468,11.138519,50.509728,108.22,Thüringer Wald
"Staufen im Breisgau, Stadt",8459,7.729921,47.880529,23.32,Südlicher Schwarzwald
Kahl a.Main,8457,9.005097,50.070293,10.64,Spessart-Mainland
"Doberlug-Kirchhain, Stadt",8438,13.561167,51.635945,150.36,Elbe Elster Land
Blankenheim,8434,6.648417,50.438414,148.62,Eifel und Region Aachen
"Ortenberg, Stadt",8423,9.054158,50.35609,54.7,Vogelsberg und Wetterau
"Ballenstedt, Stadt",8422,11.237514,51.72028,87.3,Harz und Harzvorland
"Furtwangen im Schwarzwald, Stadt",8420,8.205476,48.051584,82.57,Mittlerer Schwarzwald
Reilingen,8404,8.566677,49.29268,16.35,Nördliches Baden-Württemberg
"Schierling, M",8395,12.139713,48.834571,77.42,Bayerisches Thermenland
Woltersdorf,8386,13.756782,52.450193,9.12,Seenland Oder-Spree
Möser,8386,11.790495,52.21832,80.89,"Magdeburg, Elbe-Börde-Heide"
Bad Rothenfelde,8385,8.160649,52.108228,18.21,Grafschaft Bentheim-Emsland-Osnabrücker Land
Heikendorf,8372,10.207126,54.371303,14.72,Ostsee
Reichenbach an der Fils,8362,9.459835,48.709743,7.43,Region Stuttgart
"Viechtach, St",8361,12.884245,49.081812,62.47,Bayerischer Wald
Kleinostheim,8360,9.062952,49.99941,13.89,Spessart-Mainland
"Großräschen/Rań, Stadt",8355,14.010831,51.588116,81.86,Lausitzer Seenland
Friedland,8332,9.913521,51.419791,75.87,Harz
"Landstuhl, Sickingenstadt, Stadt",8332,7.568755,49.410247,15.34,Pfalz
Niederwerrn,8331,10.173669,50.063381,9.78,Fränkisches Weinland
Timmendorfer Strand,8320,10.770247,53.99638,20.13,Ostsee
"Kirchen (Sieg), Stadt",8318,7.882897,50.808187,39.76,Westerwald
Siegsdorf,8314,12.641761,47.820981,57.0,Chiemsee-Chiemgau
"Stadtilm, Stadt",8312,11.086073,50.775669,120.26,Thüringer Wald
Langenberg,8311,8.320352,51.775971,38.31,Teutoburger Wald
"Barntrup, Stadt",8297,9.116339,51.990496,59.46,Teutoburger Wald
"Herrieden, St",8295,10.495052,49.23568,81.66,Romantisches Franken - vom Naturpark Frankenhöhe zur Romantischen Straße
Wettringen,8295,7.319404,52.209339,57.69,Münsterland
"Staufenberg, Stadt",8291,8.732286,50.659884,28.58,Vogelsberg und Wetterau
Meine,8286,10.545222,52.381857,39.04,Lüneburger Heide
Reichelsheim (Odenwald),8282,8.839871,49.712441,58.21,Odenwald-Bergstrasse-Neckartal
"Arnstein, St",8281,9.966942,49.978736,112.1,Fränkisches Weinland
"Heroldsberg, M",8281,11.156797,49.535894,11.09,Nürnberger Land
"Willebadessen, Stadt",8281,9.028703,51.624696,128.41,Teutoburger Wald
Großheide,8275,7.343594,53.592272,69.33,Ostfriesland
Unterwellenborn,8261,11.44187,50.658516,63.09,Thüringer Wald
"Hainichen, Stadt",8255,13.12406,50.968719,51.73,Chemnitz Zwickau Region
"Colditz, Stadt",8249,12.80675,51.125652,84.07,Leipzig Region
"Kellinghusen, Stadt",8243,9.71403,53.950291,18.81,übrig. Schleswig-Holstein
"Lützen, Stadt",8242,12.141207,51.25541,96.93,"Halle, Saale, Unstrut"
Schwarzenbruck,8241,11.240717,49.355442,22.25,Nürnberger Land
Biebergemünd,8240,9.276363,50.20755,78.45,Spessart-Kinzigtal-Vogelsberg
Borsdorf,8229,12.538822,51.347926,15.64,Leipzig Region
"Kuppenheim, Stadt",8224,8.254177,48.827747,18.08,Nördlicher Schwarzwald
"Bersenbrück, Stadt",8221,7.947724,52.555167,42.54,Grafschaft Bentheim-Emsland-Osnabrücker Land
Moritzburg,8217,13.68009,51.159495,46.49,Elbland
Wachtendonk,8217,6.334166,51.406325,48.17,Niederrhein
Uhldingen-Mühlhofen,8210,9.245612,47.735636,15.66,Bodensee
"Hermsdorf, Stadt",8210,11.856674,50.896145,7.49,Saaleland
"Grafenau, St",8203,13.397607,48.85871,63.73,Bayerischer Wald
Bad Feilnbach,8198,12.008173,47.773292,57.49,Chiemsee-Alpenland
"Simmern/ Hunsrück, Stadt",8195,7.522062,49.985095,11.96,Hunsrück
"Dornstetten, Stadt",8194,8.499599,48.470329,24.2,Nördlicher Schwarzwald
"Knittlingen, Stadt",8188,8.758013,49.024124,26.33,Nördliches Baden-Württemberg
Hohberg,8186,7.908087,48.423963,28.95,Mittlerer Schwarzwald
"Teterow, Bergringstadt",8186,12.575889,53.773591,47.07,Mecklenburgische Schweiz und Seenplatte
"Mücheln (Geiseltal), Stadt",8185,11.807061,51.300764,99.03,"Halle, Saale, Unstrut"
Föritztal,8183,11.243256,50.313422,98.5,Thüringer Wald
Lahnau,8181,8.565071,50.576168,23.94,Lahn-Dill
"Lauter-Bernsbach, Stadt",8179,12.736115,50.56018,30.28,Erzgebirge
Aspach,8178,9.397127,48.96663,35.45,Region Stuttgart
Hausham,8177,11.836996,47.752233,22.29,Alpenregion Tegernsee Schliersee
"Ransbach-Baumbach, Stadt",8176,7.730836,50.468403,12.15,Westerwald
Uedem,8163,6.272327,51.667761,60.93,Niederrhein
"Neuenbürg, Stadt",8162,8.589759,48.848189,28.15,Nördlicher Schwarzwald
Selters (Taunus),8158,8.224892,50.33486,40.47,Westerwald-Lahn-Taunus
"Bad Sooden-Allendorf, Stadt",8141,9.980802,51.272411,73.75,Werra-Meissner Land
Neuendettelsau,8138,10.788624,49.284493,33.81,Romantisches Franken - vom Naturpark Frankenhöhe zur Romantischen Straße
Lauchringen,8137,8.304688,47.630759,12.77,Südlicher Schwarzwald
"Zell am Harmersbach, Stadt",8129,8.062103,48.346261,36.41,Mittlerer Schwarzwald
"Reichertshofen, M",8126,11.466741,48.657589,36.89,Oberbayerns Städte
"Helmbrechts, St",8125,11.715874,50.236794,58.72,Frankenwald
"Bönnigheim, Stadt",8123,9.093322,49.041614,20.13,Region Stuttgart
"Bad Endorf, M",8117,12.298542,47.908862,40.1,Chiemsee-Alpenland
Freisen,8115,7.248603,49.552395,48.09,Nordsaarland
Budenheim,8104,8.172555,50.02422,10.61,Rheinhessen
"Schieder-Schwalenberg, Stadt",8098,9.153219,51.913825,60.04,Teutoburger Wald
"Mansfeld, Stadt",8096,11.45461,51.594112,144.61,Harz und Harzvorland
"Neunburg vorm Wald, St",8093,12.381852,49.348813,110.14,Oberpfälzer Wald
Thedinghausen,8092,9.02069,52.961967,65.79,Mittelweser
Ahrensbök,8092,10.573059,54.011094,95.37,übrig. Schleswig-Holstein
"Kühlungsborn, Ostseebad, Stadt",8088,11.751251,54.141683,16.17,Mecklenburgische Ostseeküste
Ankum,8085,7.871286,52.541026,66.3,Grafschaft Bentheim-Emsland-Osnabrücker Land
Forst,8083,8.586918,49.152909,11.46,Nördliches Baden-Württemberg
Elz,8083,8.035806,50.413548,16.86,Westerwald-Lahn-Taunus
"Nierstein, Stadt",8078,8.337848,49.872587,19.34,Rheinhessen
Sauerlach,8063,11.653905,47.971744,56.95,Münchener Umland
"Teublitz, St",8060,12.08483,49.220722,38.23,Oberpfälzer Wald
"Hüfingen, Stadt",8060,8.488945,47.9255,58.53,Mittlerer Schwarzwald
"Penig, Stadt",8059,12.706022,50.933482,63.36,Chemnitz Zwickau Region
"Premnitz, Stadt",8057,12.337104,52.530804,46.27,Havelland
"Neunkirchen a.Brand, M",8056,11.12957,49.613014,26.4,Fränkische Schweiz
Bruchmühlbach-Miesau,8049,7.46112,49.387344,26.85,Pfalz
Berg b.Neumarkt i.d.OPf.,8048,11.439721,49.331628,65.12,Bayerischer Jura
"Bad Lausick, Stadt",8043,12.640283,51.144619,70.03,Leipzig Region
Salach,8042,9.737615,48.690404,8.31,Region Stuttgart
Amt Wachsenburg,8041,10.970255,50.875842,77.63,Thüringer Wald
Meinersen,8038,10.362138,52.475153,53.95,Lüneburger Heide
"Calbe (Saale), Stadt",8030,11.774788,51.902787,57.25,"Magdeburg, Elbe-Börde-Heide"
"Leisnig, Stadt",8028,12.926623,51.159434,78.09,Leipzig Region
Haibach,8019,9.202982,49.964977,7.35,Spessart-Mainland
Jettingen,8012,8.774656,48.577417,21.11,Region Stuttgart
Berg,8009,11.356187,47.966594,36.63,StarnbergAmmersee
"Großbottwar, Stadt",8005,9.292335,48.999692,25.51,Region Stuttgart
"Bad Sulza, Stadt",8001,11.623826,51.086787,94.1,Weimarer Land
"Beeskow, Stadt",7998,14.24693,52.172338,77.9,Seenland Oder-Spree
"Oranienbaum-Wörlitz, Stadt",7998,12.404739,51.79801,116.07,Anhalt-Wittenberg
Bad Füssing,7981,13.310922,48.351663,55.06,Bayerisches Thermenland
Lenningen,7974,9.472018,48.551225,41.43,Region Stuttgart
"Dannenberg (Elbe), Stadt",7966,11.090108,53.096496,76.61,Lüneburger Heide
"Kirchheimbolanden, Stadt",7956,8.010665,49.664151,26.36,Pfalz
"Neresheim, Stadt",7954,10.336826,48.752577,118.51,Schwäbische Alb
Salzbergen,7949,7.347275,52.322754,53.38,Grafschaft Bentheim-Emsland-Osnabrücker Land
"Bad Schmiedeberg, Stadt",7941,12.73142,51.683602,161.23,Anhalt-Wittenberg
"Weida, Stadt",7939,12.061416,50.773341,36.8,Thüringer Vogtland
Nessetal,7938,10.65936,50.99227,91.54,Welterberegion Wartburg-Hainich
Birkenwerder,7935,13.282792,52.688528,18.12,Ruppiner Seenland
Bad Endbach,7933,8.495525,50.753161,39.85,Marburg-Biedenkopf
Osternienburger Land,7928,12.026166,51.792189,139.39,Anhalt-Wittenberg
Loßburg,7919,8.453275,48.411512,79.25,Nördlicher Schwarzwald
"Postbauer-Heng, M",7912,11.357794,49.304035,24.65,Bayerischer Jura
"Medebach, Hansestadt",7906,8.704871,51.198074,126.05,Sauerland
"Weikersheim, Stadt",7902,9.902462,49.482875,80.93,Nördliches Baden-Württemberg
Hemmingen,7901,9.032461,48.865398,12.34,Region Stuttgart
Saulheim,7893,8.14903,49.876373,18.94,Rheinhessen
"Baiersdorf, St",7890,11.029029,49.655938,11.81,Fränkische Schweiz
Althengstett,7886,8.795915,48.723525,19.16,Nördlicher Schwarzwald
Leck,7883,8.974572,54.771914,29.79,übrig. Schleswig-Holstein
Drei Gleichen,7882,10.849649,50.897321,84.89,Welterberegion Wartburg-Hainich
"Könnern, Stadt",7875,11.767742,51.670127,125.78,"Magdeburg, Elbe-Börde-Heide"
Liebenburg,7860,10.432161,52.020145,78.51,Harz
Aldingen,7858,8.702513,48.094541,22.17,Schwäbische Alb
Bordesholm,7855,10.026065,54.175613,10.17,übrig. Schleswig-Holstein
Krailling,7847,11.409622,48.097164,15.99,StarnbergAmmersee
"Stockstadt a.Main, M",7837,9.063789,49.979668,18.87,Spessart-Mainland
Großrosseln,7835,6.839853,49.205999,25.26,Übriges Saarland
Hellenthal,7834,6.4342,50.490262,137.82,Eifel und Region Aachen
Strullendorf,7828,10.968254,49.84513,31.69,Fränkische Schweiz
Georgenthal,7824,10.65906,50.830795,79.17,Thüringer Wald
"Altomünster, M",7818,11.256047,48.387627,75.66,Münchener Umland
"Parsberg, St",7818,11.714998,49.160047,57.32,Bayerischer Jura
"Barby, Stadt",7813,11.880764,51.966471,154.05,"Magdeburg, Elbe-Börde-Heide"
Ehrenkirchen,7813,7.739988,47.921491,37.76,Südlicher Schwarzwald
"Hengersberg, M",7810,13.051305,48.773446,45.81,Bayerischer Wald
Asbach,7807,7.423951,50.66519,38.58,Westerwald
Erzhausen,7794,8.634735,49.952719,7.4,Odenwald-Bergstrasse-Neckartal
Illingen,7791,8.918461,48.954066,29.39,Nördliches Baden-Württemberg
Untermeitingen,7789,10.814241,48.160674,16.02,Bayerisch-Schwaben
"Gundelfingen a.d.Donau, St",7783,10.367549,48.549064,54.06,Bayerisch-Schwaben
Feldkirchen,7780,11.729618,48.147036,6.41,Münchener Umland
Heuchelheim a. d. Lahn,7773,8.631242,50.582394,10.58,Lahn-Dill
Elsteraue,7765,12.181646,51.05897,80.4,"Halle, Saale, Unstrut"
Bühlertal,7764,8.191679,48.682789,17.67,Nördlicher Schwarzwald
Jesteburg,7758,9.952787,53.306429,28.05,Lüneburger Heide
"Oberkochen, Stadt",7746,10.105585,48.784042,23.55,Schwäbische Alb
Weissach,7745,8.927545,48.846812,22.19,Region Stuttgart
"Bützow, Stadt",7745,11.984565,53.847738,39.85,Mecklenburgische Schweiz und Seenplatte
Bad Grund (Harz),7738,10.239461,51.809721,41.31,Harz
"Lauta, Stadt",7726,14.098581,51.46142,42.14,Oberlausitz/Niederschlesien
"Reisbach, M",7719,12.628791,48.569859,94.19,Bayerisches Thermenland
"Nörten-Hardenberg, Flecken",7719,9.935241,51.625491,54.13,Weserbergland
Sögel,7718,7.521946,52.839834,55.26,Grafschaft Bentheim-Emsland-Osnabrücker Land
Hopsten,7717,7.602873,52.383026,99.83,Münsterland
Grasberg,7714,8.983753,53.180531,55.77,Unterelbe-Unterweser
"Bad Düben, Stadt",7713,12.585782,51.592198,45.8,Leipzig Region
"Teuchern, Stadt",7712,12.022043,51.118406,81.67,"Halle, Saale, Unstrut"
Lastrup,7700,7.864551,52.79503,85.53,Oldenburger Münsterland
"Rheinsberg, Stadt",7699,12.892207,53.099024,328.14,Ruppiner Seenland
"Küps, M",7697,11.277948,50.190856,35.63,Frankenwald
"Berchtesgaden, M",7697,13.002514,47.632843,35.63,Berchtesgadener Land
"Bad Herrenalb, Stadt",7694,8.438156,48.797568,33.01,Nördlicher Schwarzwald
"Löffingen, Stadt",7692,8.343862,47.883793,88.02,Südlicher Schwarzwald
Emlichheim,7691,6.853449,52.606837,48.65,Grafschaft Bentheim-Emsland-Osnabrücker Land
Pfronten,7687,10.557878,47.581473,62.22,Allgäu
"Bad Wimpfen, Stadt",7686,9.163305,49.228198,19.38,Nördliches Baden-Württemberg
"Kirchberg, Stadt",7678,12.525992,50.62301,39.56,Chemnitz Zwickau Region
"Elsterwerda, Stadt",7663,13.520152,51.460775,40.5,Elbe Elster Land
"Bad Liebenstein, Stadt",7662,10.348493,50.816027,48.81,Thüringer Wald
"Bismark (Altmark), Stadt",7660,11.555013,52.661431,290.7,Altmark
Algermissen,7658,9.970613,52.253687,35.72,Hannover-Hildesheim
Nordharz,7656,10.757221,51.921309,110.85,Harz und Harzvorland
"Oberstaufen, M",7654,10.021839,47.554303,125.95,Allgäu
Bodenheim,7651,8.306769,49.928263,13.43,Rheinhessen
Altrip,7648,8.494911,49.431382,10.47,Pfalz
"Schweich, Stadt",7643,6.752517,49.822073,31.08,Mosel-Saar
Winterbach,7638,9.479554,48.799784,17.12,Region Stuttgart
"Ramstein-Miesenbach, Stadt",7636,7.551119,49.445736,43.01,Pfalz
"Vetschau/Spreewald / Wětošow/Błota, Stadt",7635,14.07382,51.783746,111.42,Spreewald
Bergkirchen,7630,11.366061,48.259031,59.96,Münchener Umland
Schonungen,7628,10.304632,50.051285,81.02,Fränkisches Weinland
Seefeld,7628,11.205505,48.032146,34.85,StarnbergAmmersee
"Calau/Kalawa, Stadt",7626,13.949411,51.74682,163.49,Spreewald
Inden,7624,6.370002,50.853621,35.92,Eifel und Region Aachen
Schömberg,7620,8.645825,48.78717,37.21,Nördlicher Schwarzwald
"Radeburg, Stadt",7615,13.723805,51.215453,54.02,Elbland
"Daun, Stadt",7608,6.830555,50.196727,49.02,Eifel
"Treuen, Stadt",7597,12.307471,50.54268,43.74,Vogtland
Karlstein a.Main,7590,9.008497,50.048052,12.67,Spessart-Mainland
"Rimpar, M",7587,9.956389,49.857057,36.41,Fränkisches Weinland
Holdorf,7586,8.123229,52.588255,55.0,Oldenburger Münsterland
"Renchen, Stadt",7582,8.013581,48.587888,32.08,Mittlerer Schwarzwald
"Münnerstadt, St",7577,10.195481,50.248726,93.11,Rhön
Weissach im Tal,7576,9.47773,48.929826,14.13,Region Stuttgart
"Vohenstrauß, St",7576,12.341779,49.623078,74.91,Oberpfälzer Wald
Großmehring,7576,11.534077,48.7654,47.43,Naturpark Altmühltal
"Oederan, Stadt",7569,13.166415,50.861806,77.33,Erzgebirge
"Barth, Stadt",7568,12.72658,54.36871,41.18,Vorpommern
Dummerstorf,7562,12.22688,54.017444,120.28,Mecklenburgische Ostseeküste
Stadland,7561,8.453082,53.401876,114.14,Nordseeküste
"Lößnitz, Stadt",7557,12.732369,50.622709,30.49,Erzgebirge
"Seeland, Stadt",7553,11.333106,51.800127,79.06,"Magdeburg, Elbe-Börde-Heide"
Gettorf,7540,9.973495,54.407632,9.35,übrig. Schleswig-Holstein
"Treuenbrietzen, Stadt",7539,12.870622,52.094645,212.43,Fläming
Oberstenfeld,7537,9.321661,49.024346,21.1,Region Stuttgart
"Allstedt, Stadt",7535,11.385673,51.404566,150.47,Harz und Harzvorland
"Kremmen, Stadt",7535,13.026328,52.76282,209.61,Ruppiner Seenland
"Horstmar, Stadt der Burgmannshöfe",7528,7.305156,52.080812,44.76,Münsterland
Dörentrup,7528,9.005779,52.033153,49.8,Teutoburger Wald
Jockgrim,7528,8.276512,49.094237,12.61,Pfalz
Langenargen,7525,9.54014,47.596737,15.27,Bodensee
Dittelbrunn,7519,10.220985,50.075732,23.84,Fränkisches Weinland
Allendorf (Eder),7518,8.670062,51.026336,77.01,Waldecker Land
"Elzach, Stadt",7515,8.069355,48.172277,75.28,Südlicher Schwarzwald
"Otterndorf, Stadt",7515,8.899714,53.807823,33.55,Nordseeküste
Ahnatal,7513,9.393523,51.366434,18.03,Kassel- Land
Legden,7511,7.105517,52.030639,56.28,Münsterland
Staufenberg,7506,9.591676,51.352828,77.58,Weserbergland
"Saarburg, Stadt",7504,6.54871,49.608359,20.63,Mosel-Saar
Cappeln (Oldenburg),7504,8.113999,52.81131,76.52,Oldenburger Münsterland
Abtsgmünd,7501,10.002231,48.894913,71.57,Schwäbische Alb
"Bad Kötzting, St",7494,12.854868,49.174806,62.15,Bayerischer Wald
Dannstadt-Schauernheim,7487,8.315975,49.425951,15.24,Pfalz
Flintbek,7486,10.063731,54.23975,17.57,übrig. Schleswig-Holstein
Söhlde,7486,10.232512,52.189397,57.44,Hannover-Hildesheim
"Naila, St",7482,11.706881,50.330343,37.04,Frankenwald
"Lugau/Erzgeb., Stadt",7481,12.746491,50.739952,22.29,Erzgebirge
Bördeland,7466,11.637674,52.003309,92.53,"Magdeburg, Elbe-Börde-Heide"
"Sontra, Stadt",7466,9.93321,51.068954,111.28,Werra-Meissner Land
Bunde,7463,7.269253,53.184408,120.95,Ostfriesland
"Altenberg, Stadt",7462,13.757485,50.766607,145.89,Erzgebirge
Albbruck,7451,8.130079,47.591149,39.7,Südlicher Schwarzwald
"Gundelsheim, Stadt",7449,9.160815,49.284163,38.44,Nördliches Baden-Württemberg
Klettgau,7445,8.420527,47.658934,45.87,Südlicher Schwarzwald
"Groitzsch, Stadt",7442,12.281022,51.154307,70.17,Leipzig Region
Heidenrod,7437,7.995855,50.212879,95.93,Rheingau-Taunus
"Leipheim, St",7434,10.223257,48.448055,32.16,Bayerisch-Schwaben
Flein,7432,9.213902,49.100989,8.48,Nördliches Baden-Württemberg
Schellerten,7428,10.10173,52.187719,80.41,Hannover-Hildesheim
"Sulzbach a.Main, M",7423,9.151373,49.908857,19.93,Spessart-Mainland
"Türkheim, M",7410,10.639923,48.05981,31.56,Allgäu
Heidesee,7407,13.790831,52.293584,135.67,Dahme-Seenland
"Bad Berka, Stadt",7389,11.283174,50.899497,55.32,Weimarer Land
"Falkenstein/Vogtl., Stadt",7388,12.370054,50.476123,31.06,Vogtland
Wietze,7387,9.840504,52.654604,63.26,Lüneburger Heide
Großkarolinenfeld,7387,12.080829,47.89094,29.07,Chiemsee-Alpenland
Hasselroth,7386,9.090602,50.161122,18.93,Spessart-Kinzigtal-Vogelsberg
Baienfurt,7382,9.651432,47.826982,16.01,Oberschwaben-Allgäu
Edermünde,7371,9.385619,51.220906,25.85,Kurhessisches Bergland
"Belgern-Schildau, Stadt",7363,12.927299,51.456594,158.99,Leipzig Region
"Burkardroth, M",7361,9.994594,50.267701,69.15,Rhön
Allensbach,7353,9.070194,47.715742,26.53,Bodensee
"Friedrichroda, Stadt",7352,10.573924,50.860102,36.87,Thüringer Wald
"Pleinfeld, M",7350,10.985801,49.105396,71.36,Fränkisches Seenland
"Laufen, St",7336,12.932686,47.936943,35.28,Berchtesgadener Land
Sinzing,7332,12.035317,48.990785,44.03,Bayerischer Jura
"Ortenburg, M",7330,13.22576,48.543132,60.74,Bayerisches Thermenland
Schwülper,7328,10.432776,52.353364,20.94,Lüneburger Heide
"Mittenwald, M",7323,11.262738,47.441185,132.84,Zugspitz-Region
Schutterwald,7320,7.887414,48.453676,21.04,Mittlerer Schwarzwald
"Pfaffenhofen a.d.Roth, M",7311,10.160693,48.354606,42.68,Bayerisch-Schwaben
"Harzgerode, Stadt",7309,11.139179,51.64064,165.02,Harz und Harzvorland
Harztor,7306,10.786953,51.577129,109.38,Südharz-Kyffhäuser
"Klingenthal, Stadt",7289,12.469861,50.358646,50.44,Vogtland
Pfalzgrafenweiler,7286,8.567546,48.528061,44.69,Nördlicher Schwarzwald
Großkrotzenburg,7284,8.980931,50.082686,7.47,Spessart-Kinzigtal-Vogelsberg
"Zwingenberg, Stadt",7283,8.612274,49.726069,5.66,Odenwald-Bergstrasse-Neckartal
"Delligsen, Flecken",7283,9.798914,51.942963,36.21,Weserbergland
"Geisenhausen, M",7278,12.256905,48.474656,62.5,Bayerisches Thermenland
"Pockau-Lengefeld, Stadt",7273,13.192592,50.720097,83.42,Erzgebirge
Aichwald,7271,9.379855,48.75899,14.67,Region Stuttgart
Hinte,7269,7.193843,53.415474,48.05,Ostfriesland
Wabern,7262,9.349942,51.101172,51.41,Kurhessisches Bergland
Alfdorf,7260,9.718908,48.843821,68.52,Region Stuttgart
"Hardegsen, Stadt",7250,9.829689,51.650579,84.03,Weserbergland
"Pulsnitz, Stadt",7246,14.014744,51.182285,26.76,Oberlausitz/Niederschlesien
"Wallersdorf, M",7246,12.74728,48.739117,71.16,Bayerisches Thermenland
Weimar (Lahn),7240,8.732208,50.759254,47.05,Marburg-Biedenkopf
Enkenbach-Alsenborn,7236,7.90659,49.490516,30.06,Pfalz
Ampfing,7234,12.418033,48.25513,31.13,Inn-Salzach
Am Mellensee,7224,13.405535,52.156432,104.68,Fläming
"Gerolstein, Stadt",7210,6.659875,50.221958,64.43,Eifel
"Breuberg, Stadt",7196,9.018078,49.819229,30.76,Odenwald-Bergstrasse-Neckartal
"Bad Sachsa, Stadt",7193,10.552027,51.594452,33.2,Harz
"Ebern, St",7193,10.793894,50.093985,95.01,Haßberge
Bous,7191,6.801916,49.276851,7.63,Übriges Saarland
"Haslach im Kinzigtal, Stadt",7190,8.087753,48.276357,18.67,Mittlerer Schwarzwald
"Nortorf, Stadt",7190,9.855638,54.168012,12.77,übrig. Schleswig-Holstein
"Eisfeld, Stadt",7181,10.907349,50.427398,86.52,Thüringer Wald
"Schwanstetten, M",7167,11.121745,49.301115,32.35,Fränkisches Seenland
"Meldorf, Stadt",7166,9.068784,54.090945,21.26,Nordsee
Neulußheim,7162,8.522135,49.293561,3.38,Nördliches Baden-Württemberg
"Annweiler am Trifels, Stadt",7160,7.966259,49.203001,39.87,Pfalz
"Pilsting, M",7158,12.650776,48.70054,71.2,Bayerisches Thermenland
Bindlach,7156,11.611595,49.980901,37.6,Fichtelgebirge
"Greding, St",7154,11.353332,49.046413,103.73,Naturpark Altmühltal
"Aken (Elbe), Stadt",7153,12.043952,51.852549,59.99,Anhalt-Wittenberg
"Altmannstein, M",7150,11.649929,48.896112,114.13,Naturpark Altmühltal
"Roßwein, Stadt",7149,13.183633,51.065071,44.11,Leipzig Region
"Burgebrach, M",7149,10.738231,49.826635,87.84,Steigerwald
Neukieritzsch,7147,12.409059,51.152262,57.09,Leipzig Region
"Scheßlitz, St",7129,11.032239,49.974937,94.87,Fränkische Schweiz
"Ruhstorf a.d.Rott, M",7115,13.335502,48.438795,51.46,Bayerisches Thermenland
"Frielendorf, Marktflecken",7114,9.327652,50.975691,85.84,Kurhessisches Bergland
Fernwald,7109,8.778451,50.550186,21.57,Lahn-Dill
"Wriezen, Stadt",7107,14.134186,52.720931,95.14,Seenland Oder-Spree
Schwendi,7098,9.975708,48.175367,49.23,Oberschwaben-Allgäu
Namborn,7096,7.140686,49.521212,25.98,Nordsaarland
Stolzenau,7079,9.07761,52.510921,64.91,Mittelweser
"Freyung, St",7078,13.54759,48.808968,48.63,Bayerischer Wald
"Immenhausen, Stadt",7078,9.480087,51.427223,28.54,Kassel- Land
Maxdorf,7075,8.287513,49.481815,7.35,Pfalz
Tuntenhausen,7074,12.016415,47.935796,68.99,Chiemsee-Alpenland
"Oppenheim, Stadt",7071,8.356356,49.849137,7.1,Rheinhessen
Waldstetten,7067,9.819633,48.766084,20.96,Schwäbische Alb
Ostrach,7066,9.380955,47.953822,108.89,Oberschwaben-Allgäu
"Roßleben-Wiehe, Stadt",7062,11.432894,51.29717,73.08,Südharz-Kyffhäuser
"Birkenfeld, Stadt",7062,7.168182,49.650147,13.64,Naheland
"Markneukirchen, Stadt",7061,12.328041,50.311884,69.04,Vogtland
Bischofswiesen,7055,12.970308,47.647463,62.15,Berchtesgadener Land
Schwanau,7054,7.757697,48.386219,38.35,Mittlerer Schwarzwald
Berne,7053,8.477527,53.184901,85.1,Unterelbe-Unterweser
Schöppingen,7033,7.235057,52.093571,68.81,Münsterland
Königsbronn,7028,10.11239,48.743064,45.44,Schwäbische Alb
Sonnenbühl,7022,9.179523,48.38956,61.25,Schwäbische Alb
"Pöttmes, M",7012,11.089143,48.584611,82.59,Bayerisch-Schwaben
Am Ettersberg,7010,11.244444,51.062223,92.44,Weimarer Land
Reinsdorf,7009,12.557309,50.69965,21.25,Chemnitz Zwickau Region
"Waging a.See, M",7007,12.734017,47.933222,48.86,Chiemsee-Chiemgau
Reppenstedt,7005,10.354493,53.247865,14.86,Lüneburger Heide
Lemwerder,6999,8.61527,53.162414,36.4,Unterelbe-Unterweser
"Esens, Stadt",6998,7.612336,53.642701,21.67,Nordseeküste
"Jettingen-Scheppach, M",6996,10.436027,48.389117,54.12,Bayerisch-Schwaben
Wagenfeld,6995,8.590374,52.546265,117.57,Mittelweser
Laer,6993,7.357204,52.054322,35.26,Münsterland
Lautertal (Odenwald),6991,8.692303,49.712209,30.75,Odenwald-Bergstrasse-Neckartal
"Ilshofen, Stadt",6990,9.921075,49.169825,54.87,Nördliches Baden-Württemberg
"Königsee, Stadt",6979,11.099696,50.66201,103.01,Thüringer Wald
"Kalbe (Milde), Stadt",6976,11.389156,52.656091,273.63,Altmark
"Homberg (Ohm), Stadt",6973,8.997428,50.728382,88.04,Vogelsberg und Wetterau
"Geiselhöring, St",6964,12.393582,48.826135,99.68,Bayerisches Thermenland
Nobitz,6962,12.48572,50.977188,100.39,Altenburger Land
"Reichelsheim (Wetterau), Stadt",6961,8.874689,50.358447,27.56,Vogelsberg und Wetterau
Calden,6956,9.400742,51.409628,54.85,Kassel- Land
Lahntal,6953,8.70517,50.862656,40.5,Marburg-Biedenkopf
Neuhofen,6946,8.428302,49.421961,12.3,Pfalz
Rednitzhembach,6945,11.079203,49.30264,13.01,Fränkisches Seenland
"Eiterfeld, Marktgemeinde",6940,9.798801,50.762532,89.83,Rhön
Schallstadt,6937,7.760755,47.957208,19.56,Südlicher Schwarzwald
Ensdorf,6928,6.778554,49.304964,8.39,Übriges Saarland
"Coppenbrügge, Flecken",6918,9.550116,52.117614,90.08,Weserbergland
Durach,6918,10.344273,47.697468,20.73,Allgäu
Lichtenau,6912,12.978552,50.904992,49.14,Chemnitz Zwickau Region
Lambsheim,6911,8.287168,49.513201,12.75,Pfalz
"Grassau, M",6910,12.451147,47.779403,35.78,Chiemsee-Chiemgau
"Lengenfeld, Stadt",6910,12.36572,50.569303,47.0,Vogtland
Georgensgmünd,6907,11.013793,49.188088,46.89,Fränkisches Seenland
"Saerbeck, NRW-Klimakommune",6906,7.633669,52.173086,59.03,Münsterland
Ladbergen,6906,7.737293,52.136598,52.35,Münsterland
"Waldeck, Nationalparkstadt",6905,9.061733,51.20664,115.7,Waldecker Land
"Höchstädt a.d.Donau, St",6902,10.567234,48.611681,37.45,Bayerisch-Schwaben
Murg,6900,8.020644,47.55475,20.91,Südlicher Schwarzwald
Emmering,6899,11.280566,48.180662,10.95,Münchener Umland
"Edenkoben, Stadt",6896,8.127001,49.282672,17.89,Pfalz
Kottmar,6892,14.667015,50.979222,47.34,Oberlausitz/Niederschlesien
Dermbach,6889,10.119924,50.716558,91.96,Thüringer Rhön
Stegaurach,6885,10.842775,49.863561,23.94,Steigerwald
Bakum,6872,8.195485,52.741658,78.88,Oldenburger Münsterland
"Geithain, Stadt",6870,12.695256,51.05415,54.71,Leipzig Region
"Dettelbach, St",6866,10.160342,49.801715,60.95,Fränkisches Weinland
Berglen,6860,9.469424,48.861445,25.86,Region Stuttgart
Weilrod,6856,8.380402,50.342201,71.17,Main und Taunus
Bernau a.Chiemsee,6855,12.374087,47.811654,26.68,Chiemsee-Alpenland
Putzbrunn,6845,11.715844,48.075393,11.17,Münchener Umland
Neukirchen/Erzgeb.,6845,12.866884,50.779498,20.14,Erzgebirge
"Dietenheim, Stadt",6843,10.069592,48.212211,18.75,Schwäbische Alb
Auenwald,6833,9.499196,48.937414,19.75,Region Stuttgart
"Müncheberg, Stadt",6831,14.140462,52.503279,152.29,Seenland Oder-Spree
"Kahla, Stadt",6825,11.588184,50.801787,7.9,Saaleland
"Horneburg, Flecken",6823,9.584394,53.506914,17.13,Unterelbe-Unterweser
Herscheid,6821,7.745898,51.177282,59.4,Sauerland
Grömitz,6812,10.961258,54.149015,51.09,Ostsee
"Bonndorf im Schwarzwald, Stadt",6802,8.343011,47.819632,75.91,Südlicher Schwarzwald
Hardheim,6802,9.474484,49.608193,87.08,Nördliches Baden-Württemberg
Eberdingen,6800,8.964232,48.880949,26.2,Region Stuttgart
"Dinkelscherben, M",6797,10.590678,48.347727,67.66,Bayerisch-Schwaben
"Eibenstock, Stadt",6795,12.599287,50.493785,112.24,Erzgebirge
Schönkirchen,6794,10.223696,54.336531,15.96,übrig. Schleswig-Holstein
Erndtebrück,6792,8.256223,50.988732,70.98,Siegerland-Wittgenstein
"Böhlen, Stadt",6787,12.387241,51.202806,25.27,Leipzig Region
Mutlangen,6786,9.797933,48.823598,8.79,Schwäbische Alb
"Stadtroda, Stadt",6785,11.7275,50.857878,24.18,Saaleland
"Neukirchen, Stadt",6782,9.342803,50.871054,66.25,Kurhessisches Bergland
Dettenheim,6782,8.415615,49.161291,30.89,Nördliches Baden-Württemberg
Wiernsheim,6778,8.852211,48.890993,24.62,Nördlicher Schwarzwald
Ruhpolding,6772,12.645429,47.763707,147.83,Chiemsee-Chiemgau
"Gerolzhofen, St",6767,10.350935,49.899878,18.39,Steigerwald
"Malchin, Stadt",6767,12.762134,53.739434,109.28,Mecklenburgische Schweiz und Seenplatte
Lathen,6767,7.314254,52.862362,38.05,Grafschaft Bentheim-Emsland-Osnabrücker Land
"Altenkirchen (Westerwald), Stadt",6758,7.645362,50.687851,10.98,Westerwald
Lützelbach,6755,9.079658,49.786263,35.44,Odenwald-Bergstrasse-Neckartal
"Gröditz, Stadt",6752,13.447811,51.412323,28.94,Elbland
Katlenburg-Lindau,6735,10.099285,51.682775,71.51,Weserbergland
Breidenbach,6734,8.454202,50.88686,44.83,Marburg-Biedenkopf
Büchen,6733,10.616482,53.480926,16.85,übrig. Schleswig-Holstein
Leegebruch,6732,13.193664,52.723649,6.45,Ruppiner Seenland
"Bernkastel-Kues, Stadt",6727,7.075291,49.915468,23.71,Mosel-Saar
Schipkau,6726,13.899221,51.518499,68.94,Lausitzer Seenland
Argenbühl,6726,9.959372,47.688159,76.42,Oberschwaben-Allgäu
Wutöschingen,6726,8.366501,47.659937,26.47,Südlicher Schwarzwald
Niedere Börde,6726,11.521853,52.23455,78.37,"Magdeburg, Elbe-Börde-Heide"
"Mallersdorf-Pfaffenberg, M",6722,12.227639,48.769327,72.56,Bayerisches Thermenland
"Waldsassen, St",6711,12.30533,50.003499,66.53,Oberpfälzer Wald
"Boxberg, Stadt",6709,9.641258,49.481118,101.71,Nördliches Baden-Württemberg
"Gedern, Stadt",6709,9.19793,50.424404,75.24,Vogelsberg und Wetterau
Deizisau,6707,9.384075,48.712039,5.17,Region Stuttgart
Kropp,6694,9.508668,54.411199,31.94,übrig. Schleswig-Holstein
Wüstenrot,6692,9.460742,49.080263,30.02,Nördliches Baden-Württemberg
"Ebermannstadt, St",6688,11.184751,49.779227,49.95,Fränkische Schweiz
"Barnstorf, Flecken",6685,8.505122,52.70951,52.37,Mittelweser
"Ketzin/Havel, Stadt",6684,12.843529,52.477436,93.65,Havelland
"Hermeskeil, Stadt",6677,6.94817,49.655416,30.89,Hunsrück
"Polch, Stadt",6675,7.313982,50.299878,28.68,Eifel
Leinburg,6674,11.308645,49.449884,29.44,Nürnberger Land
"Heringen (Werra), Stadt",6669,10.007553,50.888153,61.2,Waldhessen (Hersfeld-Rotenburg)
Kupferzell,6665,9.68958,49.227563,54.27,Nördliches Baden-Württemberg
Brannenburg,6658,12.103075,47.741567,33.67,Chiemsee-Alpenland
"Zusmarshausen, M",6655,10.596714,48.398719,68.6,Bayerisch-Schwaben
"Eichendorf, M",6651,12.855997,48.63413,98.19,Bayerisches Thermenland
Tiefenbach,6650,13.400048,48.626472,49.71,Bayerischer Wald
"Osterburken, Stadt",6639,9.426233,49.428346,47.32,Nördliches Baden-Württemberg
"Villmar, Marktflecken",6622,8.190289,50.390548,43.1,Westerwald-Lahn-Taunus
"Neuenstein, Stadt",6618,9.582072,49.205319,47.86,Nördliches Baden-Württemberg
"Schelklingen, Stadt",6616,9.734923,48.372526,75.87,Schwäbische Alb
"Gau-Algesheim, Stadt",6606,8.01497,49.957647,13.99,Rheinhessen
"Bardowick, Flecken",6604,10.388067,53.292328,23.33,Lüneburger Heide
"Mitterteich, St",6604,12.239074,49.949306,39.38,Oberpfälzer Wald
"Gerbstedt, Stadt",6601,11.625691,51.633084,102.86,Harz und Harzvorland
Bienenbüttel,6597,10.491733,53.141716,99.54,Lüneburger Heide
"Weisendorf, M",6597,10.825897,49.622389,36.75,Steigerwald
Wöllstadt,6593,8.77073,50.279143,15.38,Vogelsberg und Wetterau
"Schliersee, M",6591,11.859528,47.737233,79.14,Alpenregion Tegernsee Schliersee
Schöffengrund,6590,8.471066,50.496449,34.11,Lahn-Dill
Klingenberg,6588,13.533263,50.918764,86.75,Erzgebirge
Immendingen,6585,8.733578,47.939111,74.05,Schwäbische Alb
Grasbrunn,6581,11.743559,48.079074,26.39,Münchener Umland
Oedheim,6580,9.257536,49.239986,21.24,Nördliches Baden-Württemberg
Murr,6578,9.259995,48.962627,7.79,Region Stuttgart
Grafenau,6578,8.91395,48.711098,13.04,Region Stuttgart
"Pegau, Stadt",6578,12.254324,51.166763,48.78,Leipzig Region
Huy,6578,10.980339,51.975885,167.82,Harz und Harzvorland
"Heitersheim, Stadt",6577,7.664915,47.871917,11.71,Südlicher Schwarzwald
Laudenbach,6573,8.6545,49.611097,10.29,Nördliches Baden-Württemberg
Bispingen,6572,9.996078,53.082077,128.48,Lüneburger Heide
"Jerichow, Stadt",6571,12.024965,52.49836,272.03,"Magdeburg, Elbe-Börde-Heide"
"Schwarzenbach a.d.Saale, St",6570,11.938077,50.221068,65.37,Fichtelgebirge
"Neustadt-Glewe, Stadt",6566,11.585348,53.383153,94.05,Westmecklenburg
"Waldmünchen, St",6565,12.70563,49.375825,101.17,Bayerischer Wald
"Bad Sobernheim, Stadt",6564,7.654164,49.7838,54.18,Naheland
Holle,6561,10.16074,52.087422,61.27,Hannover-Hildesheim
Fockbek,6561,9.601589,54.30413,26.65,übrig. Schleswig-Holstein
Greifenstein,6560,8.291417,50.62267,67.4,Lahn-Dill
Nattheim,6555,10.241784,48.699582,44.99,Schwäbische Alb
Machern,6548,12.628959,51.358963,38.93,Leipzig Region
Neulingen,6543,8.728215,48.970506,23.19,Nördliches Baden-Württemberg
"Blankenhain, Stadt",6543,11.343135,50.85964,113.75,Weimarer Land
"Moringen, Stadt",6540,9.871075,51.697192,82.39,Weserbergland
Metelen,6539,7.211686,52.144232,40.28,Münsterland
"Volkmarsen, Stadt",6535,9.114575,51.412606,67.47,Waldecker Land
Sanitz,6533,12.375429,54.077526,82.4,Mecklenburgische Ostseeküste
Einhausen,6533,8.545053,49.672282,26.67,Odenwald-Bergstrasse-Neckartal
Salzweg,6533,13.482403,48.615458,31.94,Bayerischer Wald
"Haag i.OB, M",6532,12.182297,48.161682,20.37,Inn-Salzach
Weiskirchen,6528,6.820098,49.556125,33.65,Nordsaarland
Rheinmünster,6527,8.046134,48.746539,42.5,Nördlicher Schwarzwald
Neustadt (Wied),6526,7.427497,50.62313,35.81,Westerwald
"Hage, Flecken",6520,7.284319,53.602759,16.62,Nordseeküste
Biebesheim am Rhein,6515,8.464971,49.779852,18.68,Odenwald-Bergstrasse-Neckartal
Kiefersfelden,6513,12.188472,47.614695,36.74,Chiemsee-Alpenland
"Herdorf, Stadt",6508,7.949645,50.778162,17.99,Westerwald
"Hartha, Stadt",6503,12.977781,51.097507,54.4,Leipzig Region
"Arnstorf, M",6495,12.8175,48.561081,80.37,Bayerisches Thermenland
Gerbrunn,6493,9.982932,49.778601,4.59,Fränkisches Weinland
"Velden, M",6491,12.25755,48.364968,49.43,Bayerisches Thermenland
Cölbe,6491,8.783993,50.849612,26.68,Marburg-Biedenkopf
Sinn,6485,8.33121,50.652878,18.73,Lahn-Dill
Glandorf,6483,8.001805,52.082219,59.87,Grafschaft Bentheim-Emsland-Osnabrücker Land
Sottrum,6479,9.228281,53.113013,28.61,Unterelbe-Unterweser
Kalbach,6477,9.640881,50.423848,70.63,Rhön
Fredenbeck,6475,9.398664,53.522438,48.62,Unterelbe-Unterweser
Tangstedt,6471,10.086868,53.73311,39.86,übrig. Schleswig-Holstein
Buttstädt,6470,11.419701,51.122402,104.8,Welterberegion Wartburg-Hainich
"Bad Brückenau, St",6470,9.786819,50.309455,23.71,Rhön
Bietigheim,6468,8.246052,48.91379,13.9,Nördlicher Schwarzwald
"Kölleda, Stadt",6467,11.249169,51.18884,89.55,Welterberegion Wartburg-Hainich
"Burgkunstadt, St",6463,11.249566,50.142232,40.6,Obermain.Jura
"Artern, Stadt",6462,11.292898,51.366252,45.05,Südharz-Kyffhäuser
"Maulbronn, Stadt",6452,8.814618,49.000362,25.4,Nördliches Baden-Württemberg
Rheurdt,6450,6.469699,51.467417,30.03,Niederrhein
Röhrmoos,6449,11.458116,48.326969,31.75,Münchener Umland
Immenstaad am Bodensee,6448,9.37146,47.666622,9.28,Bodensee
Dunningen,6448,8.50459,48.212884,48.45,Mittlerer Schwarzwald
"Hecklingen, Stadt",6446,11.533566,51.847482,95.93,"Magdeburg, Elbe-Börde-Heide"
Knetzgau,6446,10.546513,49.994429,61.57,Steigerwald
Essingen,6444,10.027392,48.808719,58.49,Schwäbische Alb
Grammetal,6437,11.2212,50.958681,88.28,Weimarer Land
"Uffenheim, St",6431,10.23417,49.544139,59.47,Steigerwald
Eppertshausen,6429,8.848665,49.944519,13.11,Odenwald-Bergstrasse-Neckartal
Nienhagen,6420,10.104402,52.556183,17.6,Lüneburger Heide
Südeichsfeld,6419,10.320215,51.163901,64.0,Eichsfeld
"Glashütte, Stadt",6414,13.781215,50.851929,95.64,Erzgebirge
"Wassertrüdingen, St",6414,10.59722,49.041141,53.57,Romantisches Franken - vom Naturpark Frankenhöhe zur Romantischen Straße
"Eggolsheim, M",6414,11.05668,49.770379,48.9,Fränkische Schweiz
"Beilstein, Stadt",6412,9.313798,49.040994,25.24,Nördliches Baden-Württemberg
"Mainleus, M",6410,11.375098,50.09987,49.41,Frankenwald
"Thannhausen, St",6406,10.470124,48.282534,20.03,Bayerisch-Schwaben
Wathlingen,6405,10.157425,52.539115,17.81,Lüneburger Heide
"Dietfurt a.d.Altmühl, St",6405,11.587369,49.034947,78.7,Bayerischer Jura
"Burghaun, Marktgemeinde",6404,9.726797,50.697783,65.04,Rhön
"Güglingen, Stadt",6394,8.99847,49.066703,16.27,Nördliches Baden-Württemberg
"Rosenfeld, Stadt",6393,8.723243,48.286301,51.11,Schwäbische Alb
"Zellingen, M",6390,9.817367,49.899128,41.44,Fränkisches Weinland
"Obergünzburg, M",6387,10.419253,47.845843,46.69,Allgäu
"Römhild, Stadt",6383,10.538723,50.396867,122.45,Thüringer Wald
"Vilseck, St",6382,11.805301,49.611105,64.7,Bayerischer Jura
"Rodalben, Stadt",6378,7.638519,49.239307,15.69,Pfalz
Unstrut-Hainich,6378,10.564286,51.146419,117.09,Welterberegion Wartburg-Hainich
"Weiler-Simmerberg, M",6365,9.916736,47.582302,31.31,Allgäu
"Bechhofen, M",6365,10.553146,49.159901,61.85,Fränkisches Seenland
Elbe-Parey,6362,11.984559,52.37872,109.47,"Magdeburg, Elbe-Börde-Heide"
"Grafenwöhr, St",6360,11.90618,49.720869,216.21,Oberpfälzer Wald
"Bad Hönningen, Stadt",6355,7.306432,50.515502,20.09,Mittelrheintal
Hanstedt,6354,10.014498,53.258027,59.39,Lüneburger Heide
Petershausen,6353,11.468654,48.40908,32.79,Münchener Umland
Ottersweier,6350,8.11188,48.669485,29.21,Nördlicher Schwarzwald
Waldachtal,6346,8.575573,48.476598,29.87,Nördlicher Schwarzwald
Eichwalde,6341,13.622166,52.37158,2.79,Dahme-Seenland
Bad Saarow,6340,14.062758,52.292978,50.36,Seenland Oder-Spree
Winterlingen,6339,9.117643,48.178723,50.63,Schwäbische Alb
"Hachenburg, Stadt",6336,7.824153,50.660595,21.43,Westerwald
Satow,6336,11.894345,53.988631,119.93,Mecklenburgische Ostseeküste
"Neumarkt-Sankt Veit, St",6334,12.508258,48.361946,61.07,Inn-Salzach
Steinenbronn,6332,9.119496,48.66012,9.72,Region Stuttgart
"Hutthurm, M",6332,13.474171,48.67336,37.2,Bayerischer Wald
Pentling,6328,12.05804,48.981475,32.47,Bayerischer Jura
Nuthe-Urstromtal,6325,13.16802,52.128067,341.29,Fläming
"Rötha, Stadt",6325,12.414903,51.198128,45.41,Leipzig Region
Kappelrodeck,6324,8.117423,48.591492,17.93,Mittlerer Schwarzwald
Benningen am Neckar,6323,9.242498,48.947824,4.87,Region Stuttgart
Otzberg,6322,8.901184,49.83567,41.94,Odenwald-Bergstrasse-Neckartal
Brechen,6321,8.164031,50.36549,24.86,Westerwald-Lahn-Taunus
Altlußheim,6317,8.498339,49.301347,15.96,Nördliches Baden-Württemberg
Sohland a. d. Spree,6317,14.427111,51.04397,37.3,Oberlausitz/Niederschlesien
Veitsbronn,6312,10.884913,49.512235,16.18,Romantisches Franken - vom Naturpark Frankenhöhe zur Romantischen Straße
Schwabhausen,6311,11.35568,48.303098,30.23,Münchener Umland
"Annaburg, Stadt",6309,13.046683,51.731338,226.59,Anhalt-Wittenberg
Ihringen,6308,7.64615,48.045815,23.0,Südlicher Schwarzwald
"Glücksburg (Ostsee), Stadt",6306,9.550997,54.836858,39.68,Ostsee
Offenbach an der Queich,6305,8.190128,49.193975,15.25,Pfalz
"Wittenburg, Stadt",6300,11.074364,53.511635,80.08,Westmecklenburg
Zimmern ob Rottweil,6296,8.590787,48.167498,33.76,Mittlerer Schwarzwald
"Biesenthal, Stadt",6295,13.63123,52.765802,60.89,Barnimer Land
"Au i.d.Hallertau, M",6290,11.742716,48.557539,54.99,Münchener Umland
"Rodenberg, Stadt",6287,9.352175,52.311819,15.61,Weserbergland
Kämpfelbach,6283,8.635617,48.934316,13.62,Nördliches Baden-Württemberg
Bammental,6278,8.77808,49.357303,12.16,Nördliches Baden-Württemberg
"Nabburg, St",6276,12.179641,49.451719,62.36,Oberpfälzer Wald
Hofbieber,6275,9.837891,50.587183,87.26,Rhön
Litzendorf,6274,11.010097,49.91123,25.87,Fränkische Schweiz
Wutha-Farnroda,6268,10.395295,50.95646,36.61,Thüringer Wald
"Linz am Rhein, Stadt",6265,7.282754,50.568845,17.98,Mittelrheintal
"Trochtelfingen, Stadt",6264,9.246991,48.308771,79.2,Schwäbische Alb
"Laage, Stadt",6253,12.346162,53.927441,114.9,Mecklenburgische Schweiz und Seenplatte
Oberding,6251,11.845524,48.322653,64.72,Münchener Umland
"Schwarzenfeld, M",6251,12.13917,49.389249,38.28,Oberpfälzer Wald
"Havelberg, Hansestadt",6246,12.073338,52.824884,150.12,Altmark
"Bernsdorf, Stadt",6242,14.0695,51.376325,59.86,Oberlausitz/Niederschlesien
"Vogtsburg im Kaiserstuhl, Stadt",6234,7.629966,48.088977,37.36,Südlicher Schwarzwald
Gersheim,6232,7.21001,49.147023,57.37,Übriges Saarland
"Arendsee (Altmark), Stadt",6232,11.489149,52.881825,271.13,Altmark
Bondorf,6230,8.836174,48.521605,17.54,Region Stuttgart
"Geisingen, Stadt",6225,8.650319,47.922537,73.75,Schwäbische Alb
Neckartenzlingen,6223,9.233903,48.590722,9.03,Region Stuttgart
Ingersheim,6223,9.184679,48.961199,11.55,Region Stuttgart
"Dornhan, Stadt",6219,8.510397,48.350916,44.91,Mittlerer Schwarzwald
Sittensen,6211,9.504941,53.278798,18.53,Lüneburger Heide
Aarbergen,6210,8.076766,50.24602,33.97,Rheingau-Taunus
Deißlingen,6208,8.605369,48.114542,32.15,Mittlerer Schwarzwald
Schönberg (Holstein),6206,10.372476,54.39239,11.63,Ostsee
Erdweg,6206,11.303171,48.332399,36.06,Münchener Umland
"Zell im Wiesental, Stadt",6204,7.852117,47.707567,36.12,Südlicher Schwarzwald
"Zierenberg, Stadt",6203,9.300261,51.367615,86.55,Kassel- Land
Schliengen,6200,7.577673,47.754977,37.46,Südlicher Schwarzwald
Wolfschlugen,6199,9.288023,48.653445,7.11,Region Stuttgart
"Dierdorf, Stadt",6192,7.6595,50.547979,31.98,Westerwald
"Edertal, Nationalparkgemeinde",6181,9.121405,51.155066,115.65,Waldecker Land
"Adelebsen, Flecken",6180,9.753742,51.579059,76.09,Weserbergland
"Bad Rodach, St",6179,10.778713,50.341213,80.45,Coburg.Rennsteig
Ilmtal-Weinstraße,6169,11.441263,51.059959,84.7,Weimarer Land
"Gangkofen, M",6161,12.563349,48.436862,108.76,Bayerisches Thermenland
Nachrodt-Wiblingwerde,6159,7.63618,51.336185,29.03,Sauerland
"Gammertingen, Stadt",6155,9.2157,48.250288,52.97,Schwäbische Alb
Dötlingen,6155,8.381562,52.93637,102.02,Oldenburger Land
Dußlingen,6153,9.054599,48.452421,13.05,Schwäbische Alb
Niedergörsdorf,6147,12.984582,51.978909,205.77,Fläming
Dettingen unter Teck,6138,9.452957,48.617753,15.14,Region Stuttgart
Westhausen,6136,10.186554,48.884017,38.45,Schwäbische Alb
Uder,6134,10.074281,51.362719,57.8,Eichsfeld
"Rodewisch, Stadt",6131,12.403374,50.531885,26.86,Vogtland
Wrestedt,6130,10.572386,52.901997,141.37,Lüneburger Heide
"Arnstein, Stadt",6123,11.456885,51.696038,122.33,Harz und Harzvorland
Eutingen im Gäu,6120,8.748033,48.47781,32.82,Nördlicher Schwarzwald
Ebersdorf b.Coburg,6119,11.077094,50.218128,26.36,Coburg.Rennsteig
Ellerau,6117,9.917553,53.752683,7.09,übrig. Schleswig-Holstein
"Alpirsbach, Stadt",6114,8.402938,48.345111,64.56,Nördlicher Schwarzwald
"Windsbach, St",6114,10.830957,49.249157,68.12,Fränkisches Seenland
"Klingenberg a.Main, St",6112,9.183177,49.783497,21.13,Spessart-Mainland
"Neuffen, Stadt",6104,9.37432,48.555671,17.43,Region Stuttgart
Muggensturm,6103,8.276717,48.869678,11.56,Nördlicher Schwarzwald
"Bad Marienberg (Westerwald), Stadt",6096,7.950685,50.651469,9.95,Westerwald
Birstein,6094,9.310281,50.353303,86.61,Spessart-Kinzigtal-Vogelsberg
Gochsheim,6093,10.282762,50.019951,20.67,Fränkisches Weinland
"Riedenburg, St",6090,11.682911,48.961889,100.3,Bayerischer Jura
"Großalmerode, Stadt",6090,9.784493,51.257737,37.59,Werra-Meissner Land
Pleidelsheim,6087,9.205009,48.95908,10.18,Region Stuttgart
Moosinning,6083,11.84463,48.277056,39.96,Münchener Umland
"Nieheim, Stadt",6081,9.110021,51.804067,79.71,Teutoburger Wald
Buttenwiesen,6081,10.721337,48.604433,59.49,Bayerisch-Schwaben
Oberthal,6073,7.089249,49.511195,23.87,Nordsaarland
"Falkenberg/Elster, Stadt",6070,13.236202,51.587007,82.16,Elbe Elster Land
Lossatal,6067,12.872916,51.397925,111.17,Leipzig Region
Mengkofen,6065,12.441078,48.72044,84.65,Bayerisches Thermenland
Billigheim,6063,9.254676,49.347877,48.94,Nördliches Baden-Württemberg
Hüttlingen,6060,10.097961,48.892987,18.7,Schwäbische Alb
Lachendorf,6059,10.245238,52.62209,38.43,Lüneburger Heide
"Neustadt a.d.Waldnaab, St",6057,12.175697,49.732495,9.93,Oberpfälzer Wald
Bischberg,6056,10.831656,49.909767,17.55,Steigerwald
Dudenhofen,6054,8.38956,49.316716,12.95,Pfalz
Altbach,6047,9.380166,48.723629,3.34,Region Stuttgart
"Friedland, Stadt",6044,13.553318,53.670639,141.79,Mecklenburgische Schweiz und Seenplatte
"Bad Königshofen i.Grabfeld, St",6034,10.467271,50.299384,69.51,Haßberge
"Untergriesbach, M",6033,13.668998,48.573458,73.56,Bayerischer Wald
Bickenbach,6031,8.611025,49.754423,9.26,Odenwald-Bergstrasse-Neckartal
Isenbüttel,6031,10.578957,52.434993,18.78,Lüneburger Heide
"Dohna, Stadt",6030,13.858124,50.954489,28.59,Sächsische Schweiz
"Werra-Suhl-Tal, Stadt",6028,10.068487,50.939304,77.67,Thüringer Wald
Nesse-Apfelstädt,6021,10.913588,50.912628,39.58,Welterberegion Wartburg-Hainich
Waldsee,6016,8.441403,49.394745,12.94,Pfalz
Kirchheim am Neckar,6004,9.145033,49.044258,8.52,Region Stuttgart
Plaidt,6003,7.3912,50.391084,9.39,Eifel
"Westerburg, Stadt",6002,7.970023,50.563166,18.48,Westerwald
Beelen,6002,8.118191,51.930124,31.35,Münsterland
Auetal,6001,9.232853,52.234338,62.15,Weserbergland
Sehmatal,5998,12.993628,50.516535,44.51,Erzgebirge
Karlshuld,5997,11.286999,48.682264,29.09,Oberbayerns Städte
Michelau i.OFr.,5995,11.112,50.162117,19.35,Obermain.Jura
Unstruttal,5993,10.455912,51.235472,100.66,Welterberegion Wartburg-Hainich
Diekholzen,5982,9.918044,52.09459,30.22,Hannover-Hildesheim
Allershausen,5980,11.598275,48.429879,26.55,Münchener Umland
Hörselberg-Hainich,5979,10.508706,51.020247,142.09,Welterberegion Wartburg-Hainich
Mainhardt,5973,9.55678,49.075798,58.7,Nördliches Baden-Württemberg
Rohrbach,5970,11.563034,48.613775,29.62,Oberbayerns Städte
Kronau,5969,8.634487,49.219296,10.9,Nördliches Baden-Württemberg
Ispringen,5968,8.667748,48.918096,8.22,Nördliches Baden-Württemberg
"Spangenberg, Liebenbachstadt",5967,9.65858,51.116895,97.71,Kurhessisches Bergland
Sickte,5967,10.634127,52.21405,25.35,Braunschweiger Land
Schlangenbad,5967,8.102652,50.094773,36.51,Rheingau-Taunus
Butjadingen,5966,8.362601,53.574556,129.56,Nordseeküste
Horst (Holstein),5961,9.618468,53.81099,29.06,übrig. Schleswig-Holstein
"Malchow, Inselstadt",5961,12.423356,53.475132,44.71,Mecklenburgische Schweiz und Seenplatte
"Plau am See, Stadt",5960,12.264665,53.459171,116.27,Westmecklenburg
Königsfeld im Schwarzwald,5960,8.421452,48.138624,40.2,Mittlerer Schwarzwald
Lichtentanne,5958,12.427018,50.692703,27.33,Chemnitz Zwickau Region
"Meersburg, Stadt",5956,9.273408,47.695076,12.07,Bodensee
"Thalheim/Erzgeb., Stadt",5956,12.849866,50.701048,10.79,Erzgebirge
Stockstadt am Rhein,5945,8.46596,49.80777,18.73,Odenwald-Bergstrasse-Neckartal
Kirchardt,5939,8.990394,49.205097,21.5,Nördliches Baden-Württemberg
Burkhardtsdorf,5936,12.929936,50.734171,21.22,Erzgebirge
"Langquaid, M",5936,12.051748,48.823679,56.77,Bayerisches Thermenland
"Schlüsselfeld, St",5932,10.619344,49.756792,70.24,Steigerwald
Hohenlockstedt,5918,9.617875,53.964541,45.6,übrig. Schleswig-Holstein
Pliening,5910,11.798553,48.19811,22.79,Ebersberger Grünes Land
Uelsen,5909,6.885313,52.49633,19.47,Grafschaft Bentheim-Emsland-Osnabrücker Land
Hebertshausen,5894,11.464164,48.291688,29.57,Münchener Umland
Mudersbach,5894,7.943913,50.824709,9.48,Westerwald
"Lübz, Stadt",5892,12.029001,53.461574,74.69,Westmecklenburg
Lingenfeld,5891,8.342315,49.249151,15.21,Pfalz
Faßberg,5890,10.162006,52.895917,102.3,Lüneburger Heide
Tarp,5890,9.403428,54.664107,16.36,übrig. Schleswig-Holstein
"Großbreitenbach, Stadt",5884,11.013059,50.584346,80.76,Thüringer Wald
"An der Schmücke, Stadt",5881,11.215397,51.299629,95.29,Südharz-Kyffhäuser
"Haiterbach, Stadt",5872,8.649992,48.524432,28.92,Nördlicher Schwarzwald
"Pyrbaum, M",5872,11.285091,49.296724,50.29,Bayerischer Jura
"Geislingen, Stadt",5870,8.811353,48.287956,31.96,Schwäbische Alb
Boostedt,5868,10.025785,54.010323,27.11,übrig. Schleswig-Holstein
"Gransee, Stadt",5868,13.158105,53.00684,121.68,Ruppiner Seenland
"Kemnath, St",5864,11.887026,49.870144,56.79,Oberpfälzer Wald
"Weidenberg, M",5864,11.722766,49.941314,68.9,Fichtelgebirge
Barbing,5861,12.197586,49.003328,30.52,Bayerisches Thermenland
Niedereschach,5857,8.528615,48.132561,33.08,Mittlerer Schwarzwald
"Emskirchen, M",5854,10.717297,49.551754,67.27,Steigerwald
Rohrdorf,5853,12.170017,47.796994,28.65,Chiemsee-Alpenland
"Hausach, Stadt",5851,8.171188,48.28416,36.07,Mittlerer Schwarzwald
"Schirgiswalde-Kirschau, Stadt",5849,14.428566,51.092621,24.34,Oberlausitz/Niederschlesien
Waldbrunn (Westerwald),5847,8.091974,50.507858,29.77,Westerwald-Lahn-Taunus
"Bad Blankenburg, Stadt",5843,11.261585,50.68475,35.62,Thüringer Wald
Jade,5843,8.18808,53.330894,94.05,Nordseeküste
Schäftlarn,5840,11.458206,47.989964,16.72,Münchener Umland
"Berga-Wünschendorf, Stadt",5840,12.16193,50.752198,63.02,Thüringer Vogtland
Speichersdorf,5840,11.784103,49.87649,52.91,Fichtelgebirge
Dasing,5838,11.048293,48.384785,40.83,Bayerisch-Schwaben
Beselich,5835,8.122274,50.456832,31.54,Westerwald-Lahn-Taunus
"Bad Birnbach, M",5833,13.089951,48.444071,68.83,Bayerisches Thermenland
Hohenstein,5829,8.09854,50.194814,63.86,Rheingau-Taunus
"Tittmoning, St",5826,12.768954,48.060438,72.01,Chiemsee-Chiemgau
Lohra,5823,8.630554,50.735887,49.16,Marburg-Biedenkopf
Geltendorf,5817,11.028417,48.121517,34.82,Ammersee-Lech
Elztal,5814,9.191576,49.384876,46.62,Nördliches Baden-Württemberg
Gmund a.Tegernsee,5813,11.738468,47.750896,34.42,Alpenregion Tegernsee Schliersee
Nufringen,5806,8.888193,48.622489,10.04,Region Stuttgart
Bodelshausen,5805,8.9735,48.392533,13.83,Schwäbische Alb
Karstädt,5803,11.745992,53.156602,253.53,Prignitz
"Waibstadt, Stadt",5794,8.920252,49.299852,25.57,Nördliches Baden-Württemberg
Rühen,5790,10.885271,52.485839,30.94,Lüneburger Heide
"Heringsdorf, Ostseebad",5790,14.1672,53.954343,37.81,Vorpommern
"Bredstedt, Stadt",5790,8.963468,54.618658,9.75,übrig. Schleswig-Holstein
"Bräunlingen, Stadt",5784,8.448829,47.930249,62.14,Mittlerer Schwarzwald
"Bad Grönenbach, M",5780,10.221332,47.875068,41.99,Allgäu
Löchgau,5778,9.10601,49.001831,10.95,Region Stuttgart
"Schrozberg, Stadt",5777,9.979876,49.344875,105.21,Nördliches Baden-Württemberg
"Treffurt, Stadt",5772,10.230207,51.137051,72.46,Welterberegion Wartburg-Hainich
Sontheim an der Brenz,5771,10.2867,48.556231,28.92,Schwäbische Alb
"Dietenhofen, M",5771,10.690834,49.399969,63.93,Romantisches Franken - vom Naturpark Frankenhöhe zur Romantischen Straße
"Kipfenberg, M",5767,11.393928,48.950023,81.43,Naturpark Altmühltal
"Schwarzheide, Stadt",5765,13.854253,51.478084,33.44,Lausitzer Seenland
Schwarmstedt,5759,9.617614,52.676252,30.23,Lüneburger Heide
"Wemding, St",5757,10.724374,48.872377,31.6,Bayerisch-Schwaben
Umkirch,5755,7.761774,48.032065,8.72,Südlicher Schwarzwald
"Nottertal-Heilinger Höhen, Stadt",5750,10.65856,51.246183,75.96,Welterberegion Wartburg-Hainich
"Fürstenberg/Havel, Stadt",5741,13.145303,53.184686,213.85,Ruppiner Seenland
Kalefeld,5732,10.034411,51.795915,84.21,Weserbergland
"Hirschau, St",5726,11.942747,49.544228,74.96,Bayerischer Jura
"Kastellaun, Stadt",5722,7.44201,50.071241,8.41,Hunsrück
"Oberlungwitz, Stadt",5716,12.722076,50.786972,14.68,Chemnitz Zwickau Region
"Leun, Stadt",5715,8.357168,50.549638,28.66,Lahn-Dill
"Neubulach, Stadt",5713,8.692017,48.661372,24.69,Nördlicher Schwarzwald
Ober-Mörlen,5706,8.694519,50.373047,37.65,Vogelsberg und Wetterau
Satteldorf,5703,10.081515,49.170293,46.21,Nördliches Baden-Württemberg
Bruckberg,5700,11.992656,48.522561,51.09,Bayerisches Thermenland
"Herrnhut, Stadt",5695,14.74397,51.015492,74.13,Oberlausitz/Niederschlesien
"Wirges, Stadt",5694,7.796234,50.471632,10.11,Westerwald
Saal a.d.Donau,5685,11.928009,48.900521,44.01,Bayerisches Thermenland
Böhmenkirch,5684,9.931883,48.684616,51.08,Region Stuttgart
Willingen (Upland),5672,8.614084,51.29345,80.26,Waldecker Land
Odelzhausen,5671,11.198784,48.308784,30.44,Münchener Umland
Kolitzheim,5671,10.236498,49.919644,59.09,Fränkisches Weinland
"Babenhausen, M",5669,10.253448,48.143052,27.23,Allgäu
"Münzenberg, Stadt",5663,8.777495,50.45595,31.63,Vogelsberg und Wetterau
Hambergen,5651,8.826407,53.310488,30.33,Unterelbe-Unterweser
Bobritzsch-Hilbersdorf,5647,13.436285,50.898373,55.12,Erzgebirge
Oberboihingen,5644,9.366724,48.647727,6.31,Region Stuttgart
"Neudenau, Stadt",5643,9.270659,49.292642,32.91,Nördliches Baden-Württemberg
Tacherting,5643,12.56919,48.078082,50.24,Chiemsee-Chiemgau
"Nienburg (Saale), Stadt",5635,11.766344,51.836428,79.57,"Magdeburg, Elbe-Börde-Heide"
"Nandlstadt, M",5635,11.805491,48.537446,34.3,Münchener Umland
"Kleinwallstadt, M",5632,9.166624,49.872351,15.79,Spessart-Mainland
Wusterhausen/Dosse,5626,12.462,52.891156,196.34,Prignitz
"Isen, M",5619,12.057134,48.212835,43.78,Münchener Umland
"Giebelstadt, M",5617,9.947387,49.653361,48.05,Fränkisches Weinland
Weischlitz,5617,12.057782,50.447551,121.63,Vogtland
Haimhausen,5615,11.553037,48.3162,26.93,Münchener Umland
"Ebensfeld, M",5614,10.958925,50.067019,68.72,Obermain.Jura
"Mengerskirchen, Marktflecken",5612,8.154369,50.564589,30.82,Westerwald-Lahn-Taunus
"Harburg (Schwaben), St",5598,10.692591,48.786821,73.16,Bayerisch-Schwaben
"Beratzhausen, M",5594,11.809964,49.095306,72.51,Bayerischer Jura
Gemmingen,5593,8.982537,49.156795,19.08,Nördliches Baden-Württemberg
Pöcking,5589,11.300241,47.965974,20.96,StarnbergAmmersee
"Marne, Stadt",5586,9.008761,53.953695,4.83,übrig. Schleswig-Holstein
Merzhausen,5584,7.828697,47.966362,2.76,Südlicher Schwarzwald
Hambrücken,5581,8.544792,49.186033,10.98,Nördliches Baden-Württemberg
Aying,5581,11.777479,47.970734,56.56,Münchener Umland
Saaldorf-Surheim,5578,12.929731,47.870455,39.1,Berchtesgadener Land
Affing,5575,10.981809,48.457486,44.82,Bayerisch-Schwaben
Dietramszell,5572,11.588293,47.854816,96.82,Tölzer Land
"Brotterode-Trusetal, Stadt",5571,10.40787,50.786201,49.68,Thüringer Wald
"Wolfach, Stadt",5571,8.222231,48.298549,67.98,Mittlerer Schwarzwald
"Leutershausen, St",5570,10.410982,49.29788,84.07,Romantisches Franken - vom Naturpark Frankenhöhe zur Romantischen Straße
Tegernheim,5570,12.172571,49.024782,11.43,Bayerischer Wald
"Niedenstein, Stadt",5570,9.312719,51.235739,30.61,Kurhessisches Bergland
Großpösna,5570,12.502563,51.270633,41.56,Leipzig Region
"Grünhain-Beierfeld, Stadt",5569,12.787358,50.561375,22.25,Erzgebirge
Floh-Seligenthal,5566,10.480412,50.754223,68.71,Thüringer Wald
Bad Emstal,5566,9.260599,51.243864,38.68,Kassel- Land
Zeithain,5565,13.338067,51.333236,81.62,Elbland
Limeshain,5563,8.972786,50.260907,12.5,Vogelsberg und Wetterau
"Kaltennordheim, Stadt",5562,10.156215,50.626676,94.41,Thüringer Rhön
Fischbachau,5562,11.950751,47.71941,75.82,Alpenregion Tegernsee Schliersee
Kippenheim,5559,7.82454,48.294627,20.85,Mittlerer Schwarzwald
Schönenberg-Kübelberg,5557,7.376049,49.409605,18.68,Pfalz
"Markt Erlbach, M",5557,10.65224,49.493537,60.89,Steigerwald
Schöntal,5557,9.52668,49.344441,81.67,Nördliches Baden-Württemberg
"Wittichenau / Kulow, Stadt",5554,14.243586,51.385325,61.02,Oberlausitz/Niederschlesien
Riedering,5550,12.207694,47.838422,37.95,Chiemsee-Alpenland
"Rochlitz, Stadt, Stadt des Roten Porphyr",5549,12.799334,51.045679,23.76,Chemnitz Zwickau Region
Wesendorf,5549,10.534582,52.592922,31.28,Lüneburger Heide
"Abenberg, St",5547,10.963645,49.241703,48.41,Fränkisches Seenland
Laboe,5546,10.224323,54.404031,5.23,Ostsee
Bötzingen,5544,7.720789,48.069628,13.0,Südlicher Schwarzwald
"Greußen, Stadt",5544,10.944013,51.228102,86.82,Südharz-Kyffhäuser
Wiedemar,5544,12.207248,51.465778,95.54,Leipzig Region
Kuchen,5544,9.800136,48.635851,8.95,Region Stuttgart
Dettenhausen,5543,9.100748,48.607603,11.02,Schwäbische Alb
"Seelow, Stadt",5541,14.381058,52.533809,42.73,Seenland Oder-Spree
"Zeil a.Main, St",5540,10.595267,50.008547,35.67,Haßberge
"Wartenberg, M",5539,11.987985,48.404449,17.88,Münchener Umland
Kumhausen,5538,12.160133,48.507387,37.04,Bayerisches Thermenland
Rot am See,5531,10.02557,49.248906,74.8,Nördliches Baden-Württemberg
"Heimsheim, Stadt",5530,8.863456,48.805183,14.3,Nördlicher Schwarzwald
"Mellrichstadt, St",5530,10.308184,50.428478,56.03,Rhön
Baltmannsweiler,5525,9.448403,48.742625,18.55,Region Stuttgart
"Bad Lobenstein, Stadt",5523,11.640388,50.450309,48.92,Thüringer Wald
Küssaberg,5520,8.305426,47.589996,26.17,Südlicher Schwarzwald
Weßling,5519,11.248257,48.07449,22.6,StarnbergAmmersee
Blaichach,5518,10.257416,47.542493,50.11,Allgäu
Schweitenkirchen,5517,11.606207,48.505306,53.0,Oberbayerns Städte
Igersheim,5517,9.815731,49.496624,42.83,Nördliches Baden-Württemberg
Büchenbach,5514,11.052778,49.266782,30.76,Fränkisches Seenland
"Mügeln, Stadt",5505,13.046003,51.236779,55.08,Leipzig Region
Ofterdingen,5505,9.030929,48.42084,15.15,Schwäbische Alb
Altenkunstadt,5502,11.249572,50.124993,32.9,Obermain.Jura
"Ingelfingen, Stadt",5501,9.654049,49.299402,46.48,Nördliches Baden-Württemberg
"Wernberg-Köblitz, M",5494,12.161587,49.539573,66.06,Oberpfälzer Wald
Kirchentellinsfurt,5492,9.149618,48.53123,10.99,Schwäbische Alb
Rechberghausen,5491,9.64174,48.731398,6.4,Region Stuttgart
Baar-Ebenhausen,5488,11.47636,48.677642,14.79,Oberbayerns Städte
Echzell,5474,8.885661,50.39046,37.65,Vogelsberg und Wetterau
Aschau i.Chiemgau,5471,12.324478,47.777656,79.59,Chiemsee-Alpenland
Zeitlarn,5463,12.107031,49.076459,16.12,Bayerischer Wald
"Vöhl, Nationalparkgemeinde",5460,8.944251,51.205272,98.85,Waldecker Land
Lamspringe,5460,10.008627,51.957723,70.5,Hannover-Hildesheim
Walddorfhäslach,5457,9.183734,48.586231,14.44,Schwäbische Alb
Ahlerstedt,5456,9.451981,53.405314,62.56,Unterelbe-Unterweser
"Drebkau/Drjowk, Stadt",5455,14.217333,51.657264,143.9,Lausitzer Seenland
Rackwitz,5452,12.380413,51.435447,35.85,Leipzig Region
Brunnthal,5451,11.684307,48.006711,37.95,Münchener Umland
"Battenberg (Eder), Stadt",5450,8.647673,51.013769,64.71,Waldecker Land
"Monheim, St",5450,10.855355,48.841433,69.33,Bayerisch-Schwaben
Sersheim,5448,9.01213,48.961021,11.48,Region Stuttgart
Eschede,5443,10.235106,52.733783,196.79,Lüneburger Heide
"Pfeffenhausen, M",5441,11.964285,48.665303,71.76,Bayerisches Thermenland
Rottach-Egern,5441,11.765587,47.688923,59.12,Alpenregion Tegernsee Schliersee
Blaufelden,5439,9.974402,49.297785,90.17,Nördliches Baden-Württemberg
"Stolpen, Stadt",5436,14.078991,51.048559,60.89,Sächsische Schweiz
Horgenzell,5436,9.497983,47.806456,56.17,Oberschwaben-Allgäu
Frankenblick,5434,11.078267,50.377589,60.65,Thüringer Wald
"Triftern, M",5428,13.004804,48.394623,62.24,Bayerisches Thermenland
Hohenwestedt,5428,9.651582,54.090894,18.18,übrig. Schleswig-Holstein
Grabfeld,5425,10.437103,50.453922,121.07,Thüringer Rhön
Bessenbach,5425,9.246066,49.961041,29.97,Spessart-Mainland
"Lütjenburg, Stadt",5424,10.589926,54.292744,6.15,übrig. Schleswig-Holstein
"Velburg, St",5424,11.670239,49.231086,175.66,Bayerischer Jura
"Grabow, Stadt",5422,11.564527,53.278844,72.26,Westmecklenburg
"Traben-Trarbach, Stadt",5421,7.116738,49.951356,31.35,Mosel-Saar
Sulzbach an der Murr,5421,9.501017,49.002908,40.12,Region Stuttgart
Ovelgönne,5421,8.422554,53.342233,124.27,Unterelbe-Unterweser
Waakirchen,5419,11.674921,47.770794,42.32,Alpenregion Tegernsee Schliersee
"Altenstadt, M",5416,10.11339,48.159753,31.3,Bayerisch-Schwaben
"Munderkingen, Stadt",5408,9.647663,48.236714,13.07,Schwäbische Alb
Walluf,5407,8.160766,50.035456,6.74,Rheingau-Taunus
Dörpen,5405,7.32235,52.965517,33.08,Grafschaft Bentheim-Emsland-Osnabrücker Land
"Forchtenberg, Stadt",5405,9.562246,49.287249,38.09,Nördliches Baden-Württemberg
Rehfelde,5403,13.923456,52.527478,46.51,Seenland Oder-Spree
Rottendorf,5398,10.026372,49.790279,14.83,Fränkisches Weinland
"Wegscheid, M",5394,13.788526,48.601342,80.64,Bayerischer Wald
Deining,5392,11.538819,49.226662,71.38,Bayerischer Jura
Ertingen,5381,9.460739,48.096788,37.74,Oberschwaben-Allgäu
Ochtendung,5377,7.39081,50.349297,24.05,Eifel
Grävenwiesbach,5376,8.457886,50.388795,43.15,Main und Taunus
Ludwigsau,5375,9.745033,50.901798,112.05,Waldhessen (Hersfeld-Rotenburg)
"Rockenhausen, Stadt",5371,7.823609,49.628859,36.83,Pfalz
"Bad Gottleuba-Berggießhübel, Stadt",5367,13.943289,50.851891,88.72,Sächsische Schweiz
Bernhardswald,5366,12.248395,49.09054,71.8,Bayerischer Wald
Neuenkirchen,5365,9.704085,53.032983,97.1,Lüneburger Heide
Wackersdorf,5364,12.178206,49.312192,33.56,Oberpfälzer Wald
"Külsheim, Stadt",5360,9.517596,49.670835,81.43,Nördliches Baden-Württemberg
"Grebenstein, Stadt",5358,9.414625,51.446845,49.84,Kassel- Land
Nackenheim,5358,8.342085,49.916661,8.62,Rheinhessen
Obrigheim,5357,9.089945,49.353176,24.25,Nördliches Baden-Württemberg
Esterwegen,5357,7.633031,52.993068,49.59,Grafschaft Bentheim-Emsland-Osnabrücker Land
Sasbach,5357,8.091829,48.638758,16.73,Mittlerer Schwarzwald
Niederorschel,5357,10.424653,51.370172,55.73,Eichsfeld
Obersontheim,5355,9.89935,49.057122,54.84,Nördliches Baden-Württemberg
"Hagenbach, Stadt",5354,8.247027,49.02038,15.86,Pfalz
Wannweil,5352,9.151047,48.517041,5.34,Schwäbische Alb
"Gersfeld (Rhön), Stadt",5352,9.920598,50.45036,89.34,Rhön
"Stühlingen, Stadt",5351,8.445849,47.745475,93.2,Südlicher Schwarzwald
"Otterberg, Stadt",5348,7.772375,49.502037,32.11,Pfalz
Guxhagen,5347,9.48077,51.203012,26.19,Kurhessisches Bergland
Rangendingen,5343,8.885614,48.382119,21.66,Schwäbische Alb
"Norderney, Stadt",5343,7.145431,53.707276,26.31,Ostfriesische Inseln
"Wasungen, Stadt",5342,10.368658,50.663562,89.08,Thüringer Rhön
Warthausen,5341,9.797727,48.128975,25.75,Oberschwaben-Allgäu
Kirchdorf a.Inn,5341,12.979918,48.242505,31.64,Bayerisches Thermenland
Ranstadt,5340,8.98571,50.358046,34.26,Vogelsberg und Wetterau
Nünchritz,5339,13.383303,51.300936,31.28,Elbland
"Kusel, Stadt",5332,7.400548,49.537633,14.37,Pfalz
Großaitingen,5331,10.781536,48.228812,39.05,Bayerisch-Schwaben
Wörthsee,5330,11.194269,48.080105,20.42,StarnbergAmmersee
Dietzhölztal,5328,8.315583,50.832704,37.47,Lahn-Dill
Estenfeld,5323,10.004205,49.830509,18.13,Fränkisches Weinland
Mittelangeln,5321,9.60375,54.692455,44.96,übrig. Schleswig-Holstein
Uhlstädt-Kirchhasel,5320,11.466516,50.742069,121.64,Saaleland
Schechen,5316,12.123345,47.929188,31.53,Chiemsee-Alpenland
Schönau a.Königssee,5315,12.984388,47.602396,131.62,Berchtesgadener Land
Tiefenbronn,5315,8.800599,48.824167,14.78,Nördlicher Schwarzwald
"Zarrentin am Schaalsee, Stadt",5312,10.91548,53.55292,91.9,Westmecklenburg
"Eltmann, St",5311,10.664635,49.971589,40.81,Steigerwald
Sibbesse,5311,9.902564,52.054729,71.96,Hannover-Hildesheim
Glashütten,5311,8.402503,50.215925,27.1,Main und Taunus
Rosengarten,5309,9.726334,49.066934,31.01,Nördliches Baden-Württemberg
Helsa,5305,9.686204,51.257311,25.76,Kassel- Land
"Weitnau, M",5302,10.126481,47.640846,65.19,Allgäu
Angelbachtal,5299,8.773413,49.233855,17.92,Nördliches Baden-Württemberg
Meckesheim,5298,8.81789,49.32267,16.33,Nördliches Baden-Württemberg
Neuberg,5296,8.996444,50.18774,10.55,Spessart-Kinzigtal-Vogelsberg
Seubersdorf i.d.OPf.,5295,11.625202,49.164396,68.28,Bayerischer Jura
Jestetten,5290,8.567756,47.649692,20.62,Südlicher Schwarzwald
Moosthenning,5290,12.497842,48.676792,70.4,Bayerisches Thermenland
"Laaber, M",5290,11.885725,49.065635,29.66,Bayerischer Jura
"Dornburg-Camburg, Stadt",5289,11.71095,51.05398,30.77,Saaleland
"Ebstorf,Klosterflecken",5288,10.412859,53.028888,27.29,Lüneburger Heide
Calberlah,5288,10.623002,52.421337,27.77,Lüneburger Heide
Waldems,5288,8.317029,50.250514,36.68,Rheingau-Taunus
Piding,5284,12.91208,47.769593,17.67,Berchtesgadener Land
"Prüm, Stadt",5284,6.424323,50.207092,22.86,Eifel
Bergrheinfeld,5276,10.180496,50.006556,19.86,Fränkisches Weinland
Egling,5273,11.508365,47.922943,74.05,Tölzer Land
Baindt,5269,9.661164,47.84186,23.07,Oberschwaben-Allgäu
"Schöppenstedt, Stadt",5265,10.77471,52.144545,39.74,Braunschweiger Land
"Thalmässing, M",5264,11.218105,49.087489,80.55,Naturpark Altmühltal
"Oberkotzau, M",5263,11.930278,50.263757,21.51,Fichtelgebirge
Bodenkirchen,5262,12.386451,48.3835,61.99,Bayerisches Thermenland
Jahnsdorf/Erzgeb.,5262,12.848674,50.739907,26.23,Erzgebirge
Erdmannhausen,5261,9.296924,48.941641,8.7,Region Stuttgart
Ühlingen-Birkendorf,5255,8.317652,47.718673,77.08,Südlicher Schwarzwald
Süderbrarup,5255,9.77543,54.635615,20.06,übrig. Schleswig-Holstein
"Mahlberg, Stadt",5254,7.809923,48.288279,16.59,Mittlerer Schwarzwald
Mühlhausen,5251,11.445577,49.168994,36.98,Bayerischer Jura
Kappel-Grafenhausen,5246,7.743559,48.291847,25.72,Mittlerer Schwarzwald
Pommelsbrunn,5242,11.512782,49.503169,50.05,Nürnberger Land
"Ellrich, Stadt",5239,10.665677,51.587555,69.41,Südharz-Kyffhäuser
"Niederaula, Marktgemeinde",5225,9.605239,50.800576,64.16,Waldhessen (Hersfeld-Rotenburg)
Hemhofen,5220,10.939122,49.683384,6.75,Steigerwald
Iffezheim,5219,8.140588,48.822716,19.91,Nördlicher Schwarzwald
"Großschirma, Stadt",5217,13.276907,50.966191,61.63,Erzgebirge
Müden (Aller),5216,10.362484,52.525594,67.37,Lüneburger Heide
"Adelsheim, Stadt",5207,9.391601,49.401957,43.84,Nördliches Baden-Württemberg
St. Johann,5202,9.341319,48.452886,58.92,Schwäbische Alb
Lenzkirch,5201,8.200446,47.869062,57.92,Südlicher Schwarzwald
"Spalt, St",5196,10.92494,49.176045,55.67,Fränkisches Seenland
"Oettingen i.Bay., St",5196,10.605363,48.955274,34.22,Bayerisch-Schwaben
"Wörth a.d.Donau, St",5196,12.407619,49.000593,52.25,Bayerischer Wald
"Pottenstein, St",5190,11.408159,49.770946,73.29,Fränkische Schweiz
Reichenau,5189,9.060705,47.698036,12.71,Bodensee
Reichertshausen,5188,11.50765,48.466257,23.64,Oberbayerns Städte
"Diemelstadt, Stadt",5186,9.011005,51.473285,82.55,Waldecker Land
Wettstetten,5184,11.414983,48.824094,12.47,Naturpark Altmühltal
Frensdorf,5175,10.865018,49.817439,44.01,Steigerwald
Himmelpforten,5172,9.30532,53.614176,18.28,Unterelbe-Unterweser
"Burg Stargard, Stadt",5171,13.310132,53.495316,76.61,Mecklenburgische Schweiz und Seenplatte
Lonsee,5170,9.917632,48.543054,43.32,Schwäbische Alb
"Tharandt, Stadt",5170,13.580901,50.98597,71.22,Elbland
Habichtswald,5168,9.310504,51.32613,28.21,Kassel- Land
Lüdersdorf,5159,10.811091,53.831497,54.75,Mecklenburgische Ostseeküste
"Steyerberg, Flecken",5159,9.026193,52.56739,101.99,Mittelweser
"Wilhermsdorf, M",5158,10.717409,49.482063,26.64,Romantisches Franken - vom Naturpark Frankenhöhe zur Romantischen Straße
Erlenbach,5155,9.268814,49.170228,12.73,Nördliches Baden-Württemberg
Karlskron,5150,11.4132,48.67737,38.52,Oberbayerns Städte
Wermsdorf,5148,12.939444,51.283787,104.62,Leipzig Region
"Kitzscher, Stadt",5140,12.554765,51.160292,29.04,Leipzig Region
Bennewitz,5135,12.710898,51.360574,46.81,Leipzig Region
Bad Bellingen,5134,7.556809,47.731696,16.93,Südlicher Schwarzwald
Steißlingen,5133,8.92425,47.79781,24.52,Hegau
Oberammergau,5132,11.06642,47.597074,30.06,Zugspitz-Region
Sulzfeld,5131,8.856733,49.103766,18.75,Nördliches Baden-Württemberg
"Ruhla, Stadt",5126,10.365621,50.892673,38.55,Thüringer Wald
"Hofheim i.UFr., St",5125,10.522104,50.137398,56.34,Haßberge
"Waldmohr, Stadt",5124,7.332884,49.387069,13.03,Pfalz
Bad Boll,5116,9.616604,48.639235,10.95,Region Stuttgart
Achstetten,5116,9.898085,48.258983,23.38,Oberschwaben-Allgäu
Großschönau,5114,14.660908,50.896216,23.82,Oberlausitz/Niederschlesien
Ötigheim,5110,8.231643,48.893206,10.98,Nördlicher Schwarzwald
Büsum,5105,8.859577,54.130341,8.48,Nordsee
Sundhagen,5096,13.251468,54.213985,159.81,Vorpommern
"Erbendorf, St",5095,12.048098,49.838063,67.56,Oberpfälzer Wald
Oberaudorf,5095,12.171952,47.648794,59.29,Chiemsee-Alpenland
Neuhausen,5095,8.778275,48.792915,29.75,Nördlicher Schwarzwald
Modautal,5090,8.738628,49.735121,31.79,Odenwald-Bergstrasse-Neckartal
"Gadebusch, Stadt",5087,11.118522,53.701801,47.76,Mecklenburgische Ostseeküste
"Glonn, M",5085,11.867322,47.987123,30.23,Ebersberger Grünes Land
Heiningen,5077,9.651131,48.660666,12.45,Region Stuttgart
Laufach,5075,9.297033,50.013879,15.6,Spessart-Mainland
Talheim,5074,9.193502,49.083283,11.62,Nördliches Baden-Württemberg
Trappenkamp,5073,10.22097,54.041764,3.45,übrig. Schleswig-Holstein
Espenau,5069,9.472579,51.399939,13.6,Kassel- Land
Lensahn,5066,10.883304,54.217545,27.7,übrig. Schleswig-Holstein
Deggingen,5066,9.722279,48.59776,22.71,Region Stuttgart
Mammendorf,5066,11.162678,48.208396,21.22,Münchener Umland
"Wiggensbach, M",5065,10.231536,47.745013,31.81,Allgäu
Fahrenzhausen,5064,11.554462,48.354613,37.64,Münchener Umland
"Igensdorf, M",5063,11.230404,49.622736,28.83,Fränkische Schweiz
Brigachtal,5059,8.470163,48.016006,22.8,Mittlerer Schwarzwald
"Lindenfels, Stadt",5059,8.77983,49.68301,21.09,Odenwald-Bergstrasse-Neckartal
"Bad Hindelang, M",5058,10.370607,47.506738,137.12,Allgäu
Driedorf,5056,8.185288,50.63466,47.56,Lahn-Dill
Eckersdorf,5054,11.499114,49.932625,36.17,Fränkische Schweiz
Haßmersheim,5052,9.14612,49.301027,19.15,Nördliches Baden-Württemberg
"Unkel, Stadt",5051,7.216955,50.59765,8.16,Mittelrheintal
Oerlenbach,5051,10.133993,50.143562,33.42,Rhön
Heroldsbach,5050,10.997822,49.693227,15.61,Fränkische Schweiz
"Binz, Ostseebad",5049,13.605285,54.401814,25.18,Rügen/Hiddensee
Münstertal/Schwarzwald,5043,7.784148,47.854495,67.74,Südlicher Schwarzwald
Engstingen,5041,9.285676,48.387146,31.52,Schwäbische Alb
Marxzell,5040,8.448322,48.863172,34.92,Nördlicher Schwarzwald
"Sulzberg, M",5040,10.349761,47.661163,40.99,Allgäu
Denkendorf,5036,11.454837,48.927791,47.83,Naturpark Altmühltal
Illerkirchberg,5036,9.999035,48.33831,11.45,Schwäbische Alb
Oberteuringen,5035,9.471967,47.725477,20.08,Bodensee
Weitramsdorf,5029,10.879827,50.255707,33.7,Coburg.Rennsteig
Frankenhardt,5026,9.980093,49.081875,69.86,Nördliches Baden-Württemberg
Krauchenwies,5023,9.248681,48.018687,44.65,Oberschwaben-Allgäu
Mintraching,5020,12.239643,48.95518,53.88,Bayerisches Thermenland
Zschorlau,5018,12.651278,50.569581,21.92,Erzgebirge
"Lichtenau, Stadt",5015,8.007707,48.726111,27.62,Nördlicher Schwarzwald
"Großheubach, M",5013,9.221888,49.727262,18.89,Spessart-Mainland
Übersee,5013,12.484208,47.821277,30.53,Chiemsee-Chiemgau
Osterrönfeld,5008,9.697439,54.292151,17.89,übrig. Schleswig-Holstein
"Windorf, M",5005,13.220593,48.626062,56.9,Bayerischer Wald
Fraureuth,5003,12.355719,50.703472,22.6,Chemnitz Zwickau Region
"Fischach, M",5001,10.655872,48.290489,30.17,Bayerisch-Schwaben
Petersaurach,5000,10.746971,49.308214,41.81,Romantisches Franken - vom Naturpark Frankenhöhe zur Romantischen Straße
Hügelsheim,4999,8.111634,48.797453,14.91,Nördlicher Schwarzwald
Halsbrücke,4999,13.350271,50.953666,41.04,Erzgebirge
Rheinzabern,4998,8.278355,49.117953,12.77,Pfalz
"Altentreptow, Stadt",4992,13.250181,53.692774,53.07,Mecklenburgische Schweiz und Seenplatte
"Hahnbach, M",4987,11.80264,49.533838,67.38,Bayerischer Jura
Fronreute,4983,9.589918,47.863185,46.09,Oberschwaben-Allgäu
"Emmelshausen, Stadt",4980,7.55188,50.15564,8.05,Hunsrück
"Windischeschenbach, St",4980,12.155614,49.803405,36.37,Oberpfälzer Wald
Lohsa / Łaz,4978,14.403568,51.38387,134.95,Oberlausitz/Niederschlesien
Süsel,4978,10.717998,54.076679,75.29,Holsteinische Schweiz
"Schwaan, Stadt",4976,12.107479,53.93977,38.28,Mecklenburgische Ostseeküste
Unterschneidheim,4975,10.365761,48.942,68.07,Schwäbische Alb
Abstatt,4975,9.290986,49.068456,9.66,Nördliches Baden-Württemberg
"Amöneburg, Stadt",4972,8.924741,50.796985,43.9,Marburg-Biedenkopf
Molfsee,4972,10.064933,54.263397,7.18,übrig. Schleswig-Holstein
"Ronneburg, Stadt",4971,12.184789,50.863458,19.13,Thüringer Vogtland
Allmersbach im Tal,4969,9.467228,48.906963,7.96,Region Stuttgart
Lindern (Oldenburg),4968,7.779913,52.844711,65.8,Oldenburger Münsterland
"Todtnau, Stadt",4960,7.947591,47.82939,69.75,Südlicher Schwarzwald
Arnsdorf,4960,13.992798,51.097715,35.86,Oberlausitz/Niederschlesien
"Dahme/Mark, Stadt",4957,13.428214,51.869415,162.57,Fläming
Zolling,4956,11.771294,48.451521,34.54,Münchener Umland
"Oberthulba, M",4948,9.961254,50.198925,52.48,Rhön
"Cochem, Stadt",4946,7.16384,50.144672,21.18,Mosel-Saar
"Pfreimd, St",4943,12.181982,49.494048,51.48,Oberpfälzer Wald
Königsmoos,4938,11.203512,48.654756,40.83,Oberbayerns Städte
Mudau,4936,9.205835,49.532775,107.49,Nördliches Baden-Württemberg
"Naumburg, Stadt",4935,9.164889,51.247294,66.32,Kassel- Land
Velpke,4934,10.934106,52.408394,19.79,Braunschweiger Land
Unterensingen,4933,9.356151,48.658098,7.56,Region Stuttgart
Burgwald,4932,8.81134,51.027298,41.3,Waldecker Land
Allmendingen,4927,9.72429,48.330714,45.87,Schwäbische Alb
Waldbüttelbrunn,4926,9.842148,49.787616,19.16,Fränkisches Weinland
"Falkenstein/Harz, Stadt",4924,11.343918,51.732029,104.11,Harz und Harzvorland
"Zapfendorf, M",4922,10.931609,50.017677,30.54,Obermain.Jura
"Niederstotzingen, Stadt",4916,10.234998,48.541085,29.81,Schwäbische Alb
"Creußen, St",4914,11.624642,49.8444,64.87,Fränkische Schweiz
"Amt Creuzburg, Stadt",4910,10.242324,51.051684,76.8,Welterberegion Wartburg-Hainich
"Arzberg, St",4908,12.185347,50.057171,43.19,Fichtelgebirge
"Niederstetten, Stadt",4906,9.917243,49.401781,104.05,Nördliches Baden-Württemberg
"Uebigau-Wahrenbrück, Stadt",4905,13.299497,51.59403,135.61,Elbe Elster Land
"Oberviechtach, St",4905,12.418782,49.460918,62.42,Oberpfälzer Wald
"Hohenwart, M",4903,11.382671,48.593242,52.22,Oberbayerns Städte
"Kröpelin, Stadt",4899,11.796062,54.071022,67.54,Mecklenburgische Ostseeküste
Lenting,4895,11.462651,48.807287,8.48,Naturpark Altmühltal
Bibertal,4892,10.18502,48.417306,27.3,Bayerisch-Schwaben
"Vacha, Stadt",4891,10.023924,50.822993,44.41,Thüringer Rhön
Ebhausen,4890,8.679186,48.583976,24.56,Nördlicher Schwarzwald
Hartheim am Rhein,4887,7.624495,47.936423,26.05,Südlicher Schwarzwald
Salzhausen,4887,10.169305,53.225825,34.91,Lüneburger Heide
Westerrönfeld,4887,9.646005,54.280365,7.74,übrig. Schleswig-Holstein
Mockrehna,4884,12.815498,51.507858,115.81,Leipzig Region
Wehretal,4883,9.996927,51.151179,39.2,Werra-Meissner Land
Scheyern,4883,11.453122,48.499525,38.29,Oberbayerns Städte
Rabenau,4881,8.861779,50.674571,43.4,Vogelsberg und Wetterau
"Wiesentheid, M",4875,10.343607,49.794578,33.37,Steigerwald
Hohenahr,4874,8.525823,50.67496,45.71,Lahn-Dill
Winhöring,4871,12.651149,48.265589,24.59,Inn-Salzach
"Freren, Stadt",4868,7.543898,52.486741,48.97,Grafschaft Bentheim-Emsland-Osnabrücker Land
"Stadtoldendorf, Stadt",4868,9.622765,51.882484,24.92,Weserbergland
Heeslingen,4868,9.335088,53.314849,82.46,Unterelbe-Unterweser
Rust,4865,7.726081,48.269294,13.27,Mittlerer Schwarzwald
Brensbach,4860,8.878516,49.772941,23.18,Odenwald-Bergstrasse-Neckartal
Stetten am kalten Markt,4859,9.077554,48.121999,56.47,Schwäbische Alb
"Lauchheim, Stadt",4857,10.245244,48.871764,40.87,Schwäbische Alb
Emmingen-Liptingen,4856,8.85409,47.932278,54.54,Schwäbische Alb
"Stavenhagen, Reuterstadt, Stadt",4855,12.906674,53.697064,41.02,Mecklenburgische Schweiz und Seenplatte
Drebach,4844,13.018927,50.674606,32.86,Erzgebirge
Brachttal,4844,9.298776,50.302588,30.84,Spessart-Kinzigtal-Vogelsberg
Hammersbach,4843,8.985694,50.222678,20.14,Spessart-Kinzigtal-Vogelsberg
Stadecken-Elsheim,4842,8.139304,49.915146,14.52,Rheinhessen
Tespe,4840,10.413989,53.39609,24.85,Lüneburger Heide
"Rennertshofen, M",4840,11.046294,48.757425,93.11,Oberbayerns Städte
"Nassau, Stadt",4840,7.798748,50.314326,17.55,Lahntal
"Braunlage, Stadt",4839,10.610704,51.728022,31.65,Harz
Bodman-Ludwigshafen,4838,9.05777,47.821518,28.08,Bodensee
Eriskirch,4834,9.530728,47.629977,14.61,Bodensee
Seelbach,4828,7.940929,48.310109,29.83,Mittlerer Schwarzwald
Aglasterhausen,4825,8.989348,49.35493,22.84,Nördliches Baden-Württemberg
Inning a.Ammersee,4822,11.15189,48.076283,24.42,StarnbergAmmersee
Appen,4821,9.742691,53.659806,20.3,übrig. Schleswig-Holstein
"Frontenhausen, M",4821,12.52838,48.546413,30.43,Bayerisches Thermenland
Bad Wiessee,4820,11.725573,47.712577,32.78,Alpenregion Tegernsee Schliersee
Alheim,4819,9.66857,51.024756,63.84,Waldhessen (Hersfeld-Rotenburg)
Krayenberggemeinde,4818,10.084545,50.837986,31.63,Thüringer Rhön
Malschwitz / Malešecy,4818,14.520035,51.237793,93.27,Oberlausitz/Niederschlesien
"Tengen, Stadt",4818,8.661028,47.821272,62.03,Hegau
"Oppenau, Stadt",4815,8.165057,48.474717,72.98,Mittlerer Schwarzwald
"Tönning, Stadt",4814,8.941868,54.31662,44.43,Nordsee
Neuhausen/Spree / Kopańce/Sprjewja,4814,14.414071,51.68088,134.23,Lausitzer Seenland
"Schömberg, Stadt",4814,8.758829,48.211609,23.25,Schwäbische Alb
Wilhelmsdorf,4813,9.425067,47.867494,38.09,Oberschwaben-Allgäu
"Eggesin, Stadt",4812,14.081578,53.68022,88.22,Vorpommern
Kruft,4800,7.336575,50.385163,18.23,Eifel
Schacht-Audorf,4795,9.717681,54.313445,6.52,übrig. Schleswig-Holstein
Seddiner See,4794,12.990337,52.288384,23.98,Havelland
Breitenbrunn/Erzgeb.,4793,12.768669,50.474623,60.0,Erzgebirge
"Marienmünster, Stadt",4791,9.229516,51.81928,64.36,Teutoburger Wald
Uttenreuth,4790,11.074167,49.596937,6.11,Fränkische Schweiz
Herzlake,4788,7.606648,52.684854,49.78,Grafschaft Bentheim-Emsland-Osnabrücker Land
"Weismain, St",4786,11.239386,50.084884,90.14,Obermain.Jura
"Hollfeld, St",4784,11.290753,49.937051,80.66,Fränkische Schweiz
Chieming,4778,12.536018,47.893353,37.73,Chiemsee-Chiemgau
Altenmünster,4776,10.590476,48.464837,41.15,Bayerisch-Schwaben
Mömlingen,4774,9.083711,49.858373,18.45,Spessart-Mainland
Hochdorf,4773,9.46184,48.692863,7.75,Region Stuttgart
"Freinsheim, Stadt",4772,8.21286,49.507066,13.59,Pfalz
"Wörth a.Main, St",4769,9.156411,49.797293,15.88,Spessart-Mainland
"Iphofen, St",4768,10.259423,49.70383,78.06,Fränkisches Weinland
Winnweiler,4765,7.854076,49.567595,21.8,Pfalz
"Schöllnach, M",4763,13.17897,48.754839,39.9,Bayerischer Wald
Ötisheim,4761,8.805085,48.961011,14.26,Nördliches Baden-Württemberg
"Bischofsheim i.d.Rhön, St",4755,10.008969,50.400975,67.7,Rhön
"Trendelburg, Stadt",4755,9.430291,51.575491,69.37,Kassel- Land
Asbach-Bäumenheim,4750,10.818019,48.682934,11.9,Bayerisch-Schwaben
"Vellberg, Stadt",4747,9.880771,49.086487,31.89,Nördliches Baden-Württemberg
Gablingen,4746,10.82349,48.455715,26.71,Bayerisch-Schwaben
"Uchte, Flecken",4745,8.907246,52.499408,90.69,Mittelweser
Rückersdorf,4744,11.242961,49.493374,3.57,Nürnberger Land
Mietingen,4743,9.899411,48.182492,26.33,Oberschwaben-Allgäu
Neukirch/Lausitz,4742,14.298664,51.099337,21.3,Oberlausitz/Niederschlesien
Finsing,4740,11.824361,48.216158,23.18,Münchener Umland
Herbertingen,4738,9.438105,48.061061,38.65,Oberschwaben-Allgäu
"Lommatzsch, Stadt",4737,13.30862,51.196631,66.62,Elbland
Maselheim,4736,9.883935,48.13449,47.02,Oberschwaben-Allgäu
Bernried,4736,12.882786,48.917177,39.48,Bayerischer Wald
"Bad Bocklet, M",4734,10.080311,50.265699,37.92,Rhön
"Harpstedt, Flecken",4733,8.586698,52.909164,23.48,Oldenburger Land
"Hilders, Marktgemeinde",4733,10.002214,50.572246,70.37,Rhön
Raschau-Markersbach,4730,12.830031,50.53085,39.55,Erzgebirge
Stockheim,4723,11.283779,50.305186,25.36,Frankenwald
Hochspeyer,4721,7.89553,49.44412,22.74,Pfalz
Niedernberg,4720,9.137005,49.911359,15.6,Spessart-Mainland
Vogt,4717,9.766671,47.775383,22.3,Oberschwaben-Allgäu
Hesel,4714,7.59365,53.305406,43.99,Ostfriesland
Wesertal,4713,9.549904,51.598795,52.65,Kassel- Land
Niederwiesa,4712,13.024548,50.865093,16.39,Erzgebirge
Möhrendorf,4712,11.000309,49.639461,13.17,Fränkische Schweiz
"Geisa, Stadt",4708,9.949835,50.716792,71.94,Thüringer Rhön
Inzell,4704,12.748835,47.762533,45.35,Chiemsee-Chiemgau
Börnsen,4702,10.285588,53.476743,8.41,übrig. Schleswig-Holstein
Jahnatal,4702,13.159129,51.202502,70.95,Leipzig Region
Wildeck,4701,10.032108,50.950096,39.93,Waldhessen (Hersfeld-Rotenburg)
"Thum, Stadt",4695,12.951245,50.670506,18.9,Erzgebirge
Bellenberg,4694,10.093865,48.25525,5.12,Bayerisch-Schwaben
"Aindling, M",4691,10.953041,48.513814,31.38,Bayerisch-Schwaben
Buchholz (Westerwald),4688,7.394951,50.687713,20.62,Westerwald
Altenstadt a.d.Waldnaab,4687,12.159855,49.723289,22.06,Oberpfälzer Wald
"Heideck, St",4684,11.126163,49.132203,58.64,Fränkisches Seenland
"Röbel/Müritz, Stadt",4684,12.605909,53.376237,30.68,Mecklenburgische Schweiz und Seenplatte
Otterfing,4682,11.675542,47.908713,21.15,Alpenregion Tegernsee Schliersee
"Duingen, Flecken",4680,9.699208,52.005816,59.64,Hannover-Hildesheim
"Burgheim, M",4678,11.016204,48.700562,49.73,Oberbayerns Städte
"Rotthalmünster, M",4676,13.202955,48.359785,44.55,Bayerisches Thermenland
"Bodenwerder, Münchhausenstadt",4672,9.515591,51.977346,29.05,Weserbergland
Waldbrunn,4670,9.076699,49.463217,44.29,Nördliches Baden-Württemberg
Callenberg,4669,12.637568,50.845071,39.86,Chemnitz Zwickau Region
Oderwitz,4667,14.731983,50.949642,35.91,Oberlausitz/Niederschlesien
"Königsbrück, Stadt",4665,13.904688,51.264594,78.48,Oberlausitz/Niederschlesien
Ebersburg,4663,9.79223,50.453043,37.05,Rhön
Neunkirchen a.Sand,4662,11.318896,49.526335,14.13,Nürnberger Land
Waldsolms,4660,8.494888,50.433995,44.75,Lahn-Dill
Vierkirchen,4654,11.459701,48.364533,19.38,Münchener Umland
"Bad Buchau, Stadt",4651,9.611773,48.063926,23.75,Oberschwaben-Allgäu
Moorrege,4650,9.659074,53.668054,10.76,übrig. Schleswig-Holstein
Eisingen,4648,8.668775,48.947631,8.04,Nördliches Baden-Württemberg
Löhnberg,4643,8.270058,50.511288,33.84,Westerwald-Lahn-Taunus
Leidersbach,4642,9.218337,49.902153,19.84,Spessart-Mainland
"Wilthen, Stadt",4642,14.395526,51.097684,17.04,Oberlausitz/Niederschlesien
Neuenkirchen,4640,7.83787,52.41908,57.63,Grafschaft Bentheim-Emsland-Osnabrücker Land
Hörsel,4636,10.585193,50.919889,70.44,Welterberegion Wartburg-Hainich
Lähden,4631,7.567496,52.744149,79.89,Grafschaft Bentheim-Emsland-Osnabrücker Land
Badenweiler,4629,7.672322,47.801935,13.03,Südlicher Schwarzwald
Kreischa,4629,13.759963,50.945374,28.92,Elbland
"Pausa-Mühltroff, Stadt",4625,11.997007,50.580559,64.13,Vogtland
Röttenbach,4625,10.926701,49.67125,7.76,Steigerwald
"Müllrose, Stadt",4622,14.414235,52.245406,69.23,Seenland Oder-Spree
Gemmrigheim,4620,9.154976,49.027251,8.23,Region Stuttgart
Utting am Ammersee,4616,11.084411,48.02591,19.01,Ammersee-Lech
"Bad Bodenteich, Flecken",4609,10.678449,52.834094,50.14,Lüneburger Heide
Mittenaar,4604,8.379217,50.692135,35.14,Lahn-Dill
"Crivitz, Stadt",4601,11.64833,53.57795,75.85,Westmecklenburg
Gutach im Breisgau,4599,7.986537,48.117019,24.78,Südlicher Schwarzwald
Windhagen,4597,7.353992,50.643153,13.11,Westerwald
Marklohe,4594,9.156531,52.668633,32.93,Mittelweser
Amt Neuhaus,4592,10.928994,53.285751,238.0,Lüneburger Heide
Bergen,4592,12.590133,47.80697,36.9,Chiemsee-Chiemgau
Kutenholz,4589,9.322712,53.481264,68.25,Unterelbe-Unterweser
"Nastätten, Stadt",4588,7.857209,50.199698,13.05,Lahntal
Fichtenau,4588,10.207151,49.070628,31.28,Nördliches Baden-Württemberg
"Herbstein, Stadt",4583,9.348731,50.562502,79.98,Vogelsberg und Wetterau
"Scheinfeld, St",4583,10.462384,49.665093,45.12,Steigerwald
Gschwend,4581,9.74354,48.93413,54.52,Schwäbische Alb
Eberhardzell,4580,9.824229,48.001249,59.72,Oberschwaben-Allgäu
"Triberg im Schwarzwald, Stadt",4580,8.231158,48.128904,33.33,Mittlerer Schwarzwald
Kürnach,4578,10.039905,49.846629,12.28,Fränkisches Weinland
"Reichenbach/O.L., Stadt",4574,14.799946,51.141076,62.64,Oberlausitz/Niederschlesien
Striegistal,4570,13.18038,51.050402,77.24,Chemnitz Zwickau Region
Willingshausen,4567,9.195907,50.850048,59.97,Kurhessisches Bergland
"Hitzacker (Elbe), Stadt",4566,11.0472,53.151971,58.67,Lüneburger Heide
Oy-Mittelberg,4564,10.452462,47.64607,60.17,Allgäu
Forbach,4562,8.358737,48.680136,131.86,Nördlicher Schwarzwald
"Groß-Bieberau, Stadt",4562,8.827307,49.801184,18.27,Odenwald-Bergstrasse-Neckartal
"Krautheim, Stadt",4561,9.634435,49.384904,52.9,Nördliches Baden-Württemberg
Hosenfeld,4560,9.479489,50.505073,50.73,Rhön
Bönningstedt,4559,9.906267,53.662295,12.05,übrig. Schleswig-Holstein
Sankt Wolfgang,4557,12.135093,48.218223,46.31,Münchener Umland
"Seehausen (Altmark), Hansestadt",4554,11.75319,52.890369,107.21,Altmark
"Rattelsdorf, M",4554,10.886664,50.015525,39.58,Obermain.Jura
Bubenreuth,4547,11.015911,49.628271,4.14,Fränkische Schweiz
Aßling,4545,12.005281,47.992086,31.37,Ebersberger Grünes Land
Oberhaid,4542,10.815828,49.932466,27.05,Haßberge
Breitscheid,4539,8.188855,50.684661,31.71,Lahn-Dill
Böbingen an der Rems,4539,9.920981,48.82016,12.22,Schwäbische Alb
Bahlingen am Kaiserstuhl,4538,7.738996,48.1229,12.66,Südlicher Schwarzwald
Altdorf,4529,8.995571,48.630941,17.45,Region Stuttgart
Weilerbach,4524,7.631074,49.481334,15.99,Pfalz
Söhrewald,4521,9.571642,51.237537,58.96,Kassel- Land
Adlkofen,4517,12.263378,48.546258,47.86,Bayerisches Thermenland
"Hagenburg, Flecken",4516,9.323187,52.433351,16.23,Weserbergland
Limbach,4513,9.211652,49.461025,43.59,Nördliches Baden-Württemberg
Freden (Leine),4508,9.89314,51.928153,53.49,Hannover-Hildesheim
Diemelsee,4507,8.803742,51.360161,121.59,Waldecker Land
Rot an der Rot,4500,10.027282,48.013091,63.41,Oberschwaben-Allgäu
Ober-Olm,4497,8.193338,49.938606,17.08,Rheinhessen
Neuburg a.Inn,4496,13.441854,48.510825,41.75,Bayerisches Thermenland
Owingen,4492,9.175628,47.810832,36.73,Bodensee
"Tann (Rhön), Stadt",4492,10.023386,50.643742,60.45,Rhön
Wöllstein,4492,7.958787,49.813506,12.0,Rheinhessen
Seeon-Seebruck,4490,12.477435,47.936462,47.93,Chiemsee-Chiemgau
"Marlow, Stadt",4487,12.570959,54.154202,140.52,Vorpommern
"Heimbach, Stadt",4487,6.480769,50.633398,64.96,Eifel und Region Aachen
Breitengüßbach,4481,10.885557,49.971308,16.86,Obermain.Jura
Hardthausen am Kocher,4478,9.40273,49.241418,35.56,Nördliches Baden-Württemberg
"Tambach-Dietharz/Thür. Wald, Stadt",4474,10.608225,50.792126,41.64,Thüringer Wald
"Heringen/Helme, Stadt",4474,10.875723,51.447014,66.91,Südharz-Kyffhäuser
Engelsbrand,4470,8.643673,48.831746,15.18,Nördlicher Schwarzwald
Rhede (Ems),4465,7.272848,53.059435,74.98,Grafschaft Bentheim-Emsland-Osnabrücker Land
"Rennerod, Stadt",4464,8.066591,50.610134,18.14,Westerwald
"Rauschenberg, Stadt",4463,8.914798,50.883471,67.32,Marburg-Biedenkopf
Vöhringen,4462,8.661091,48.336848,24.71,Mittlerer Schwarzwald
Rheinbreitbach,4460,7.228693,50.617779,6.58,Mittelrheintal
Cunewalde,4458,14.518265,51.100694,26.64,Oberlausitz/Niederschlesien
Ummendorf,4456,9.831026,48.062058,20.65,Oberschwaben-Allgäu
"Creglingen, Stadt",4453,10.032709,49.470427,117.23,Nördliches Baden-Württemberg
"Adorf/Vogtl., Stadt",4451,12.256069,50.320622,42.97,Vogtland
"Gerabronn, Stadt",4451,9.922672,49.251834,40.38,Nördliches Baden-Württemberg
Gessertshausen,4450,10.733868,48.331324,41.35,Bayerisch-Schwaben
Buggingen,4449,7.637582,47.847351,15.31,Südlicher Schwarzwald
Mohlsdorf-Teichwolframsdorf,4447,12.257584,50.673923,50.59,Thüringer Vogtland
Röthlein,4444,10.215423,49.985703,19.08,Fränkisches Weinland
Knüllwald,4443,9.468812,51.001466,100.67,Kurhessisches Bergland
"Putbus, Stadt",4441,13.47642,54.35431,66.69,Rügen/Hiddensee
Obing,4441,12.407264,48.000748,43.75,Chiemsee-Chiemgau
Gingen an der Fils,4441,9.779621,48.65686,10.02,Region Stuttgart
Grebenhain,4436,9.334831,50.488683,91.62,Vogelsberg und Wetterau
Oppenweiler,4435,9.458817,48.984096,19.8,Region Stuttgart
"Freyburg (Unstrut), Stadt",4433,11.770002,51.214422,46.69,"Halle, Saale, Unstrut"
Mittelbiberach,4433,9.747188,48.087332,23.68,Oberschwaben-Allgäu
"Lübtheen, Stadt",4433,11.08294,53.30062,120.16,Westmecklenburg
"Scheidegg, M",4432,9.848308,47.581684,27.36,Allgäu
Apensen,4431,9.613698,53.433183,20.78,Unterelbe-Unterweser
Sonnefeld,4430,11.136199,50.223187,34.69,Coburg.Rennsteig
Deggenhausertal,4430,9.390459,47.78158,62.15,Bodensee
Rettenberg,4428,10.290746,47.575009,60.15,Allgäu
Maikammer,4426,8.131032,49.305833,13.67,Pfalz
"Wachenheim an der Weinstraße, Stadt",4421,8.180798,49.439981,24.97,Pfalz
Dahlem,4416,6.546603,50.386329,95.21,Eifel und Region Aachen
Stegen,4413,7.964023,47.983828,26.32,Südlicher Schwarzwald
"Liebenwalde, Stadt",4413,13.393076,52.871681,142.14,Ruppiner Seenland
"Hartenstein, Stadt",4411,12.671366,50.661865,36.7,Chemnitz Zwickau Region
Wörth,4409,11.901744,48.245384,21.05,Münchener Umland
Albershausen,4408,9.564885,48.691161,6.5,Region Stuttgart
Berg,4408,9.595867,47.816128,28.42,Oberschwaben-Allgäu
Lautertal,4404,10.977187,50.299243,30.35,Coburg.Rennsteig
"Frammersbach, M",4402,9.470432,50.063544,19.19,Spessart-Mainland
Breitungen/Werra,4394,10.330302,50.757018,44.87,Thüringer Rhön
Kirchberg i.Wald,4392,13.185092,48.898825,48.79,Bayerischer Wald
Nehren,4390,9.069494,48.431274,8.58,Schwäbische Alb
Anzing,4388,11.853441,48.151444,16.18,Ebersberger Grünes Land
Güntersleben,4382,9.906743,49.869746,16.04,Fränkisches Weinland
Hartmannsdorf,4382,12.798823,50.886842,10.28,Chemnitz Zwickau Region
"Augustusburg, Stadt",4379,13.10168,50.810614,23.38,Erzgebirge
Suderburg,4379,10.452948,52.895002,129.4,Lüneburger Heide
Steinhöfel,4374,14.165947,52.400101,160.47,Seenland Oder-Spree
Dischingen,4374,10.364184,48.696067,78.06,Schwäbische Alb
"Bad Berneck i.Fichtelgebirge, St",4373,11.667129,50.043667,38.26,Fichtelgebirge
Münsing,4373,11.368916,47.902692,52.23,Tölzer Land
Starzach,4373,8.812421,48.432044,27.84,Schwäbische Alb
Büchlberg,4371,13.517674,48.668268,28.12,Bayerischer Wald
Poppenhausen,4371,10.144501,50.100273,39.12,Fränkisches Weinland
"Schönau, Stadt",4369,8.808894,49.435936,22.49,Nördliches Baden-Württemberg
Untereisesheim,4367,9.202008,49.210623,3.67,Nördliches Baden-Württemberg
"Hallenberg, Stadt",4367,8.621165,51.111987,65.35,Sauerland
Maulburg,4366,7.77816,47.640837,9.75,Südlicher Schwarzwald
Affalterbach,4364,9.323455,48.923115,10.15,Region Stuttgart
"Zell a.Main, M",4360,9.86927,49.811009,9.95,Fränkisches Weinland
"Rabenau, Stadt",4359,13.642121,50.965305,30.73,Erzgebirge
Langenlonsheim,4357,7.899113,49.896796,11.91,Naheland
"Donaustauf, M",4357,12.204136,49.033581,9.72,Bayerischer Wald
Ellerbek,4356,9.869621,53.657209,9.11,übrig. Schleswig-Holstein
Hankensbüttel,4354,10.603682,52.730863,34.96,Lüneburger Heide
Heiligengrabe,4352,12.364917,53.145062,207.66,Prignitz
Dornum,4351,7.428549,53.647599,76.77,Nordseeküste
Leiblfing,4349,12.513414,48.772934,78.41,Bayerisches Thermenland
Contwig,4348,7.429027,49.248157,24.73,Pfalz
"Maßbach, M",4348,10.275658,50.184506,59.31,Rhön
Surwold,4346,7.491006,53.009275,55.0,Grafschaft Bentheim-Emsland-Osnabrücker Land
"Ehrenfriedersdorf, Stadt",4343,12.969994,50.646799,15.89,Erzgebirge
Eurasburg,4343,11.403471,47.855933,40.87,Tölzer Land
Fridolfing,4337,12.827125,47.998322,44.22,Chiemsee-Chiemgau
"Buch, M",4337,10.178679,48.222374,40.06,Bayerisch-Schwaben
Feldafing,4337,11.295849,47.950499,9.15,StarnbergAmmersee
"Offingen, M",4336,10.361991,48.482447,14.91,Bayerisch-Schwaben
Rheinhausen im Breisgau,4333,7.710299,48.224065,22.0,Südlicher Schwarzwald
Ebersbach,4326,13.658579,51.233487,84.38,Elbland
"Borkum, Stadt",4325,6.664597,53.588001,30.98,Ostfriesische Inseln
Grabenstätt,4324,12.541638,47.842655,37.81,Chiemsee-Chiemgau
"Röhrnbach, M",4323,13.522967,48.740217,40.62,Bayerischer Wald
"Schönberg, Stadt",4321,10.934561,53.847118,52.19,Mecklenburgische Ostseeküste
Penzing,4321,10.927474,48.074902,33.8,Ammersee-Lech
Mögglingen,4317,9.962526,48.82339,10.27,Schwäbische Alb
Feldberger Seenlandschaft,4315,13.439741,53.335556,201.1,Mecklenburgische Schweiz und Seenplatte
"Waldershof, St",4315,12.063474,49.977751,60.37,Oberpfälzer Wald
Aldersbach,4310,13.086094,48.589538,45.8,Bayerisches Thermenland
Drage,4309,10.260961,53.409809,30.35,Lüneburger Heide
"Eschenbach i.d.OPf., St",4308,11.834496,49.753093,35.13,Oberpfälzer Wald
Edling,4307,12.164947,48.055944,20.03,Chiemsee-Alpenland
"Schnaittenbach, St",4304,12.003698,49.547992,63.41,Bayerischer Jura
Kranzberg,4304,11.616607,48.406009,39.5,Münchener Umland
Boxberg/O.L. / Hamor,4303,14.575506,51.404654,217.67,Oberlausitz/Niederschlesien
"Wilster, Stadt",4302,9.374577,53.922543,2.71,übrig. Schleswig-Holstein
"Peitz/Picnjo, Stadt",4301,14.411595,51.858547,13.49,Spreewald
"Gößweinstein, M",4298,11.33677,49.770226,57.69,Fränkische Schweiz
Badbergen,4297,7.981071,52.633175,79.11,Grafschaft Bentheim-Emsland-Osnabrücker Land
"Dahn, Stadt",4297,7.778207,49.151331,40.76,Pfalz
"Rheinböllen, Stadt",4296,7.673292,50.007214,16.36,Hunsrück
Reinhardshagen,4291,9.602696,51.493695,12.99,Kassel- Land
Burgrieden,4291,9.93438,48.238255,21.86,Oberschwaben-Allgäu
"Dransfeld, Stadt",4290,9.76266,51.5023,28.91,Weserbergland
"Triefenstein, M",4289,9.602788,49.811476,25.47,Fränkisches Weinland
"Metten, M",4288,12.915447,48.855591,11.95,Bayerischer Wald
Milower Land,4287,12.311809,52.522804,161.33,Havelland
Olbersdorf,4281,14.764046,50.869745,15.16,Oberlausitz/Niederschlesien
"Daaden, Stadt",4280,7.967583,50.739178,19.58,Westerwald
"Strasburg (Uckermark), Stadt",4278,13.744259,53.506373,87.48,Vorpommern
Emmerting,4274,12.766255,48.199992,14.07,Inn-Salzach
Hohenthann,4270,12.092887,48.659528,68.24,Bayerisches Thermenland
Empfingen,4269,8.709744,48.392671,18.29,Nördlicher Schwarzwald
Dürrröhrsdorf-Dittersbach,4269,14.000685,51.029346,43.51,Sächsische Schweiz
Barchfeld-Immelborn,4268,10.298592,50.799712,23.98,Thüringer Rhön
Meinhard,4267,10.064563,51.206039,39.62,Werra-Meissner Land
"Baumholder, Stadt",4265,7.336809,49.615797,69.19,Naheland
Neufahrn i.NB,4263,12.188868,48.734712,38.76,Bayerisches Thermenland
Anger,4260,12.859411,47.802378,45.91,Berchtesgadener Land
"Brück, Stadt",4258,12.762275,52.196813,86.18,Fläming
Biessenhofen,4254,10.639856,47.833183,27.01,Allgäu
Eching,4254,12.058558,48.503306,30.14,Bayerisches Thermenland
Grettstadt,4251,10.311893,49.984825,34.93,Fränkisches Weinland
Freiamt,4243,7.898241,48.186707,52.9,Südlicher Schwarzwald
Großhabersdorf,4243,10.78977,49.40395,35.49,Romantisches Franken - vom Naturpark Frankenhöhe zur Romantischen Straße
"Gefrees, St",4240,11.73828,50.094949,50.32,Fichtelgebirge
Neureichenau,4238,13.747539,48.748508,46.37,Bayerischer Wald
Traitsching,4237,12.645384,49.15286,45.4,Bayerischer Wald
Wachau,4233,13.904681,51.160116,38.11,Oberlausitz/Niederschlesien
Waldfischbach-Burgalben,4232,7.65343,49.283319,17.6,Pfalz
"Schwarzenbach a.Wald, St",4231,11.624044,50.284917,36.7,Frankenwald
Leiferde,4231,10.43621,52.437822,28.09,Lüneburger Heide
Großbettlingen,4225,9.30894,48.590744,4.23,Region Stuttgart
Aichhalden,4225,8.398748,48.269444,25.75,Mittlerer Schwarzwald
Neuzelle,4223,14.648753,52.090954,135.94,Seenland Oder-Spree
Amtzell,4223,9.747974,47.70628,30.59,Oberschwaben-Allgäu
"Kirchberg an der Jagst, Stadt",4221,9.981388,49.20226,40.93,Nördliches Baden-Württemberg
Bodenwöhr,4221,12.304076,49.270013,54.25,Oberpfälzer Wald
Niederaichbach,4220,12.316583,48.603081,34.06,Bayerisches Thermenland
Twistetal,4219,8.966408,51.337426,74.08,Waldecker Land
Rheinbrohl,4218,7.331465,50.495813,17.2,Mittelrheintal
"Pressath, St",4217,11.935175,49.769201,66.34,Oberpfälzer Wald
Schenklengsfeld,4217,9.845903,50.819098,63.75,Waldhessen (Hersfeld-Rotenburg)
Nienstädt,4216,9.165807,52.292917,8.31,Weserbergland
Messel,4215,8.7412,49.939275,14.82,Odenwald-Bergstrasse-Neckartal
Niederdorfelden,4215,8.800797,50.195455,6.52,Spessart-Kinzigtal-Vogelsberg
Sonnenstein,4215,10.42027,51.531633,94.69,Eichsfeld
Sennfeld,4212,10.260167,50.042146,6.98,Fränkisches Weinland
Amstetten,4208,9.876125,48.577697,49.8,Schwäbische Alb
Neuhausen ob Eck,4206,8.926451,47.973404,46.25,Schwäbische Alb
Riederich,4206,9.268552,48.560229,4.64,Schwäbische Alb
Dietingen,4204,8.650478,48.207017,42.26,Mittlerer Schwarzwald
Doberschau-Gaußig / Dobruša-Huska,4203,14.369178,51.147745,40.48,Oberlausitz/Niederschlesien
Langerringen,4203,10.759404,48.142528,42.1,Bayerisch-Schwaben
Großwallstadt,4198,9.158679,49.878601,14.02,Spessart-Mainland
"Tittling, M",4197,13.38048,48.728067,20.78,Bayerischer Wald
"Simbach, M",4197,12.736544,48.567268,51.19,Bayerisches Thermenland
"Neckarbischofsheim, Stadt",4195,8.960914,49.294478,26.41,Nördliches Baden-Württemberg
"Bürgstadt, M",4193,9.266927,49.715559,17.38,Spessart-Mainland
"Lauenau, Flecken",4191,9.368136,52.274093,16.25,Weserbergland
"Loitz, Stadt",4189,13.129572,53.973646,89.9,Mecklenburgische Schweiz und Seenplatte
"Kirchberg (Hunsrück), Stadt",4189,7.405,49.942426,18.05,Hunsrück
Elmenhorst/Lichtenhagen,4186,12.013959,54.155465,12.07,Mecklenburgische Ostseeküste
Sengenthal,4186,11.465093,49.230334,28.51,Bayerischer Jura
"Niedernhall, Stadt",4185,9.617131,49.294782,17.69,Nördliches Baden-Württemberg
Ihrlerstein,4184,11.861126,48.940788,23.03,Bayerischer Jura
Althütte,4184,9.575989,48.913413,18.16,Region Stuttgart
Winkelhaid,4184,11.302872,49.388147,6.45,Nürnberger Land
Wiesenburg/Mark,4182,12.454639,52.114356,220.19,Fläming
Vogtei,4180,10.419525,51.165662,49.57,Welterberegion Wartburg-Hainich
Burg (Spreewald)/Bórkowy (Błota),4179,14.148064,51.834284,35.26,Spreewald
Gorxheimertal,4178,8.732527,49.530895,10.45,Odenwald-Bergstrasse-Neckartal
Weisenheim am Sand,4177,8.247606,49.516774,13.73,Pfalz
Weinbach,4176,8.292563,50.438384,37.67,Westerwald-Lahn-Taunus
Wietzendorf,4176,9.97608,52.917429,107.58,Lüneburger Heide
Lindhorst,4175,9.284344,52.358059,7.88,Weserbergland
Görwihl,4174,8.07848,47.641249,50.41,Südlicher Schwarzwald
Rockenberg,4173,8.735182,50.429875,16.14,Vogelsberg und Wetterau
Gondelsheim,4172,8.657949,49.05879,14.86,Nördliches Baden-Württemberg
"Kühbach, M",4170,11.184385,48.49172,37.5,Bayerisch-Schwaben
Alfhausen,4168,7.953473,52.503379,39.33,Grafschaft Bentheim-Emsland-Osnabrücker Land
"Eging a.See, M",4168,13.272909,48.713156,23.66,Bayerischer Wald
"Baruth/Mark, Stadt",4168,13.504113,52.049327,233.83,Fläming
"Bruck i.d.OPf., M",4167,12.308227,49.250185,52.46,Oberpfälzer Wald
Beilrode,4161,13.067067,51.569501,93.28,Leipzig Region
Hallerndorf,4161,10.979423,49.759963,41.31,Fränkische Schweiz
"Siegenburg, M",4160,11.848612,48.753746,27.84,Bayerisches Thermenland
Bermatingen,4160,9.348092,47.731114,15.45,Bodensee
"Gräfenberg, St",4160,11.248666,49.646221,37.83,Fränkische Schweiz
Zaberfeld,4156,8.928773,49.055967,22.18,Nördliches Baden-Württemberg
"Hornberg, Stadt",4154,8.229573,48.212461,54.45,Mittlerer Schwarzwald
Krostitz,4151,12.453835,51.461574,43.21,Leipzig Region
Fuchstal,4151,10.826857,47.934246,39.74,Ammersee-Lech
"Pförring, M",4150,11.689187,48.808195,43.51,Naturpark Altmühltal
Thyrnau,4150,13.537927,48.61547,33.73,Bayerischer Wald
Meißenheim,4149,7.775836,48.408333,21.35,Mittlerer Schwarzwald
"Stadtlauringen, M",4149,10.360578,50.187718,63.61,Haßberge
"Reichenberg, M",4148,9.916221,49.731665,34.79,Fränkisches Weinland
Hohentengen,4147,9.376107,48.028673,36.61,Oberschwaben-Allgäu
Rietz-Neuendorf,4147,14.207199,52.212581,184.82,Seenland Oder-Spree
"Dahlen, Stadt",4144,12.996492,51.366843,71.87,Leipzig Region
Kirchberg an der Murr,4144,9.34086,48.943006,13.21,Region Stuttgart
Tapfheim,4142,10.679235,48.671087,44.45,Bayerisch-Schwaben
Rott a.Inn,4142,12.127646,47.983204,19.57,Chiemsee-Alpenland
Stammham,4142,11.458154,48.858187,39.02,Naturpark Altmühltal
Altenmarkt a.d.Alz,4141,12.534485,48.000956,26.1,Chiemsee-Chiemgau
"Graal-Müritz, Ostseeheilbad",4141,12.23808,54.250884,8.24,Mecklenburgische Ostseeküste
"Selbitz, St",4141,11.7481,50.31501,27.75,Frankenwald
"Tessin, Blumenstadt",4139,12.463737,54.028715,24.51,Mecklenburgische Ostseeküste
"Schöllkrippen, M",4136,9.245601,50.085774,12.64,Spessart-Mainland
"Neubeuern, M",4131,12.139859,47.773817,15.32,Chiemsee-Alpenland
Niederfischbach,4129,7.873215,50.855673,14.47,Westerwald
Durbach,4123,8.015098,48.494785,26.31,Mittlerer Schwarzwald
Moorenweis,4122,11.079272,48.154648,45.45,Münchener Umland
Untersiemau,4116,10.973392,50.194184,20.49,Coburg.Rennsteig
"Wyk auf Föhr, Stadt",4113,8.567212,54.691093,8.08,Nordsee
"Buchenberg, M",4110,10.239748,47.695984,58.17,Allgäu
"Baunach, St",4109,10.850053,49.988184,32.14,Haßberge
Fronhausen,4108,8.694672,50.704273,27.87,Marburg-Biedenkopf
Waldaschaff,4106,9.299599,49.973959,6.59,Spessart-Mainland
Alling,4105,11.299015,48.141556,21.02,Münchener Umland
Pfaffing,4104,12.109178,48.05523,35.35,Chiemsee-Alpenland
Schwebheim,4103,10.248666,49.990136,8.1,Fränkisches Weinland
"Thierhaupten, M",4100,10.907739,48.566043,39.19,Bayerisch-Schwaben
"Dargun, Stadt",4100,12.853692,53.898212,118.03,Mecklenburgische Schweiz und Seenplatte
Nordwestuckermark,4097,13.707767,53.331298,254.32,Uckermark
Kochel a.See,4095,11.368269,47.658845,80.11,Tölzer Land
Römerstein,4094,9.514668,48.496398,46.04,Schwäbische Alb
Großrinderfeld,4088,9.733541,49.665421,56.28,Nördliches Baden-Württemberg
Wolpertswende,4087,9.613345,47.895287,26.35,Oberschwaben-Allgäu
Johannesberg,4079,9.143557,50.030749,13.63,Spessart-Mainland
Niederau,4076,13.543702,51.177449,35.27,Elbland
Escheburg,4075,10.309429,53.46713,8.91,übrig. Schleswig-Holstein
Mauer,4073,8.799892,49.339572,6.29,Nördliches Baden-Württemberg
Burg (Dithmarschen),4070,9.26246,53.99748,11.25,übrig. Schleswig-Holstein
Langenbach,4068,11.853676,48.436873,26.89,Münchener Umland
"Massing, M",4067,12.604975,48.392563,36.14,Bayerisches Thermenland
"Geringswalde, Stadt",4066,12.903355,51.076992,30.05,Leipzig Region
Tarmstedt,4066,9.079241,53.22678,26.54,Unterelbe-Unterweser
Freudenberg,4064,11.982076,49.480033,82.04,Bayerischer Jura
Friolzheim,4062,8.832922,48.835823,8.54,Nördlicher Schwarzwald
Sörup,4060,9.668561,54.717901,44.32,übrig. Schleswig-Holstein
Neckarwestheim,4059,9.193304,49.047055,13.98,Nördliches Baden-Württemberg
Doberschütz,4057,12.740395,51.499031,77.77,Leipzig Region
Schlier,4054,9.674581,47.770627,32.6,Oberschwaben-Allgäu
Mühlhausen-Ehingen,4054,8.810044,47.810044,17.82,Hegau
"Thurnau, M",4053,11.392859,50.025545,64.18,Fränkische Schweiz
Walkenried,4053,10.615065,51.584457,21.05,Harz
Oberaurach,4053,10.660283,49.926205,45.13,Steigerwald
"Waldkappel, Stadt",4052,9.874129,51.143533,96.53,Werra-Meissner Land
"Lichtenfels, Stadt",4051,8.807868,51.200616,96.77,Waldecker Land
Riegel am Kaiserstuhl,4051,7.747913,48.151551,18.33,Südlicher Schwarzwald
Wyhl am Kaiserstuhl,4050,7.64869,48.165834,16.95,Südlicher Schwarzwald
"Wanfried, Stadt",4050,10.170055,51.183286,46.88,Werra-Meissner Land
Ahorn,4047,10.952243,50.236693,19.83,Coburg.Rennsteig
"Rothenburg/O.L., Stadt",4047,14.966788,51.33588,72.41,Oberlausitz/Niederschlesien
"Woldegk, Windmühlenstadt",4045,13.58319,53.459087,164.16,Mecklenburgische Schweiz und Seenplatte
Gelenau/Erzgeb.,4039,12.966024,50.711352,21.1,Erzgebirge
Graben,4038,10.822428,48.188776,14.55,Bayerisch-Schwaben
"Penzlin, Stadt",4033,13.087659,53.505303,115.56,Mecklenburgische Schweiz und Seenplatte
Bockhorn,4031,11.986998,48.314723,47.15,Münchener Umland
Großdubrau / Wulka Dubrawa,4029,14.462673,51.255607,54.22,Oberlausitz/Niederschlesien
Mönkeberg,4025,10.187105,54.348118,2.78,Ostsee
Kirchdorf an der Iller,4024,10.126512,48.076496,22.85,Oberschwaben-Allgäu
Weil,4022,10.925035,48.118728,44.48,Ammersee-Lech
Lauf,4021,8.131381,48.649219,15.0,Mittlerer Schwarzwald
"Kraiburg a.Inn, M",4021,12.427777,48.183513,27.55,Inn-Salzach
"Gars a.Inn, M",4021,12.275118,48.155168,43.65,Inn-Salzach
"Markt Rettenbach, M",4019,10.394846,47.947929,51.41,Allgäu
Schönheide,4017,12.530147,50.502954,28.15,Erzgebirge
Otterbach,4008,7.739678,49.48706,6.2,Pfalz
Kreßberg,4008,10.184266,49.130659,48.46,Nördliches Baden-Württemberg
Altshausen,3999,9.538271,47.93449,20.48,Oberschwaben-Allgäu
Ellhofen,3998,9.321498,49.146658,5.86,Nördliches Baden-Württemberg
"Lambrecht (Pfalz), Stadt",3995,8.070859,49.372252,8.32,Pfalz
Gau-Odernheim,3995,8.193147,49.784204,18.27,Rheinhessen
"Zell (Mosel), Stadt",3993,7.181996,50.027298,44.95,Mosel-Saar
Hasloh,3990,9.91173,53.694023,11.07,übrig. Schleswig-Holstein
Grasellenbach,3982,8.860779,49.630273,22.88,Odenwald-Bergstrasse-Neckartal
Mertingen,3980,10.807913,48.657172,38.41,Bayerisch-Schwaben
Seckach,3978,9.335898,49.442654,27.85,Nördliches Baden-Württemberg
"Kaisheim, M",3977,10.79681,48.768255,41.73,Bayerisch-Schwaben
Kisdorf,3976,10.009876,53.81114,24.51,übrig. Schleswig-Holstein
Waldalgesheim,3975,7.835411,49.951626,16.0,Naheland
Bad Tabarz,3973,10.516205,50.876113,21.12,Thüringer Wald
Hattorf am Harz,3972,10.235606,51.651267,29.19,Harz
"Wienhausen, Klostergemeinde",3970,10.186005,52.57957,40.55,Lüneburger Heide
"Neubukow, Schliemannstadt",3969,11.673184,54.032344,25.14,Mecklenburgische Ostseeküste
Kritzmow,3964,12.0523,54.05311,14.93,Mecklenburgische Ostseeküste
Tiefenbach,3962,12.100833,48.501093,24.71,Bayerisches Thermenland
Sprendlingen,3959,7.986371,49.860417,13.03,Rheinhessen
Kirchroth,3958,12.542296,48.953672,42.82,Bayerischer Wald
Wurmlingen,3949,8.779827,48.004959,15.42,Schwäbische Alb
Langenwetzendorf,3942,12.092413,50.680673,58.41,Thüringer Vogtland
"Pappenheim, St",3942,10.974589,48.934776,64.32,Naturpark Altmühltal
Guntersblum,3941,8.345919,49.797475,16.71,Rheinhessen
"Waldenburg, Stadt",3941,12.602857,50.874527,25.06,Chemnitz Zwickau Region
Bad Zwesten,3941,9.175326,51.052069,39.45,Kurhessisches Bergland
Steinach,3941,8.0571,48.303005,33.32,Mittlerer Schwarzwald
Mildstedt,3941,9.094038,54.463492,8.71,übrig. Schleswig-Holstein
Schlierbach,3940,9.517788,48.673712,10.97,Region Stuttgart
Hütschenhausen,3937,7.481347,49.419652,18.03,Pfalz
Schefflenz,3933,9.279178,49.401352,36.96,Nördliches Baden-Württemberg
Buch a.Erlbach,3929,12.034551,48.449087,26.72,Bayerisches Thermenland
Rosenbach/Vogtl.,3927,12.037253,50.546309,67.34,Vogtland
"Philippsthal (Werra), Marktgemeinde",3926,10.004879,50.842335,21.31,Waldhessen (Hersfeld-Rotenburg)
"Neukloster, Stadt",3925,11.686336,53.86475,27.51,Mecklenburgische Ostseeküste
"Schönberg, M",3925,13.337545,48.840416,32.75,Bayerischer Wald
"Dassow, Stadt",3922,10.977683,53.908548,66.96,Mecklenburgische Ostseeküste
Falkenberg,3921,12.729995,48.462535,66.51,Bayerisches Thermenland
Cadenberge,3917,9.056553,53.771739,30.98,Nordseeküste
"Wiesau, M",3916,12.179052,49.910475,42.71,Oberpfälzer Wald
"Eschau, M",3915,9.256995,49.820249,38.11,Spessart-Mainland
Risum-Lindholm,3914,8.875515,54.761513,36.03,übrig. Schleswig-Holstein
Fraunberg,3914,11.992691,48.368715,42.36,Münchener Umland
Wiesenfelden,3912,12.538123,49.04197,78.2,Bayerischer Wald
Süderholz,3911,13.119186,54.056054,149.55,Vorpommern
"Amorbach, St",3907,9.21813,49.644565,50.9,Spessart-Mainland
"Ellingen, St",3897,10.967915,49.060787,31.25,Fränkisches Seenland
Marschacht,3895,10.367666,53.417357,26.11,Lüneburger Heide
Wäschenbeuren,3895,9.686958,48.759779,12.95,Region Stuttgart
Steinhöring,3894,12.030748,48.086592,36.3,Ebersberger Grünes Land
Langenbrettach,3894,9.381284,49.224779,23.97,Nördliches Baden-Württemberg
Spiegelau,3890,13.355948,48.915875,47.03,Bayerischer Wald
Gensingen,3889,7.926739,49.895634,8.72,Rheinhessen
Helmstadt-Bargen,3887,8.975061,49.326395,27.95,Nördliches Baden-Württemberg
Grafrath,3885,11.164399,48.123574,14.43,Münchener Umland
Haselbachtal,3882,14.037895,51.238868,37.5,Oberlausitz/Niederschlesien
Syrgenstein,3882,10.301133,48.657789,16.64,Bayerisch-Schwaben
"Lunzenau, Stadt",3880,12.754155,50.95988,28.34,Chemnitz Zwickau Region
Kiedrich,3873,8.085089,50.040883,12.34,Rheingau-Taunus
Eich,3868,8.403861,49.749758,21.02,Rheinhessen
Hohenpeißenberg,3865,11.006471,47.794447,20.54,Pfaffenwinkel
"Hoya, Stadt",3862,9.135517,52.805855,8.45,Mittelweser
Nüdlingen,3861,10.123789,50.22115,26.34,Rhön
Wolfegg,3861,9.793215,47.820361,39.5,Oberschwaben-Allgäu
Germaringen,3860,10.667839,47.921672,22.88,Allgäu
Mehlingen,3857,7.855085,49.493578,21.95,Pfalz
Bad Heilbrunn,3855,11.462626,47.746023,40.32,Tölzer Land
"Hamm (Sieg), Raiffeisengemeinde",3851,7.672593,50.765515,3.66,Westerwald
"Welden, M",3849,10.658608,48.457621,17.98,Bayerisch-Schwaben
Weiherhammer,3849,12.05919,49.632366,39.95,Oberpfälzer Wald
Owschlag,3847,9.598839,54.391387,39.31,übrig. Schleswig-Holstein
"Pressig, M",3843,11.309643,50.345654,53.19,Frankenwald
"Güsten, Stadt",3843,11.605461,51.794501,36.23,"Magdeburg, Elbe-Börde-Heide"
Neckartailfingen,3841,9.262931,48.611753,8.23,Region Stuttgart
Bad Ditzenbach,3840,9.704166,48.58863,25.44,Region Stuttgart
Gerolsbach,3836,11.359714,48.494154,58.98,Oberbayerns Städte
Billigheim-Ingenheim,3833,8.097229,49.137881,22.95,Pfalz
Mistelgau,3832,11.465838,49.911983,42.51,Fränkische Schweiz
Steffenberg,3830,8.474745,50.838291,24.3,Marburg-Biedenkopf
Andechs,3830,11.184792,47.966991,40.43,StarnbergAmmersee
"Neckarsteinach, Stadt",3828,8.839114,49.40797,17.24,Odenwald-Bergstrasse-Neckartal
"Allendorf (Lumda), Stadt",3824,8.822783,50.677705,22.05,Vogelsberg und Wetterau
"Diepenau, Flecken",3824,8.732764,52.421591,70.05,Mittelweser
Kindelbrück,3823,11.089721,51.259715,64.65,Welterberegion Wartburg-Hainich
Wasserburg (Bodensee),3823,9.638482,47.570249,6.33,Allgäu
Eigeltingen,3821,8.897744,47.8592,59.27,Hegau
"Kreuzwertheim, M",3819,9.515263,49.766448,19.99,Spessart-Mainland
"St. Blasien, Stadt",3818,8.125605,47.761671,54.41,Südlicher Schwarzwald
Crottendorf,3818,12.936978,50.511355,36.42,Erzgebirge
Windach,3817,11.035183,48.06708,24.84,Ammersee-Lech
Loiching,3814,12.429114,48.618673,38.89,Bayerisches Thermenland
"Tann, M",3813,12.893682,48.314918,37.54,Bayerisches Thermenland
Marklkofen,3813,12.552017,48.553092,40.72,Bayerisches Thermenland
Bitz,3812,9.092414,48.244285,8.82,Schwäbische Alb
Kyffhäuserland,3810,11.006429,51.372774,129.01,Südharz-Kyffhäuser
Ursensollen,3809,11.756996,49.400601,74.65,Bayerischer Jura
"Seßlach, St",3809,10.84159,50.188751,72.53,Coburg.Rennsteig
Heßdorf,3808,10.909826,49.627077,24.77,Steigerwald
"Regis-Breitingen, Stadt",3803,12.434362,51.087869,26.37,Leipzig Region
Ebelsbach,3802,10.674474,49.984027,25.77,Haßberge
Groß Pankow (Prignitz),3801,12.055363,53.118372,250.78,Prignitz
Dauchingen,3800,8.552862,48.090373,10.03,Mittlerer Schwarzwald
Schonach im Schwarzwald,3800,8.199878,48.143166,36.71,Mittlerer Schwarzwald
Biberach,3799,8.028167,48.338696,22.39,Mittlerer Schwarzwald
Groß Grönau,3795,10.750476,53.801387,4.9,übrig. Schleswig-Holstein
Aukrug,3794,9.786793,54.083601,49.9,übrig. Schleswig-Holstein
Neustetten,3794,8.882594,48.481308,15.87,Schwäbische Alb
"Marktbreit, St",3793,10.144126,49.668679,20.16,Fränkisches Weinland
"Winzer, M",3792,13.076889,48.72277,27.62,Bayerischer Wald
Weyarn,3790,11.801372,47.857561,46.7,Alpenregion Tegernsee Schliersee
Göllheim,3789,8.051428,49.59502,18.02,Pfalz
"Nesselwang, M",3789,10.500066,47.621926,29.54,Allgäu
Hohenstein,3788,9.3727,48.348388,61.71,Schwäbische Alb
Bad Überkingen,3788,9.799193,48.602392,24.04,Region Stuttgart
Eppendorf,3787,13.229082,50.799807,33.87,Erzgebirge
"Lichtenau, M",3784,10.685213,49.276776,41.35,Romantisches Franken - vom Naturpark Frankenhöhe zur Romantischen Straße
"Lorch, Stadt",3780,7.804077,50.0458,54.43,Rheingau-Taunus
Eichstetten am Kaiserstuhl,3780,7.745233,48.094289,12.3,Südlicher Schwarzwald
Haldenwang,3779,10.346413,47.80179,26.7,Allgäu
Buxheim,3778,11.292008,48.804323,22.53,Naturpark Altmühltal
Schondorf am Ammersee,3776,11.09193,48.05274,6.59,Ammersee-Lech
Rimsting,3775,12.337335,47.880357,20.0,Chiemsee-Alpenland
Neudrossenfeld,3774,11.502495,50.015475,50.25,Fichtelgebirge
Hollenstedt,3771,9.715365,53.36705,21.96,Lüneburger Heide
"Sternberg, Stadt",3769,11.828186,53.711133,67.69,Westmecklenburg
Warngau,3768,11.721817,47.832063,51.25,Alpenregion Tegernsee Schliersee
Döhlau,3767,11.946325,50.28053,15.25,Fichtelgebirge
Amelinghausen,3767,10.212483,53.125153,27.35,Lüneburger Heide
"Zinnowitz, Ostseebad",3765,13.908919,54.076797,9.03,Vorpommern
Rickenbach,3764,7.980212,47.619901,34.65,Südlicher Schwarzwald
Üchtelhausen,3762,10.269843,50.092281,62.12,Haßberge
"Wolkenstein, Stadt",3762,13.067596,50.65634,30.5,Erzgebirge
Neukirchen/Pleiße,3761,12.381676,50.791537,16.89,Chemnitz Zwickau Region
Wahrenholz,3760,10.603296,52.615669,57.99,Lüneburger Heide
Massenbachhausen,3760,9.046815,49.176257,8.78,Nördliches Baden-Württemberg
Märkische Heide/Markojska Góla,3757,14.037763,52.038253,211.55,Spreewald
Burgoberbach,3754,10.592294,49.236891,12.61,Romantisches Franken - vom Naturpark Frankenhöhe zur Romantischen Straße
Uttenweiler,3751,9.61133,48.148751,49.77,Oberschwaben-Allgäu
"Gieboldehausen, Flecken",3750,10.214772,51.610816,19.85,Harz
Holzheim,3748,10.529584,48.513757,40.86,Bayerisch-Schwaben
"Trebsen/Mulde, Stadt",3744,12.754884,51.289139,35.05,Leipzig Region
Broderstorf,3743,12.258335,54.081385,34.24,Mecklenburgische Ostseeküste
Albersdorf,3742,9.283995,54.146557,17.12,übrig. Schleswig-Holstein
"Lauterhofen, M",3742,11.605815,49.368803,82.97,Bayerischer Jura
Bergtheim,3740,10.067369,49.898712,26.48,Fränkisches Weinland
Amerang,3739,12.308485,47.990939,39.8,Chiemsee-Alpenland
Forstinning,3737,11.912626,48.168565,12.27,Ebersberger Grünes Land
Letschin,3735,14.360067,52.645851,142.21,Seenland Oder-Spree
Sigmaringendorf,3735,9.261616,48.067985,12.47,Schwäbische Alb
Rohr,3733,10.888876,49.339156,46.52,Fränkisches Seenland
"Ruhland, Stadt",3728,13.866195,51.459153,37.22,Lausitzer Seenland
Diespeck,3724,10.627065,49.595487,21.0,Steigerwald
Sankt Peter-Ording,3724,8.640495,54.302281,28.35,Nordsee
Michelfeld,3720,9.679757,49.097131,35.23,Nördliches Baden-Württemberg
Sachsen b.Ansbach,3720,10.66144,49.288491,20.94,Romantisches Franken - vom Naturpark Frankenhöhe zur Romantischen Straße
Gosheim,3720,8.752701,48.135752,9.32,Schwäbische Alb
"Buttenheim, M",3719,11.033798,49.803616,30.07,Fränkische Schweiz
Mötzingen,3719,8.773708,48.535282,8.15,Region Stuttgart
Vettelschoß,3718,7.346548,50.61831,6.91,Mittelrheintal
Icking,3715,11.437241,47.956857,17.0,Tölzer Land
"Bevern, Flecken",3714,9.494465,51.857475,33.32,Weserbergland
"Mirow, Stadt",3711,12.815475,53.274554,158.27,Mecklenburgische Schweiz und Seenplatte
Markersdorf,3709,14.879203,51.135912,62.54,Oberlausitz/Niederschlesien
Bad Kleinen,3704,11.47265,53.770508,23.54,Mecklenburgische Ostseeküste
Wehingen,3703,8.791749,48.145107,14.59,Schwäbische Alb
"Breitenbrunn, M",3702,11.623311,49.083449,70.78,Bayerischer Jura
Nickenich,3701,7.326923,50.411905,16.58,Eifel
Wackersberg,3700,11.54638,47.736474,64.83,Tölzer Land
Heinersreuth,3700,11.53198,49.967748,14.67,Fichtelgebirge
Malsfeld,3698,9.538109,51.0941,34.52,Kurhessisches Bergland
Hausen,3698,11.036282,49.690973,13.53,Fränkische Schweiz
"Liebenau, Flecken",3695,9.095856,52.603837,23.07,Mittelweser
Tauche,3691,14.160976,52.153119,121.6,Seenland Oder-Spree
Merzen,3691,7.830143,52.47706,53.05,Grafschaft Bentheim-Emsland-Osnabrücker Land
Mettenheim,3689,12.465496,48.265857,27.22,Inn-Salzach
Helbra,3687,11.492038,51.555953,9.32,Harz und Harzvorland
Gornau/Erzgeb.,3686,13.030181,50.760222,19.78,Erzgebirge
Trierweiler,3686,6.559574,49.761591,18.41,Eifel
Notzingen,3684,9.462005,48.671109,7.7,Region Stuttgart
Forstern,3683,11.977334,48.183368,15.38,Münchener Umland
"Bissingen, M",3682,10.617074,48.714739,64.2,Bayerisch-Schwaben
"Speicher, Stadt",3681,6.636739,49.936106,15.36,Eifel
Burgstetten,3681,9.372776,48.928176,10.29,Region Stuttgart
Schnaitsee,3679,12.371168,48.070544,61.14,Chiemsee-Chiemgau
Benediktbeuern,3679,11.411896,47.707913,37.87,Tölzer Land
Ehekirchen,3674,11.105443,48.637944,62.78,Oberbayerns Städte
Wallhausen,3671,10.063061,49.211863,25.47,Nördliches Baden-Württemberg
Rosenthal am Rennsteig,3669,11.696266,50.403386,56.49,Thüringer Wald
Hechthausen,3669,9.237924,53.641149,30.73,Nordseeküste
Deutsch Evern,3667,10.438848,53.202644,11.25,Lüneburger Heide
"Schwarzach a.Main, M",3665,10.230255,49.799637,21.11,Fränkisches Weinland
Thiendorf,3661,13.741189,51.293098,74.48,Elbland
Gersdorf,3659,12.70763,50.757804,9.69,Chemnitz Zwickau Region
Pürgen,3659,10.919469,48.027501,21.99,Ammersee-Lech
"Bad Köstritz, Stadt",3651,12.010908,50.930222,20.34,Thüringer Vogtland
Langenenslingen,3649,9.377962,48.148612,88.33,Oberschwaben-Allgäu
"Mühlheim an der Donau, Stadt",3649,8.888573,48.023075,21.74,Schwäbische Alb
Kraftsdorf,3646,11.914412,50.875946,41.24,Thüringer Vogtland
"Strehla, Stadt",3644,13.225692,51.352691,30.27,Elbland
Dipperz,3643,9.796971,50.543276,30.04,Rhön
"Neukirchen b.Hl.Blut, M",3641,12.970304,49.259073,59.87,Bayerischer Wald
Weichs,3641,11.414041,48.380647,18.81,Münchener Umland
"Bodenmais, M",3641,13.103614,49.067305,45.28,Bayerischer Wald
"Grünsfeld, Stadt",3640,9.744701,49.607521,44.72,Nördliches Baden-Württemberg
Groß-Rohrheim,3638,8.476234,49.718002,19.56,Odenwald-Bergstrasse-Neckartal
"Obernzell, M",3638,13.637939,48.554837,18.21,Bayerischer Wald
Hohentengen am Hochrhein,3633,8.434369,47.570554,27.59,Südlicher Schwarzwald
Unterwössen,3633,12.457864,47.737745,41.28,Chiemsee-Chiemgau
Polling,3633,11.133084,47.811428,29.2,Pfaffenwinkel
Hebertsfelden,3633,12.820358,48.407465,49.9,Bayerisches Thermenland
"Vöhrenbach, Stadt",3631,8.304492,48.045545,70.47,Mittlerer Schwarzwald
Furth,3630,12.022543,48.589375,20.96,Bayerisches Thermenland
Bad Salzschlirf,3629,9.509294,50.623014,13.06,Rhön
Viereth-Trunstadt,3625,10.777165,49.923273,15.82,Steigerwald
Kirchheim,3623,9.57383,50.841316,50.61,Waldhessen (Hersfeld-Rotenburg)
"Deidesheim, Stadt",3623,8.186692,49.409358,26.54,Pfalz
Gechingen,3621,8.829001,48.695245,14.68,Nördlicher Schwarzwald
Türkenfeld,3619,11.08557,48.108875,15.95,Münchener Umland
Röderland,3618,13.493509,51.429725,46.26,Elbe Elster Land
"Heiligenstadt i.OFr., M",3616,11.170726,49.86497,76.7,Fränkische Schweiz
"Freudenberg, Stadt",3615,9.324222,49.742099,34.76,Nördliches Baden-Württemberg
"Netzschkau, Stadt",3615,12.248243,50.612902,12.51,Vogtland
Oeversee,3611,9.433082,54.702848,36.27,übrig. Schleswig-Holstein
Dänischenhagen,3610,10.129567,54.426044,15.71,übrig. Schleswig-Holstein
"Elsterberg, Stadt",3609,12.169477,50.608182,25.1,Vogtland
"Kleinheubach, M",3607,9.209407,49.719166,9.49,Spessart-Mainland
"Triptis, Stadt",3606,11.864612,50.7336,33.15,Thüringer Wald
"Gemünden (Wohra), Stadt",3606,8.969926,50.971221,58.65,Waldecker Land
Mulfingen,3604,9.801118,49.340479,80.09,Nördliches Baden-Württemberg
Klein-Winternheim,3600,8.210813,49.938328,5.51,Rheinhessen
Rieste,3599,8.011941,52.484176,30.59,Grafschaft Bentheim-Emsland-Osnabrücker Land
"Weißensee, Stadt",3598,11.067924,51.195862,55.33,Welterberegion Wartburg-Hainich
Hettstadt,3597,9.815768,49.801523,13.92,Fränkisches Weinland
Eystrup,3597,9.212755,52.779255,24.12,Mittelweser
Beuren,3591,9.400911,48.570156,11.69,Region Stuttgart
Amtsberg,3590,12.987465,50.747579,23.27,Erzgebirge
Orsingen-Nenzingen,3588,8.958608,47.843112,22.23,Hegau
Bentwisch,3582,12.203506,54.113684,29.26,Mecklenburgische Ostseeküste
Thalmassing,3581,12.155578,48.912399,37.09,Bayerisches Thermenland
Hildrizhausen,3581,8.965976,48.624078,12.16,Region Stuttgart
Am Ohmberg,3577,10.479179,51.476954,31.57,Eichsfeld
"Bad Muskau / Mužakow, Stadt",3577,14.721746,51.545194,15.38,Oberlausitz/Niederschlesien
Selsingen,3574,9.214158,53.372186,42.15,Unterelbe-Unterweser
Farchant,3571,11.112099,47.530185,25.78,Zugspitz-Region
Sexau,3568,7.90734,48.102953,16.29,Südlicher Schwarzwald
"Tegernsee, St",3567,11.757111,47.70869,22.74,Alpenregion Tegernsee Schliersee
"Johanngeorgenstadt, Stadt",3567,12.721689,50.429487,29.59,Erzgebirge
Schnelldorf,3567,10.178253,49.198316,51.43,Romantisches Franken - vom Naturpark Frankenhöhe zur Romantischen Straße
Upgant-Schott,3567,7.268523,53.511863,24.78,Ostfriesland
Grainau,3564,11.026832,47.470838,49.37,Zugspitz-Region
Aiterhofen,3563,12.62018,48.84583,43.09,Bayerisches Thermenland
"Burtenbach, M",3562,10.448229,48.339553,37.64,Bayerisch-Schwaben
Hohenroth,3562,10.17179,50.314143,17.14,Rhön
Laußig,3561,12.632266,51.546076,103.43,Leipzig Region
Öhningen,3559,8.885442,47.661803,28.18,Bodensee
Palling,3555,12.63946,48.000851,53.84,Chiemsee-Chiemgau
Sailauf,3555,9.255757,50.024451,13.81,Spessart-Mainland
"Marktrodach, M",3554,11.384797,50.249569,33.32,Frankenwald
Ortenberg,3553,7.971409,48.451257,5.66,Mittlerer Schwarzwald
"Bad Elster, Stadt",3552,12.238262,50.282643,19.77,Vogtland
Dörfles-Esbach,3549,10.996187,50.281225,3.83,Coburg.Rennsteig
Gundelsheim,3549,10.919428,49.936774,3.77,Fränkische Schweiz
Zornheim,3549,8.223956,49.88967,5.58,Rheinhessen
Happurg,3547,11.471277,49.49335,42.57,Nürnberger Land
Eilsleben,3546,11.211168,52.148254,55.93,"Magdeburg, Elbe-Börde-Heide"
Parthenstein,3545,12.639795,51.253449,35.05,Leipzig Region
"Königsberg i.Bay., St",3543,10.569258,50.080997,61.88,Haßberge
"Rehna, Stadt",3542,11.049573,53.779482,44.58,Mecklenburgische Ostseeküste
Hauenstein,3541,7.852592,49.192059,13.91,Pfalz
"Seifhennersdorf, Stadt",3536,14.618954,50.933623,19.12,Oberlausitz/Niederschlesien
"Hofkirchen, M",3534,13.118197,48.6781,32.7,Bayerischer Wald
Carlsberg,3533,8.038629,49.505112,7.03,Pfalz
Ronneburg,3532,9.04344,50.216857,14.25,Spessart-Kinzigtal-Vogelsberg
Laberweinting,3531,12.321555,48.797151,76.12,Bayerisches Thermenland
Mundelsheim,3531,9.206537,49.001061,10.2,Region Stuttgart
"Schiltach, Stadt",3517,8.342344,48.290209,34.21,Mittlerer Schwarzwald
Thallwitz,3516,12.681523,51.432758,53.09,Leipzig Region
Kettig,3516,7.461457,50.398168,7.76,Eifel
Heideblick,3514,13.642563,51.832852,166.57,Spreewald
"Stromberg, Stadt",3514,7.773929,49.94368,9.01,Naheland
"Biberbach, M",3513,10.811551,48.518491,36.86,Bayerisch-Schwaben
"Burgbernheim, St",3512,10.324447,49.450379,42.3,Romantisches Franken - vom Naturpark Frankenhöhe zur Romantischen Straße
Rudelzhausen,3508,11.767661,48.590008,40.8,Münchener Umland
"Rohr i.NB, M",3507,11.972089,48.768107,54.12,Bayerisches Thermenland
Jemgum,3506,7.382705,53.265053,78.54,Ostfriesland
Unterneukirchen,3506,12.618632,48.165342,23.26,Inn-Salzach
Lemberg,3496,7.656708,49.171169,58.18,Pfalz
"Floß, M",3494,12.27584,49.723961,54.39,Oberpfälzer Wald
Lalendorf,3493,12.387537,53.757069,139.12,Mecklenburgische Schweiz und Seenplatte
Meeder,3493,10.907342,50.320427,73.58,Coburg.Rennsteig
Fürstenstein,3492,13.330344,48.719796,19.3,Bayerischer Wald
Mittelherwigsdorf,3491,14.764425,50.917489,36.45,Oberlausitz/Niederschlesien
Schwindegg,3490,12.257304,48.272224,20.77,Inn-Salzach
Straßkirchen,3489,12.723701,48.830251,38.4,Bayerisches Thermenland
Sankt Michaelisdonn,3487,9.121257,53.994807,23.06,übrig. Schleswig-Holstein
"Heimenkirch, M",3484,9.903797,47.630373,21.24,Allgäu
Ettringen,3483,10.652382,48.104011,41.5,Allgäu
Ölbronn-Dürrn,3483,8.755586,48.956479,15.64,Nördliches Baden-Württemberg
"Hirschhorn (Neckar), Stadt",3482,8.896627,49.447519,30.85,Odenwald-Bergstrasse-Neckartal
Sasbach am Kaiserstuhl,3481,7.616064,48.13972,20.78,Südlicher Schwarzwald
Hoisdorf,3479,10.309948,53.660162,16.04,übrig. Schleswig-Holstein
Malsch,3478,8.684476,49.245462,6.77,Nördliches Baden-Württemberg
Oberrot,3476,9.66391,49.013928,37.94,Nördliches Baden-Württemberg
Belgershain,3470,12.549364,51.23412,22.8,Leipzig Region
"Neustadt (Dosse), Stadt",3469,12.438658,52.857148,75.87,Prignitz
Wartenberg,3469,9.445073,50.62744,39.54,Vogelsberg und Wetterau
Malterdingen,3467,7.792722,48.161274,11.13,Südlicher Schwarzwald
"Löwenstein, Stadt",3460,9.380173,49.095993,23.46,Nördliches Baden-Württemberg
"Lucka, Stadt",3457,12.331368,51.097963,12.93,Altenburger Land
"Steinach, Stadt",3456,11.158066,50.432443,26.35,Thüringer Wald
"Wildenfels, Stadt",3452,12.608959,50.668207,20.68,Chemnitz Zwickau Region
Beindersheim,3451,8.319653,49.561101,5.73,Pfalz
"Goldkronach, St",3451,11.686917,50.010871,30.68,Fichtelgebirge
Lauben,3448,10.297132,47.780476,8.41,Allgäu
Egenhofen,3443,11.164854,48.28349,33.4,Münchener Umland
Redwitz a.d.Rodach,3442,11.202025,50.171858,14.66,Obermain.Jura
Pettendorf,3438,12.005548,49.059425,24.57,Bayerischer Jura
Berge,3436,7.742676,52.620689,66.78,Grafschaft Bentheim-Emsland-Osnabrücker Land
Grafenrheinfeld,3435,10.198374,50.002934,11.35,Fränkisches Weinland
Sankt Katharinen (Landkreis Neuwied),3434,7.345257,50.591086,13.84,Mittelrheintal
"Ulmen, Stadt",3432,6.979611,50.209372,28.74,Eifel
Bösingen,3428,8.558294,48.239368,22.45,Mittlerer Schwarzwald
Wasserlosen,3425,10.029698,50.095045,51.3,Fränkisches Weinland
Wielenbach,3425,11.157836,47.874594,33.02,Pfaffenwinkel
Essenheim,3424,8.156349,49.931289,10.51,Rheinhessen
Meckenheim,3424,8.238815,49.404701,15.05,Pfalz
Kreuth,3421,11.744271,47.641812,122.26,Alpenregion Tegernsee Schliersee
Dassendorf,3420,10.372665,53.488608,7.94,übrig. Schleswig-Holstein
"Luhe-Wildenau, M",3419,12.128518,49.59833,38.66,Oberpfälzer Wald
Neuhaus a.Inn,3419,13.420445,48.461247,31.07,Bayerisches Thermenland
"Owen, Stadt",3417,9.451611,48.58688,9.7,Region Stuttgart
Moos,3417,8.934137,47.726042,14.37,Bodensee
Spreenhagen,3417,13.875127,52.341228,137.03,Seenland Oder-Spree
Brombachtal,3416,8.950526,49.73555,20.44,Odenwald-Bergstrasse-Neckartal
"Gößnitz, Stadt",3413,12.433836,50.888453,14.07,Altenburger Land
Bornhöved,3412,10.225454,54.068565,14.12,übrig. Schleswig-Holstein
"Lemförde, Flecken",3412,8.377161,52.467768,6.95,Mittelweser
Angelburg,3410,8.449582,50.824158,16.73,Marburg-Biedenkopf
Jossgrund,3407,9.472834,50.191178,50.69,Spessart-Kinzigtal-Vogelsberg
Klein Nordende,3407,9.655072,53.725317,10.79,übrig. Schleswig-Holstein
Bissingen an der Teck,3406,9.491179,48.599972,17.06,Region Stuttgart
"Joachimsthal, Stadt",3402,13.744797,52.97943,121.67,Barnimer Land
Schenkendöbern/Derbno,3401,14.635866,51.957956,215.05,Lausitzer Seenland
Bad Klosterlausnitz,3399,11.867278,50.916409,16.59,Saaleland
"Falkenstein, M",3398,12.486605,49.097184,45.47,Bayerischer Wald
Lustadt,3396,8.274533,49.244519,23.52,Pfalz
Eisingen,3395,9.830518,49.759302,5.33,Fränkisches Weinland
"Münstermaifeld, Stadt",3394,7.361118,50.2474,27.77,Eifel
Langenbernsdorf,3392,12.324565,50.754918,36.37,Chemnitz Zwickau Region
Mamming,3391,12.603581,48.651628,41.48,Bayerisches Thermenland
Steinach,3390,12.605084,48.953769,23.15,Bayerischer Wald
Wilhelmsthal,3390,11.372148,50.310361,42.91,Frankenwald
Hötensleben,3388,11.020955,52.118627,61.03,"Magdeburg, Elbe-Börde-Heide"
Breuna,3386,9.185123,51.41625,40.5,Kassel- Land
Valley,3385,11.768215,47.888874,42.18,Alpenregion Tegernsee Schliersee
Herdwangen-Schönach,3385,9.168242,47.862679,36.51,Oberschwaben-Allgäu
Kölln-Reisiek,3382,9.697647,53.757477,6.77,übrig. Schleswig-Holstein
"Eschershausen, Stadt",3378,9.633947,51.929678,23.92,Weserbergland
Villingendorf,3377,8.590079,48.202342,9.33,Mittlerer Schwarzwald
"Kranichfeld, Stadt",3376,11.201902,50.854496,23.1,Weimarer Land
Baierbrunn,3376,11.486944,48.019582,7.21,Münchener Umland
Bosau,3373,10.429901,54.104439,64.25,Holsteinische Schweiz
Urmitz,3373,7.519578,50.415808,3.77,Mittelrheintal
"Bad Karlshafen, Stadt",3373,9.453624,51.643844,14.85,Kassel- Land
"Buchbach, M",3371,12.27153,48.30976,28.79,Inn-Salzach
Au am Rhein,3368,8.236454,48.951487,13.29,Nördlicher Schwarzwald
"Wesselburen, Stadt",3368,8.920686,54.212159,5.13,übrig. Schleswig-Holstein
Ohlsbach,3368,7.993608,48.43135,11.14,Mittlerer Schwarzwald
"Wurmannsquick, M",3364,12.78565,48.352526,49.2,Bayerisches Thermenland
Langenhorn,3363,8.933726,54.681709,47.4,übrig. Schleswig-Holstein
Röttenbach,3363,11.031847,49.151493,21.64,Fränkisches Seenland
Hoppstädten-Weiersbach,3362,7.200262,49.614027,17.94,Naheland
Illerrieden,3361,10.053883,48.271364,18.16,Schwäbische Alb
Poppenricht,3360,11.800969,49.476931,11.58,Bayerischer Jura
Erolzheim,3360,10.072583,48.091068,26.3,Oberschwaben-Allgäu
Königswartha / Rakecy,3359,14.329125,51.310358,47.17,Oberlausitz/Niederschlesien
"Wallerstein, M",3359,10.47642,48.884922,19.44,Bayerisch-Schwaben
Halblech,3357,10.820668,47.629783,125.42,Allgäu
Rainau,3354,10.138467,48.928166,25.47,Schwäbische Alb
Volkertshausen,3354,8.869619,47.821701,5.15,Hegau
"Randersacker, M",3353,9.982109,49.75917,16.26,Fränkisches Weinland
Westhofen,3348,8.246372,49.704202,14.73,Rheinhessen
Kötz,3346,10.273333,48.407043,20.53,Bayerisch-Schwaben
"Bad Schandau, Stadt",3346,14.154659,50.917397,46.78,Sächsische Schweiz
Kammeltal,3345,10.364935,48.372717,41.72,Bayerisch-Schwaben
"Ostheim v.d.Rhön, St",3344,10.230125,50.457945,40.85,Rhön
Kirchdorf a.d.Amper,3344,11.651933,48.4583,32.97,Münchener Umland
"Gröningen, Stadt",3343,11.219229,51.936468,59.89,"Magdeburg, Elbe-Börde-Heide"
Hilgertshausen-Tandern,3342,11.354829,48.429543,28.68,Münchener Umland
Hohenlinden,3339,11.996522,48.15734,17.32,Ebersberger Grünes Land
Sülfeld,3338,10.231794,53.799571,26.05,übrig. Schleswig-Holstein
Kirchanschöring,3338,12.837565,47.95282,25.23,Chiemsee-Chiemgau
Mildenau,3337,13.068688,50.59659,31.67,Erzgebirge
Hohndorf,3335,12.669884,50.746869,5.25,Erzgebirge
Spraitbach,3335,9.762281,48.880569,12.39,Schwäbische Alb
Gaienhofen,3334,8.981837,47.68226,12.52,Bodensee
Offenberg,3334,12.863046,48.862096,23.76,Bayerischer Wald
Wilhelmsfeld,3332,8.753624,49.470322,4.75,Nördliches Baden-Württemberg
Colbitz,3331,11.609147,52.316878,72.27,"Magdeburg, Elbe-Börde-Heide"
Bischofsmais,3331,13.081593,48.918187,46.28,Bayerischer Wald
Leutersdorf,3330,14.651481,50.959429,17.08,Oberlausitz/Niederschlesien
Jandelsbrunn,3329,13.689597,48.730343,42.38,Bayerischer Wald
Michelbach an der Bilz,3325,9.762378,49.069624,17.68,Nördliches Baden-Württemberg
"Krakow am See, Stadt",3324,12.267699,53.652452,87.36,Mecklenburgische Schweiz und Seenplatte
"Auma-Weidatal, Stadt",3324,11.900885,50.699794,55.91,Thüringer Vogtland
Parkstetten,3323,12.596163,48.917009,19.5,Bayerischer Wald
Ohlstadt,3323,11.230358,47.634651,41.17,Zugspitz-Region
"Schwarzatal, Stadt",3319,11.144173,50.58305,25.98,Thüringer Wald
Lamstedt,3317,9.096351,53.636316,52.87,Nordseeküste
Wellendingen,3317,8.703656,48.147478,17.48,Mittlerer Schwarzwald
Walheim,3316,9.152281,49.013703,6.13,Region Stuttgart
"Merenberg, Marktflecken",3316,8.191667,50.508115,23.09,Westerwald-Lahn-Taunus
Polling,3315,12.559147,48.215202,43.85,Inn-Salzach
"Eschlkam, M",3314,12.915401,49.299376,60.46,Bayerischer Wald
Rodenbach,3311,7.653207,49.473468,13.73,Pfalz
Jevenstedt,3309,9.668849,54.234604,45.55,übrig. Schleswig-Holstein
"Mühlberg/Elbe, Stadt",3309,13.220314,51.434662,89.2,Elbe Elster Land
Wingst,3307,9.092699,53.725276,55.63,Nordseeküste
Otterstadt,3307,8.451027,49.371486,15.66,Pfalz
Großenwiehe,3307,9.248649,54.705564,30.2,übrig. Schleswig-Holstein
"Oberriexingen, Stadt",3306,9.029526,48.927122,8.16,Region Stuttgart
"Tanna, Stadt",3304,11.856569,50.493599,87.35,Thüringer Wald
Rossau,3302,13.047678,50.997263,53.59,Chemnitz Zwickau Region
Bempflingen,3301,9.26546,48.573217,6.27,Region Stuttgart
"Steinwiesen, M",3297,11.462438,50.294573,55.02,Frankenwald
Eiselfing,3295,12.241445,48.040888,34.89,Chiemsee-Alpenland
Altenstadt,3294,10.872239,47.82328,18.65,Pfaffenwinkel
Tuningen,3292,8.602088,48.026202,15.59,Mittlerer Schwarzwald
Schernfeld,3291,11.106551,48.904766,52.25,Naturpark Altmühltal
Oberschneiding,3290,12.642453,48.796503,60.77,Bayerisches Thermenland
Marzling,3287,11.793717,48.410488,20.5,Münchener Umland
Lütjensee,3285,10.364742,53.648967,14.05,übrig. Schleswig-Holstein
Plate,3283,11.499726,53.551695,22.13,Westmecklenburg
"Wolframs-Eschenbach, St",3282,10.723299,49.226119,25.47,Fränkisches Seenland
Staig,3281,9.991027,48.299083,17.75,Schwäbische Alb
Melbeck,3280,10.403227,53.178586,16.35,Lüneburger Heide
Löcknitz,3280,14.212351,53.4533,22.8,Vorpommern
Scharnebeck,3279,10.507995,53.293367,26.9,Lüneburger Heide
Holm,3279,9.671854,53.622062,16.05,übrig. Schleswig-Holstein
Brietlingen,3278,10.447601,53.332246,19.86,Lüneburger Heide
Leinach,3277,9.798952,49.865408,28.01,Fränkisches Weinland
Berkheim,3275,10.08179,48.043327,25.02,Oberschwaben-Allgäu
Deckenpfronn,3274,8.822512,48.65171,11.41,Region Stuttgart
"Kirchenthumbach, M",3274,11.724506,49.749394,71.43,Oberpfälzer Wald
"Saalburg-Ebersdorf, Stadt",3271,11.667186,50.484382,72.05,Thüringer Wald
Neuler,3270,10.069574,48.928632,36.27,Schwäbische Alb
"Tüßling, M",3270,12.601677,48.212289,19.54,Inn-Salzach
Hollern-Twielenfleth,3269,9.550708,53.592055,20.46,Unterelbe-Unterweser
Elsterheide / Halštrowska Hola,3269,14.228082,51.466289,127.61,Oberlausitz/Niederschlesien
Hohenau,3269,13.489842,48.85085,43.1,Bayerischer Wald
Waldburg,3267,9.712904,47.757454,22.71,Oberschwaben-Allgäu
Schwegenheim,3267,8.329323,49.269476,12.27,Pfalz
Surberg,3265,12.705961,47.861992,23.71,Chiemsee-Chiemgau
Wurmberg,3264,8.819731,48.870876,7.35,Nördlicher Schwarzwald
Schwangau,3263,10.736935,47.576893,76.0,Allgäu
Merching,3263,10.983652,48.244229,24.83,Bayerisch-Schwaben
Burgbrohl,3262,7.274953,50.456724,10.63,Ahr
Elchesheim-Illingen,3262,8.208194,48.933733,10.13,Nördlicher Schwarzwald
Unterbreizbach,3261,9.979598,50.817165,30.03,Thüringer Rhön
"Heldburg, Stadt",3261,10.725542,50.28002,112.74,Thüringer Wald
"Neuburg a.d.Kammel, M",3260,10.360202,48.304251,37.9,Bayerisch-Schwaben
Straßlach-Dingharting,3258,11.514198,48.004832,28.34,Münchener Umland
Künzing,3258,13.078295,48.668541,40.36,Bayerisches Thermenland
"Kaisersesch, Stadt",3256,7.140669,50.230638,8.18,Eifel
"Rötz, St",3256,12.531008,49.342287,66.67,Bayerischer Wald
Haina (Kloster),3256,8.972107,51.026902,91.22,Waldecker Land
"Geyer, Stadt",3255,12.924195,50.623705,18.56,Erzgebirge
"Warin, Stadt",3255,11.704304,53.800443,44.45,Mecklenburgische Ostseeküste
Aumühle,3254,10.313492,53.528598,3.48,übrig. Schleswig-Holstein
Oberaula,3251,9.471075,50.858277,44.01,Kurhessisches Bergland
Himmelkron,3249,11.595618,50.063103,23.06,Fichtelgebirge
Lorup,3247,7.644995,52.924387,51.35,Grafschaft Bentheim-Emsland-Osnabrücker Land
Aschau a.Inn,3245,12.348732,48.197933,20.76,Inn-Salzach
Münchhausen,3243,8.716153,50.960477,41.54,Marburg-Biedenkopf
"Legau, M",3242,10.129067,47.85645,36.38,Allgäu
"Bad Steben, M",3240,11.643502,50.365393,31.68,Frankenwald
Hunderdorf,3238,12.724927,48.942672,22.2,Bayerischer Wald
"Goldberg, Stadt",3236,12.089118,53.591077,64.72,Westmecklenburg
Münchsmünster,3235,11.69025,48.764773,16.22,Oberbayerns Städte
Bodnegg,3235,9.690491,47.709876,24.57,Oberschwaben-Allgäu
Ried,3234,11.043276,48.289923,29.21,Bayerisch-Schwaben
Ursberg,3233,10.444326,48.265505,25.4,Bayerisch-Schwaben
Oberhausen,3231,11.109004,48.719613,32.0,Oberbayerns Städte
Harthausen,3230,8.345933,49.294399,8.37,Pfalz
Mauerstetten,3229,10.669985,47.892332,16.57,Allgäu
Simmelsdorf,3229,11.33841,49.597489,40.87,Nürnberger Land
Irschenberg,3226,11.918716,47.83423,53.91,Alpenregion Tegernsee Schliersee
Gosen-Neu Zittau,3226,13.741699,52.388631,15.26,Seenland Oder-Spree
Glottertal,3225,7.936459,48.049481,30.74,Südlicher Schwarzwald
"Bad Teinach-Zavelstein, Stadt",3220,8.688173,48.688772,25.17,Nördlicher Schwarzwald
Höhn,3218,7.986337,50.619104,13.68,Westerwald
Obermichelbach,3217,10.909913,49.530771,9.27,Romantisches Franken - vom Naturpark Frankenhöhe zur Romantischen Straße
Wörth a.d.Isar,3214,12.339065,48.623246,4.84,Bayerisches Thermenland
Eberstadt,3209,9.320938,49.180243,12.5,Nördliches Baden-Württemberg
"Hillesheim, Stadt",3207,6.672058,50.291371,20.62,Eifel
Gaißach,3203,11.5801,47.747447,38.55,Tölzer Land
Steinmauern,3201,8.198767,48.900452,12.42,Nördlicher Schwarzwald
Ascheberg (Holstein),3196,10.341108,54.151075,20.94,Holsteinische Schweiz
"Kelbra (Kyffhäuser), Stadt",3196,11.041425,51.435698,40.82,Harz und Harzvorland
Vörstetten,3196,7.849274,48.065026,7.88,Südlicher Schwarzwald
Bischoffen,3196,8.448298,50.705583,35.37,Lahn-Dill
Stephansposching,3189,12.802444,48.816699,44.64,Bayerisches Thermenland
Glattbach,3186,9.149913,50.007221,3.53,Spessart-Mainland
Calvörde,3185,11.293033,52.394996,122.49,"Magdeburg, Elbe-Börde-Heide"
Sohren,3184,7.308475,49.932213,9.42,Hunsrück
Wangen,3183,9.608282,48.725495,9.68,Region Stuttgart
Dorf Mecklenburg,3183,11.467282,53.842941,30.06,Mecklenburgische Ostseeküste
Gumtow,3183,12.250211,52.978437,213.15,Prignitz
Wehringen,3183,10.800312,48.245187,14.11,Bayerisch-Schwaben
Wiesenbach,3181,8.803146,49.361319,11.13,Nördliches Baden-Württemberg
"Havelsee, Stadt",3181,12.455492,52.495639,81.97,Havelland
"Ziemetshausen, M",3181,10.532308,48.293618,42.95,Bayerisch-Schwaben
Bergatreute,3181,9.748012,47.849665,23.17,Oberschwaben-Allgäu
Werbach,3180,9.638538,49.670749,43.17,Nördliches Baden-Württemberg
Großrückerswalde,3178,13.124789,50.63018,26.65,Erzgebirge
Leubsdorf,3178,13.167108,50.800384,34.47,Erzgebirge
Urbar,3177,7.623946,50.380196,3.46,Mittelrheintal
Diera-Zehren,3174,13.417104,51.221385,43.21,Elbland
Alteglofsheim,3171,12.203745,48.919919,13.22,Bayerisches Thermenland
Hammah,3171,9.365901,53.618178,29.28,Unterelbe-Unterweser
Krauschwitz i.d. O.L. / Krušwica,3171,14.718151,51.516045,106.83,Oberlausitz/Niederschlesien
Schuttertal,3170,7.956647,48.269141,50.27,Mittlerer Schwarzwald
Flörsheim-Dalsheim,3167,8.211124,49.651778,12.71,Rheinhessen
Weilheim,3167,8.24114,47.658072,35.65,Südlicher Schwarzwald
Buckenhof,3161,11.050613,49.593544,1.39,Fränkische Schweiz
Konradsreuth,3161,11.846084,50.268881,43.24,Fichtelgebirge
"Plößberg, M",3159,12.309426,49.783726,74.21,Oberpfälzer Wald
Ingoldingen,3159,9.739688,48.025577,44.23,Oberschwaben-Allgäu
"Fridingen an der Donau, Stadt",3157,8.932884,48.021685,22.47,Schwäbische Alb
Oberschöna,3157,13.250121,50.900838,44.3,Erzgebirge
Fischen i.Allgäu,3156,10.270591,47.459403,13.57,Allgäu
Gottenheim,3156,7.728669,48.050063,8.75,Südlicher Schwarzwald
Eicklingen,3151,10.180086,52.550535,22.89,Lüneburger Heide
Seeshaupt,3151,11.301075,47.825031,29.97,Pfaffenwinkel
"Hohnstein, Stadt",3150,14.110821,50.979682,64.64,Sächsische Schweiz
Plattenburg,3149,12.02873,52.957032,202.01,Prignitz
Königsdorf,3148,11.480945,47.816385,45.69,Tölzer Land
Birkenheide,3146,8.258775,49.479592,2.93,Pfalz
Buchenbach,3144,8.009933,47.960986,38.98,Südlicher Schwarzwald
Jetzendorf,3144,11.419839,48.434134,21.74,Oberbayerns Städte
Breitenworbis,3140,10.426213,51.410272,24.23,Eichsfeld
"Lychen, Stadt",3139,13.315316,53.210926,111.98,Uckermark
Hülben,3135,9.408307,48.520004,6.41,Schwäbische Alb
"Lauscha, Stadt",3133,11.159835,50.476118,18.72,Thüringer Wald
Neuweiler,3133,8.596988,48.657642,51.29,Nördlicher Schwarzwald
Oberau,3132,11.138308,47.562606,17.86,Zugspitz-Region
Unterpleichfeld,3132,10.044621,49.868528,23.93,Fränkisches Weinland
Weidhausen b.Coburg,3128,11.14054,50.204052,9.61,Coburg.Rennsteig
Seukendorf,3127,10.877123,49.489647,8.48,Romantisches Franken - vom Naturpark Frankenhöhe zur Romantischen Straße
Rickling,3126,10.16486,54.006058,38.94,übrig. Schleswig-Holstein
"Uehlfeld, M",3125,10.722083,49.671251,31.23,Steigerwald
Mauern,3125,11.897499,48.51714,24.15,Münchener Umland
Hirrlingen,3123,8.887737,48.412349,12.83,Schwäbische Alb
"Kirchenlamitz, St",3122,11.950309,50.151691,48.48,Fichtelgebirge
Babensham,3122,12.264331,48.083672,54.31,Chiemsee-Alpenland
"Erkheim, M",3121,10.335028,48.03756,32.16,Allgäu
"Sonnewalde, Stadt",3120,13.644831,51.695472,119.29,Elbe Elster Land
Pfatter,3119,12.384957,48.965774,48.16,Bayerisches Thermenland
Körle,3119,9.514418,51.174712,17.51,Kurhessisches Bergland
Vordorf,3118,10.522861,52.368373,19.32,Lüneburger Heide
Cleebronn,3118,9.036794,49.044478,17.09,Nördliches Baden-Württemberg
"Bernstadt a. d. Eigen, Stadt",3117,14.826935,51.047102,52.0,Oberlausitz/Niederschlesien
Margetshöchheim,3113,9.863862,49.835946,6.67,Fränkisches Weinland
Gimbsheim,3113,8.375592,49.779088,17.62,Rheinhessen
Rinchnach,3111,13.198525,48.950045,40.21,Bayerischer Wald
Frickingen,3111,9.273089,47.81517,26.43,Bodensee
"Schalkau, Stadt",3111,11.005007,50.393575,44.02,Thüringer Wald
Morschen,3109,9.617532,51.067644,47.92,Kurhessisches Bergland
Buxheim,3108,10.134546,47.998886,10.23,Allgäu
"Egeln, Stadt",3108,11.431714,51.943167,29.33,"Magdeburg, Elbe-Börde-Heide"
Epfendorf,3106,8.596458,48.248458,29.68,Mittlerer Schwarzwald
Mommenheim,3106,8.265704,49.881218,7.8,Rheinhessen
Aurachtal,3105,10.822529,49.575073,18.4,Steigerwald
Grünkraut,3105,9.652681,47.743111,17.15,Oberschwaben-Allgäu
Aurach,3104,10.412619,49.244603,36.66,Romantisches Franken - vom Naturpark Frankenhöhe zur Romantischen Straße
Oldendorf,3103,9.25183,53.590561,23.96,Unterelbe-Unterweser
Schmidgaden,3103,12.090854,49.421793,41.24,Oberpfälzer Wald
Thermalbad Wiesenbad,3103,13.019326,50.611884,24.21,Erzgebirge
Warmsen,3103,8.848914,52.456444,81.71,Mittelweser
Pommersfelden,3102,10.819064,49.767049,35.69,Steigerwald
"Welzow/Wjelcej, Stadt",3102,14.171628,51.581019,39.57,Lausitzer Seenland
"Brome, Flecken",3102,10.942137,52.601479,36.83,Lüneburger Heide
"Lehrberg, M",3102,10.509747,49.344241,50.85,Romantisches Franken - vom Naturpark Frankenhöhe zur Romantischen Straße
Hodenhagen,3099,9.583601,52.762312,20.12,Lüneburger Heide
"Merkendorf, St",3099,10.701601,49.203432,26.07,Fränkisches Seenland
"Bürgel, Stadt",3099,11.75921,50.942522,27.19,Saaleland
Riede,3095,8.940919,52.96732,27.05,Mittelweser
Aystetten,3095,10.775351,48.404945,9.29,Bayerisch-Schwaben
Priestewitz,3094,13.508779,51.254253,61.29,Elbland
Erlau,3093,12.931193,51.006513,37.83,Chemnitz Zwickau Region
"Neusalza-Spremberg, Stadt",3092,14.531654,51.037369,22.91,Oberlausitz/Niederschlesien
"Eibelstadt, St",3091,10.000876,49.724853,7.07,Fränkisches Weinland
Remptendorf,3090,11.660537,50.528378,97.81,Thüringer Wald
Heßheim,3089,8.309203,49.545778,5.78,Pfalz
"Maroldsweisach, M",3088,10.658122,50.197969,71.86,Haßberge
Klein Offenseth-Sparrieshoop,3088,9.683944,53.784835,16.92,übrig. Schleswig-Holstein
Radibor / Radwor,3084,14.397601,51.244745,62.0,Oberlausitz/Niederschlesien
Selmsdorf,3083,10.85983,53.881681,36.81,Mecklenburgische Ostseeküste
Ottenhöfen im Schwarzwald,3082,8.152611,48.567952,25.26,Mittlerer Schwarzwald
Fintel,3082,9.667823,53.172334,36.14,Lüneburger Heide
Zell unter Aichelberg,3078,9.573107,48.651705,6.39,Region Stuttgart
St. Egidien,3077,12.620489,50.7854,21.26,Chemnitz Zwickau Region
Untermünkheim,3076,9.733211,49.152884,27.19,Nördliches Baden-Württemberg
"Schönwald, St",3076,12.088155,50.198824,19.19,Fichtelgebirge
Bühlertann,3075,9.908566,49.041125,23.59,Nördliches Baden-Württemberg
Westerheim,3074,9.624072,48.515159,22.91,Schwäbische Alb
"Dahlenburg, Flecken",3073,10.736987,53.188381,50.06,Lüneburger Heide
Vogtareuth,3072,12.180954,47.946771,34.24,Chiemsee-Alpenland
"Kirtorf, Stadt",3072,9.105878,50.768346,79.91,Vogelsberg und Wetterau
Erligheim,3071,9.098502,49.020305,6.19,Region Stuttgart
Hauneck,3070,9.722458,50.835037,17.75,Waldhessen (Hersfeld-Rotenburg)
Uffing a.Staffelsee,3069,11.152405,47.714018,42.75,Zugspitz-Region
Hochdorf-Assenheim,3068,8.276523,49.41743,9.71,Pfalz
Großenaspe,3068,9.966933,53.975971,45.62,übrig. Schleswig-Holstein
"Ludwigsstadt, St",3068,11.389636,50.484915,58.74,Frankenwald
Höpfingen,3067,9.428764,49.601552,30.48,Nördliches Baden-Württemberg
"Döbern/Derbno, Stadt",3066,14.597678,51.614654,15.79,Lausitzer Seenland
Ruderting,3063,13.408538,48.653401,12.96,Bayerischer Wald
Seeg,3061,10.608685,47.654554,50.04,Allgäu
Sand a.Main,3060,10.588094,49.987545,12.27,Steigerwald
Aresing,3059,11.297536,48.531075,29.9,Oberbayerns Städte
Burgberg i.Allgäu,3057,10.285671,47.538563,15.95,Allgäu
Eitting,3057,11.89039,48.358839,35.63,Münchener Umland
Hettenleidelheim,3056,8.069795,49.534527,5.08,Pfalz
"Tussenhausen, M",3056,10.561265,48.102383,41.75,Allgäu
Pollenfeld,3056,11.206125,48.948104,45.63,Naturpark Altmühltal
Fluorn-Winzeln,3052,8.492724,48.2853,24.6,Mittlerer Schwarzwald
Kammerstein,3050,10.974932,49.292456,37.08,Fränkisches Seenland
"Lebus, Stadt",3049,14.539936,52.425777,54.42,Seenland Oder-Spree
Föhren,3048,6.763505,49.85818,9.79,Mosel-Saar
Werther,3047,10.690773,51.492067,61.8,Südharz-Kyffhäuser
Steinbach a.Wald,3047,11.360734,50.432358,36.15,Frankenwald
Gailingen am Hochrhein,3044,8.754804,47.696988,13.18,Hegau
Königheim,3043,9.592932,49.618084,61.21,Nördliches Baden-Württemberg
Langensendelbach,3043,11.070631,49.641856,9.58,Fränkische Schweiz
Pampow,3040,11.360257,53.568681,11.01,Westmecklenburg
Hanerau-Hademarschen,3037,9.412577,54.127369,14.5,übrig. Schleswig-Holstein
"Klütz, Stadt",3036,11.166952,53.965698,44.43,Mecklenburgische Ostseeküste
Jesewitz,3036,12.562548,51.422934,52.44,Leipzig Region
"Gützkow, Stadt",3034,13.409609,53.937507,57.65,Vorpommern
Hohenroda,3033,9.914097,50.782922,35.77,Waldhessen (Hersfeld-Rotenburg)
"Prichsenstadt, St",3032,10.350427,49.817844,48.87,Steigerwald
Grünhainichen,3032,13.15194,50.766691,28.72,Erzgebirge
Schorndorf,3031,12.592112,49.159752,38.54,Bayerischer Wald
Marquartstein,3030,12.462445,47.75718,13.4,Chiemsee-Chiemgau
Aitrach,3028,10.0896,47.939232,30.2,Oberschwaben-Allgäu
"Weißenberg / Wóspork, Stadt",3024,14.659365,51.19694,50.96,Oberlausitz/Niederschlesien
Niederer Fläming,3021,13.193884,51.930042,186.13,Fläming
Hepberg,3020,11.461106,48.822885,4.16,Naturpark Altmühltal
Neuental,3018,9.227558,51.007126,38.67,Kurhessisches Bergland
Herschbach,3018,7.738599,50.574191,15.74,Westerwald
Glauburg,3018,9.017487,50.324623,12.67,Vogelsberg und Wetterau
Hahnstätten,3018,8.069685,50.304439,10.8,Lahntal
Hitzhofen,3017,11.321686,48.847072,33.78,Naturpark Altmühltal
Adelschlag,3016,11.223138,48.83914,51.95,Naturpark Altmühltal
Oberreichenbach,3015,8.661125,48.734376,35.98,Nördlicher Schwarzwald
Eußenheim,3014,9.808713,49.989568,56.8,Fränkisches Weinland
Bayerisch Gmain,3014,12.892608,47.720923,12.33,Berchtesgadener Land
Stützengrün,3014,12.526673,50.533915,28.29,Erzgebirge
Schafflund,3014,9.184822,54.759312,19.09,übrig. Schleswig-Holstein
Klosterlechfeld,3008,10.829978,48.158939,2.36,Bayerisch-Schwaben
"Bärnau, St",3007,12.429932,49.809434,74.41,Oberpfälzer Wald
"Aidenbach, M",3005,13.089153,48.567398,17.1,Bayerisches Thermenland
Bischweier,3003,8.28315,48.838747,4.6,Nördlicher Schwarzwald
"Braubach, Stadt",3002,7.648315,50.274481,19.5,Mittelrheintal
Rengsdorf,3001,7.495783,50.503433,6.91,Westerwald
"Teisnach, M",3000,12.991572,49.040245,25.77,Bayerischer Wald
Eitensheim,2999,11.320021,48.819536,15.71,Naturpark Altmühltal
"Ravenstein, Stadt",2999,9.508202,49.401829,55.97,Nördliches Baden-Württemberg
Drebber,2998,8.425941,52.6497,47.13,Mittelweser
Neukirchen vorm Wald,2996,13.3808,48.683235,24.3,Bayerischer Wald
Kalchreuth,2994,11.129965,49.55682,10.87,Nürnberger Land
Lohmen,2994,13.998567,50.989001,25.9,Sächsische Schweiz
Frasdorf,2993,12.285333,47.802277,32.71,Chiemsee-Alpenland
"Marktleugast, M",2993,11.633195,50.171758,33.87,Frankenwald
"Wesenberg, Stadt",2992,12.970368,53.281414,89.64,Mecklenburgische Schweiz und Seenplatte
Wald,2991,12.348932,49.150646,37.79,Bayerischer Wald
Münster-Sarmsheim,2989,7.894732,49.944635,6.92,Naheland
"Waischenfeld, St",2989,11.344906,49.845149,57.93,Fränkische Schweiz
Binzen,2988,7.627773,47.631528,5.81,Südlicher Schwarzwald
Reute,2986,7.821489,48.082424,4.79,Südlicher Schwarzwald
"Waldenburg, Stadt",2986,9.642224,49.18656,31.54,Nördliches Baden-Württemberg
Bassenheim,2985,7.457078,50.358978,14.76,Eifel
Dietersburg,2985,12.932652,48.495578,55.03,Bayerisches Thermenland
Bargfeld-Stegen,2984,10.186613,53.766521,17.82,übrig. Schleswig-Holstein
"Stadtsteinach, St",2983,11.503963,50.163192,39.8,Frankenwald
Kobern-Gondorf,2982,7.455606,50.30932,28.4,Mosel-Saar
Dirmstein,2982,8.249704,49.56387,14.67,Pfalz
Neuenstein,2981,9.570654,50.917119,64.8,Waldhessen (Hersfeld-Rotenburg)
Weihenzell,2980,10.627532,49.355549,45.22,Romantisches Franken - vom Naturpark Frankenhöhe zur Romantischen Straße
Wattenbek,2980,10.05469,54.171228,6.05,übrig. Schleswig-Holstein
Denkingen,2979,8.736458,48.111044,15.03,Schwäbische Alb
Steinbergkirche,2978,9.759969,54.7544,35.72,Ostsee
Heist,2973,9.656576,53.654819,9.96,übrig. Schleswig-Holstein
Schmölln-Putzkau,2972,14.234279,51.122415,32.93,Oberlausitz/Niederschlesien
Kleines Wiesental,2970,7.794808,47.71944,77.82,Südlicher Schwarzwald
Rain,2969,12.468115,48.905211,14.29,Bayerisches Thermenland
Freiensteinau,2967,9.403038,50.424409,65.66,Vogelsberg und Wetterau
Stauchitz,2966,13.21419,51.243246,32.47,Elbland
Vollersode,2964,8.914445,53.327712,46.49,Unterelbe-Unterweser
Rietheim-Weilheim,2962,8.776063,48.040981,11.98,Schwäbische Alb
Bodolz,2962,9.661948,47.571583,3.03,Allgäu
Inzigkofen,2958,9.179617,48.070908,28.73,Oberschwaben-Allgäu
Neuenmarkt,2957,11.579601,50.090716,18.95,Frankenwald
Memmingerberg,2957,10.208405,47.987719,6.08,Allgäu
Siershahn,2956,7.778589,50.484704,4.42,Westerwald
Steingaden,2953,10.859758,47.700634,64.04,Pfaffenwinkel
Horgau,2953,10.683894,48.394913,26.47,Bayerisch-Schwaben
Großharthau,2952,14.106761,51.108564,37.28,Oberlausitz/Niederschlesien
Stimpfach,2952,10.090569,49.062419,33.35,Nördliches Baden-Württemberg
"Rhens, Stadt",2950,7.617713,50.280703,16.31,Mittelrheintal
Berglern,2945,11.929916,48.383368,19.88,Münchener Umland
Hargesheim,2945,7.827383,49.862832,2.58,Naheland
Sankt Oswald-Riedlhütte,2944,13.428539,48.891752,40.34,Bayerischer Wald
Boitzenburger Land,2944,13.607102,53.264349,217.38,Uckermark
Soyen,2943,12.208595,48.109206,28.96,Chiemsee-Alpenland
"Schwarzach, M",2940,12.810925,48.914523,33.23,Bayerischer Wald
"Oberwesel, Stadt",2939,7.722947,50.106015,18.08,Mittelrheintal
Bippen,2938,7.740175,52.582613,79.22,Grafschaft Bentheim-Emsland-Osnabrücker Land
Schrecksbach,2938,9.285498,50.834852,36.61,Kurhessisches Bergland
"Nebra (Unstrut), Stadt",2937,11.577753,51.288914,25.46,"Halle, Saale, Unstrut"
"Friedland, Stadt",2936,14.264623,52.102722,174.15,Seenland Oder-Spree
Simonswald,2936,8.056469,48.10043,74.31,Südlicher Schwarzwald
"Adenau, Stadt",2935,6.930224,50.382256,18.56,Ahr
Prutting,2934,12.202651,47.893114,16.22,Chiemsee-Alpenland
Baddeckenstedt,2933,10.231504,52.083951,20.45,Braunschweiger Land
Admannshagen-Bargeshagen,2933,11.984106,54.111554,15.79,Mecklenburgische Ostseeküste
Sigmarszell,2931,9.763071,47.588967,16.0,Allgäu
Heroldstatt,2931,9.669339,48.446332,22.58,Schwäbische Alb
Niederwinkling,2930,12.797548,48.886923,25.65,Bayerischer Wald
Flintsbach a.Inn,2929,12.125282,47.723091,31.3,Chiemsee-Alpenland
Briesen (Mark),2928,14.277635,52.344886,111.68,Seenland Oder-Spree
Nortrup,2927,7.85948,52.614148,27.08,Grafschaft Bentheim-Emsland-Osnabrücker Land
Schwarzach,2925,8.983173,49.373813,8.36,Nördliches Baden-Württemberg
Hattenhofen,2925,9.574768,48.666458,7.64,Region Stuttgart
Mönsheim,2924,8.863818,48.864021,16.79,Nördlicher Schwarzwald
Kieselbronn,2923,8.753077,48.934399,8.63,Nördliches Baden-Württemberg
"Lindow (Mark), Stadt",2921,12.986769,52.970129,65.47,Ruppiner Seenland
Roßbach,2920,12.941005,48.599478,48.15,Bayerisches Thermenland
Wankendorf,2917,10.208038,54.112811,13.34,übrig. Schleswig-Holstein
Göda / Hodźij,2917,14.319852,51.179523,43.26,Oberlausitz/Niederschlesien
Börger,2916,7.533851,52.912037,55.52,Grafschaft Bentheim-Emsland-Osnabrücker Land
Meißner,2915,9.937311,51.211361,44.81,Werra-Meissner Land
Beetzendorf,2913,11.089028,52.7,98.34,Altmark
Fränkisch-Crumbach,2910,8.858014,49.745722,16.12,Odenwald-Bergstrasse-Neckartal
"Meisenheim, Stadt",2910,7.670811,49.705645,10.33,Naheland
Waldbrunn,2909,9.800435,49.758046,6.62,Fränkisches Weinland
"Bodenfelde, Flecken",2909,9.553109,51.639951,19.77,Weserbergland
Undenheim,2906,8.218368,49.839818,9.97,Rheinhessen
Claußnitz,2905,12.881918,50.936675,21.38,Chemnitz Zwickau Region
"Selters (Westerwald), Stadt",2902,7.755403,50.530329,8.7,Westerwald
Schönbrunn,2901,8.92908,49.410744,34.47,Nördliches Baden-Württemberg
Euerbach,2899,10.129685,50.062696,17.4,Fränkisches Weinland
"Schönewalde, Stadt",2899,13.228504,51.814067,156.16,Elbe Elster Land
Hoogstede,2898,6.94796,52.581113,49.78,Grafschaft Bentheim-Emsland-Osnabrücker Land
Kenn,2897,6.724969,49.800233,3.91,Mosel-Saar
Fichtenberg,2895,9.712826,48.986058,24.19,Nördliches Baden-Württemberg
Rövershagen,2894,12.241374,54.173634,20.61,Mecklenburgische Ostseeküste
Lambrechtshagen,2894,12.015425,54.102241,13.55,Mecklenburgische Ostseeküste
Börde-Hakel,2893,11.390763,51.961656,38.93,"Magdeburg, Elbe-Börde-Heide"
Winden im Elztal,2893,8.035037,48.145109,21.95,Südlicher Schwarzwald
"Schopfloch, M",2890,10.304867,49.12167,15.34,Romantisches Franken - vom Naturpark Frankenhöhe zur Romantischen Straße
Rödersheim-Gronau,2887,8.257346,49.429578,8.24,Pfalz
Langenpreising,2887,11.972151,48.425772,27.5,Münchener Umland
Schwedeneck,2887,10.072961,54.471569,28.55,Ostsee
Huglfing,2882,11.156424,47.769223,24.36,Pfaffenwinkel
Kirchweidach,2881,12.64351,48.085899,20.15,Inn-Salzach
Denklingen,2881,10.849611,47.913826,56.77,Ammersee-Lech
Hatzenbühl,2881,8.243475,49.110695,7.76,Pfalz
"Liebenau, Stadt",2880,9.283728,51.494423,48.88,Kassel- Land
"Weißenstadt, St",2880,11.885088,50.101234,65.76,Fichtelgebirge
Neumark,2880,12.355396,50.657197,17.31,Vogtland
"Dollnstein, M",2878,11.074724,48.872714,40.51,Naturpark Altmühltal
Alveslohe,2878,9.913813,53.786906,21.56,übrig. Schleswig-Holstein
Betzigau,2877,10.380666,47.736057,29.27,Allgäu
Wittendörp,2876,11.115671,53.534073,104.72,Westmecklenburg
"Wildflecken, M",2876,9.906676,50.375776,80.33,Rhön
Bad Kohlgrub,2875,11.051047,47.66653,32.56,Zugspitz-Region
Aichstetten,2874,10.08067,47.892919,33.74,Oberschwaben-Allgäu
Ettringen,2874,7.221107,50.35597,9.15,Eifel
Heidgraben,2872,9.685133,53.705801,5.38,übrig. Schleswig-Holstein
Wischhafen,2869,9.319527,53.774789,33.76,Unterelbe-Unterweser
"Hatzfeld (Eder), Stadt",2865,8.547851,50.993022,58.51,Waldecker Land
"Wurzbach, Stadt",2864,11.536895,50.463722,72.32,Thüringer Wald
Zemmer,2864,6.696642,49.892331,24.38,Eifel
"Dömitz, Stadt",2864,11.248957,53.141778,60.57,Westmecklenburg
"Perlesreut, M",2863,13.441289,48.77936,29.73,Bayerischer Wald
Lengerich,2862,7.532282,52.553577,31.72,Grafschaft Bentheim-Emsland-Osnabrücker Land
Hemmingstedt,2860,9.072111,54.147509,16.01,übrig. Schleswig-Holstein
Pilsach,2860,11.503348,49.321299,47.65,Bayerischer Jura
Wusterwitz,2860,12.383866,52.369046,23.78,Havelland
Sulzemoos,2859,11.263711,48.290916,19.04,Münchener Umland
Ebringen,2859,7.77867,47.957718,8.18,Südlicher Schwarzwald
Gilserberg,2859,9.06101,50.952165,61.55,Kurhessisches Bergland
"Schöneck/Vogtl., Stadt",2857,12.33053,50.39283,55.03,Vogtland
Nüsttal,2850,9.845847,50.637007,45.49,Rhön
Blender,2850,9.133699,52.926727,38.44,Mittelweser
Sollstedt,2849,10.536856,51.413705,26.23,Südharz-Kyffhäuser
Offenau,2848,9.163268,49.243887,5.66,Nördliches Baden-Württemberg
Simmozheim,2848,8.812573,48.752475,9.51,Nördlicher Schwarzwald
Köfering,2847,12.195341,48.938213,5.29,Bayerisches Thermenland
"Sankt Goar, Stadt",2847,7.713464,50.150992,23.17,Mittelrheintal
Eggstätt,2846,12.380291,47.926029,24.29,Chiemsee-Alpenland
Liebschützberg,2844,13.184519,51.314586,68.66,Leipzig Region
"Münchenbernsdorf, Stadt",2842,11.932139,50.820097,15.45,Thüringer Vogtland
Asendorf,2840,9.004551,52.771317,58.31,Mittelweser
Martfeld,2838,9.067936,52.875786,35.06,Mittelweser
Heiligenberg,2836,9.312802,47.821299,40.75,Bodensee
"Karlshagen, Ostseebad",2832,13.832312,54.113863,5.12,Vorpommern
Neetze,2831,10.624248,53.26555,26.86,Lüneburger Heide
Wimsheim,2831,8.825364,48.851899,8.06,Nördlicher Schwarzwald
Ringgau,2830,10.092751,51.093843,66.81,Werra-Meissner Land
"Mantel, M",2827,12.041935,49.65275,16.81,Oberpfälzer Wald
"Elfershausen, M",2827,9.964231,50.145341,34.9,Fränkisches Weinland
Haundorf,2825,10.773709,49.176499,51.34,Fränkisches Seenland
Trippstadt,2824,7.771394,49.356549,43.72,Pfalz
"Zingst, Ostseeheilbad",2823,12.68304,54.435409,50.5,Vorpommern
Griesstätt,2823,12.178432,47.994125,29.53,Chiemsee-Alpenland
Zschepplin,2821,12.603693,51.501903,68.36,Leipzig Region
Heldenstein,2821,12.36415,48.241755,19.85,Inn-Salzach
Schenefeld,2820,9.481184,54.046014,9.38,übrig. Schleswig-Holstein
"Marktleuthen, St",2820,11.994074,50.127998,35.48,Fichtelgebirge
Hohn,2819,9.503416,54.298721,31.95,übrig. Schleswig-Holstein
Pastetten,2818,11.945285,48.199897,22.08,Münchener Umland
"Garding, Stadt",2816,8.778217,54.327962,3.06,Nordsee
Obrigheim (Pfalz),2814,8.20564,49.59282,10.81,Pfalz
Börßum,2814,10.582434,52.069203,30.74,Braunschweiger Land
"Marktl, M",2812,12.843658,48.25329,27.84,Inn-Salzach
Beckdorf,2811,9.610546,53.413131,21.98,Unterelbe-Unterweser
"Kallmünz, M",2810,11.955753,49.161341,43.18,Bayerischer Jura
Elmenhorst,2808,10.263561,53.765182,14.93,übrig. Schleswig-Holstein
Roxheim,2807,7.809073,49.863903,5.93,Naheland
Muldenhammer,2806,12.46299,50.43572,56.07,Vogtland
Kastl,2804,12.696097,48.193923,27.6,Inn-Salzach
Sternenfels,2802,8.850112,49.050912,17.32,Nördliches Baden-Württemberg
Samerberg,2798,12.212482,47.781501,33.4,Chiemsee-Alpenland
Auggen,2797,7.596879,47.787301,14.15,Südlicher Schwarzwald
"Mitwitz, M",2797,11.209853,50.248048,33.19,Frankenwald
Dettingen an der Iller,2797,10.113892,48.105281,11.14,Oberschwaben-Allgäu
Jübek,2796,9.394391,54.55668,15.58,übrig. Schleswig-Holstein
Haunetal,2795,9.694067,50.768555,54.94,Waldhessen (Hersfeld-Rotenburg)
"Sulzburg, Stadt",2794,7.710087,47.839883,22.74,Südlicher Schwarzwald
Groß Twülpstedt,2790,10.919959,52.373685,36.46,Braunschweiger Land
Neuching,2789,11.854383,48.241717,19.68,Münchener Umland
"Detern, Flecken",2789,7.674185,53.210299,43.31,Ostfriesland
Vilgertshofen,2788,10.918058,47.951279,27.1,Ammersee-Lech
Embsen,2787,10.344803,53.175557,22.82,Lüneburger Heide
"Jarmen, Stadt",2787,13.340233,53.924079,30.71,Mecklenburgische Schweiz und Seenplatte
"Unterthingau, M",2786,10.506239,47.771521,45.28,Allgäu
Haste,2785,9.39349,52.381033,11.17,Weserbergland
Käbschütztal,2783,13.412117,51.141218,50.48,Elbland
"Frankenau, Nationalparkstadt",2782,8.934861,51.090496,57.29,Waldecker Land
Herbsleben,2781,10.838522,51.118059,25.07,Welterberegion Wartburg-Hainich
Reinsberg,2777,13.363415,51.01052,49.71,Erzgebirge
Landesbergen,2774,9.119921,52.55829,42.03,Mittelweser
Oberried,2773,7.945766,47.932544,66.32,Südlicher Schwarzwald
Schuby,2773,9.480215,54.51517,23.94,übrig. Schleswig-Holstein
Hochstadt (Pfalz),2771,8.208647,49.239511,15.44,Pfalz
"Schillingsfürst, St",2770,10.259851,49.286469,27.5,Romantisches Franken - vom Naturpark Frankenhöhe zur Romantischen Straße
Tonna,2769,10.731485,51.091229,30.5,Welterberegion Wartburg-Hainich
Poppenhausen (Wasserkuppe),2768,9.869238,50.489438,40.77,Rhön
Nordhastedt,2767,9.182991,54.17205,26.56,übrig. Schleswig-Holstein
Mönchweiler,2766,8.429216,48.101001,9.56,Mittlerer Schwarzwald
Auengrund,2765,10.886439,50.451865,37.1,Thüringer Wald
Kirchham,2763,13.266784,48.34569,18.47,Bayerisches Thermenland
Attenkirchen,2760,11.758765,48.506366,16.1,Münchener Umland
"Mitterfels, M",2760,12.679815,48.975811,14.22,Bayerischer Wald
Prackenbach,2759,12.827707,49.094586,40.08,Bayerischer Wald
Steinburg,2758,10.384291,53.707908,23.9,übrig. Schleswig-Holstein
Lehrensteinsfeld,2758,9.32639,49.130481,6.22,Nördliches Baden-Württemberg
Rieseby,2755,9.812995,54.541709,38.85,übrig. Schleswig-Holstein
Wald,2754,9.172005,47.937975,43.85,Oberschwaben-Allgäu
Altenglan,2754,7.463616,49.552743,13.6,Pfalz
"Inchenhofen, M",2754,11.115439,48.511121,27.54,Bayerisch-Schwaben
Bretzenheim,2752,7.897906,49.87924,5.81,Naheland
Großerlach,2752,9.516108,49.053922,27.15,Region Stuttgart
Hirzenhain,2750,9.135835,50.390853,16.11,Vogelsberg und Wetterau
Schwalmtal,2750,9.326545,50.696937,54.36,Vogelsberg und Wetterau
"Wertach, M",2749,10.410242,47.60257,45.65,Allgäu
Egestorf,2748,10.063283,53.194675,48.83,Lüneburger Heide
Rüdesheim,2744,7.812868,49.845274,3.49,Naheland
Rauhenebrach,2744,10.552708,49.888834,61.07,Steigerwald
Iffeldorf,2743,11.323047,47.771539,27.59,Pfaffenwinkel
Hördt,2743,8.327028,49.166223,18.47,Pfalz
Salching,2742,12.57016,48.810975,22.0,Bayerisches Thermenland
Tellingstedt,2742,9.2822,54.219944,21.1,übrig. Schleswig-Holstein
Lengdorf,2742,12.051822,48.255915,33.94,Münchener Umland
Münchweiler an der Rodalb,2739,7.702467,49.218848,27.18,Pfalz
Sontheim,2739,10.352914,48.008522,26.52,Allgäu
Ockenheim,2736,7.972373,49.942405,6.03,Rheinhessen
Weyhausen,2735,10.715933,52.463114,7.99,Lüneburger Heide
Kollnburg,2734,12.861563,49.047848,59.53,Bayerischer Wald
Halfing,2734,12.276636,47.951852,22.79,Chiemsee-Alpenland
Eschelbronn,2733,8.868014,49.32007,8.23,Nördliches Baden-Württemberg
Vellahn,2731,10.966499,53.401744,106.69,Westmecklenburg
Lechbruck am See,2731,10.795091,47.701215,17.23,Allgäu
Großpostwitz/O.L. / Budestecy,2730,14.440359,51.119209,16.48,Oberlausitz/Niederschlesien
Durlangen,2730,9.793078,48.855882,10.43,Schwäbische Alb
Vilsheim,2729,12.105624,48.447565,21.72,Bayerisches Thermenland
Niederzissen,2729,7.221554,50.456945,11.95,Ahr
"Ulrichstein, Stadt",2728,9.192283,50.576648,65.61,Vogelsberg und Wetterau
St. Peter,2727,8.033628,48.015753,35.93,Südlicher Schwarzwald
Queidersbach,2726,7.629494,49.37327,14.79,Pfalz
Kutzenhausen,2726,10.693702,48.341876,27.92,Bayerisch-Schwaben
Neukirch,2725,9.701999,47.657496,26.59,Bodensee
Obertaufkirchen,2723,12.279353,48.261515,31.65,Inn-Salzach
Wanderup,2722,9.331111,54.688266,28.64,übrig. Schleswig-Holstein
Mühlingen,2720,9.017365,47.912992,32.67,Hegau
Reischach,2718,12.725442,48.290821,28.46,Inn-Salzach
"Titting, M",2718,11.212034,48.997618,71.11,Naturpark Altmühltal
Thaleischweiler-Fröschen,2718,7.580288,49.262312,12.27,Pfalz
Haag a.d.Amper,2716,11.832861,48.458593,21.7,Münchener Umland
"Wellheim, M",2716,11.082834,48.817667,33.81,Naturpark Altmühltal
Weißensberg,2712,9.721621,47.579215,7.84,Allgäu
Großolbersdorf,2710,13.087894,50.692693,22.58,Erzgebirge
Theres,2710,10.447021,50.019983,30.77,Haßberge
Fischbachtal,2707,8.813216,49.769587,13.27,Odenwald-Bergstrasse-Neckartal
Grafling,2707,12.97438,48.894539,46.32,Bayerischer Wald
Roggentin,2703,12.203945,54.072364,9.62,Mecklenburgische Ostseeküste
"Gnoien, Warbelstadt",2703,12.710326,53.968941,41.11,Mecklenburgische Schweiz und Seenplatte
"Eslarn, M",2702,12.520525,49.582547,55.22,Oberpfälzer Wald
"Burghaslach, M",2702,10.599379,49.732278,43.97,Steigerwald
Feilitzsch,2702,11.935054,50.36188,30.22,Fichtelgebirge
Lindwedel,2701,9.687464,52.606188,16.61,Lüneburger Heide
Lauterbach,2700,8.345417,48.228849,19.97,Mittlerer Schwarzwald
Bingen,2699,9.272341,48.110738,37.01,Schwäbische Alb
Weißenbrunn,2698,11.346192,50.200405,26.41,Frankenwald
Hohenkammer,2697,11.523555,48.4241,25.74,Münchener Umland
Beetzsee,2696,12.537066,52.461693,21.28,Havelland
Niederviehbach,2691,12.383316,48.613883,29.62,Bayerisches Thermenland
Flechtingen,2690,11.239472,52.332395,73.54,"Magdeburg, Elbe-Börde-Heide"
Partenstein,2689,9.516827,50.041254,10.45,Spessart-Mainland
Berumbur,2688,7.308371,53.599722,6.42,Nordseeküste
Waigolshausen,2686,10.121655,49.962578,23.75,Fränkisches Weinland
Rositz,2686,12.367843,51.018668,12.62,Altenburger Land
Fahrdorf,2684,9.599017,54.504653,12.0,übrig. Schleswig-Holstein
Möttingen,2683,10.591308,48.809073,31.84,Bayerisch-Schwaben
Dürmentingen,2681,9.533605,48.113546,24.12,Oberschwaben-Allgäu
Alsheim,2680,8.341322,49.767929,15.54,Rheinhessen
Roggenburg,2679,10.230854,48.278334,27.43,Bayerisch-Schwaben
Lägerdorf,2677,9.570479,53.888648,5.97,übrig. Schleswig-Holstein
Straufhain,2677,10.684479,50.353657,57.4,Thüringer Wald
Schönwölkau,2676,12.497265,51.496502,49.41,Leipzig Region
"Neuhaus a.d.Pegnitz, M",2676,11.548709,49.629382,23.31,Nürnberger Land
Denkte,2672,10.606858,52.145728,18.26,Braunschweiger Land
Rehling,2672,10.924886,48.486862,26.25,Bayerisch-Schwaben
Probstzella,2672,11.380298,50.531837,74.34,Thüringer Wald
Söchtenau,2672,12.2295,47.931507,25.62,Chiemsee-Alpenland
Friedewald,2668,9.856377,50.882439,39.64,Waldhessen (Hersfeld-Rotenburg)
Merdingen,2668,7.686737,48.017737,14.4,Südlicher Schwarzwald
"Ebeleben, Stadt",2667,10.739435,51.286972,44.54,Südharz-Kyffhäuser
Veilsdorf,2667,10.809504,50.407716,30.9,Thüringer Wald
Erxleben,2664,11.24209,52.219333,84.02,"Magdeburg, Elbe-Börde-Heide"
"Themar, Stadt",2664,10.617339,50.504554,20.18,Thüringer Wald
Adelheidsdorf,2660,10.059931,52.565363,33.26,Lüneburger Heide
Oberndorf a.Lech,2659,10.867317,48.672063,19.37,Bayerisch-Schwaben
Frauenau,2659,13.300927,48.989281,60.1,Bayerischer Wald
"Pfaffenhausen, M",2659,10.457079,48.120469,21.14,Allgäu
"Laucha an der Unstrut, Stadt",2657,11.676223,51.223667,31.28,"Halle, Saale, Unstrut"
"Frauenstein, Stadt",2656,13.533996,50.801948,58.98,Erzgebirge
Newel,2655,6.583124,49.813085,16.64,Eifel
Berngau,2654,11.396328,49.251932,27.12,Bayerischer Jura
Tawern,2653,6.516142,49.673328,10.23,Mosel-Saar
Sankt Sebastian,2652,7.5648,50.410442,2.88,Mittelrheintal
"Elstra / Halštrow, Stadt",2651,14.133453,51.222129,32.63,Oberlausitz/Niederschlesien
Thüngersheim,2649,9.84164,49.878637,11.06,Fränkisches Weinland
Herrischried,2648,8.001829,47.665518,37.51,Südlicher Schwarzwald
"Oberelsbach, M",2647,10.119621,50.440597,67.65,Rhön
Wiesent,2647,12.379494,49.007369,26.73,Bayerischer Wald
Gemünden (Felda),2646,9.037306,50.680649,55.0,Vogelsberg und Wetterau
Ringsheim,2645,7.778635,48.24673,11.31,Mittlerer Schwarzwald
Schwarme,2643,9.018694,52.899657,24.31,Mittelweser
Ittlingen,2643,8.933835,49.192169,14.11,Nördliches Baden-Württemberg
Großweitzschen,2643,13.045513,51.15772,44.45,Leipzig Region
Demitz-Thumitz,2642,14.247616,51.144952,21.11,Oberlausitz/Niederschlesien
"Rieden, M",2640,11.942663,49.322721,32.3,Bayerischer Jura
Walsdorf,2639,10.780213,49.870901,16.24,Steigerwald
"Elterlein, Stadt",2636,12.868758,50.576954,45.74,Erzgebirge
Fahrenbach,2636,9.149875,49.430872,16.41,Nördliches Baden-Württemberg
Steinberg,2633,12.504342,50.54012,20.37,Vogtland
"Geiselwind, M",2633,10.470633,49.773441,48.75,Steigerwald
Kist,2632,9.844874,49.744365,3.86,Fränkisches Weinland
Grafenberg,2632,9.305273,48.566126,3.5,Schwäbische Alb
Bawinkel,2630,7.411492,52.600378,20.35,Grafschaft Bentheim-Emsland-Osnabrücker Land
Prittriching,2630,10.928375,48.204133,25.37,Ammersee-Lech
Gottfrieding,2629,12.536224,48.638968,27.06,Bayerisches Thermenland
Gachenbach,2627,11.239123,48.498479,30.25,Oberbayerns Städte
Westerholt,2626,7.457856,53.590175,14.62,Ostfriesland
Hanhofen,2624,8.343154,49.316223,5.8,Pfalz
Lichtenberg/Erzgeb.,2624,13.406301,50.844685,33.39,Erzgebirge
Groß Köris,2623,13.655728,52.159665,69.02,Dahme-Seenland
Harth-Pöllnitz,2622,11.957738,50.756945,55.62,Thüringer Vogtland
Flonheim,2622,8.036795,49.785707,14.95,Rheinhessen
Herleshausen,2620,10.161532,51.006221,59.5,Werra-Meissner Land
Banzkow,2620,11.515283,53.523242,52.59,Westmecklenburg
Hattstedt,2617,9.02454,54.528049,7.01,übrig. Schleswig-Holstein
Kefenrod,2616,9.210801,50.345008,30.67,Vogelsberg und Wetterau
Heiligkreuzsteinach,2614,8.797006,49.485877,19.6,Nördliches Baden-Württemberg
Iggingen,2613,9.879122,48.831329,11.39,Schwäbische Alb
Ferdinandshof,2611,13.889141,53.664748,47.37,Vorpommern
Adelsried,2610,10.719444,48.425522,9.7,Bayerisch-Schwaben
Sauldorf,2607,9.106323,47.94256,49.72,Oberschwaben-Allgäu
Jengen,2606,10.725372,47.999749,33.74,Allgäu
Pfaffenweiler,2604,7.75878,47.935869,3.61,Südlicher Schwarzwald
Nordendorf,2599,10.831375,48.594912,7.52,Bayerisch-Schwaben
Schopfloch,2598,8.550542,48.457702,17.03,Nördlicher Schwarzwald
Geroldsgrün,2596,11.594804,50.337252,15.58,Frankenwald
Osdorf,2596,10.015654,54.427956,19.87,übrig. Schleswig-Holstein
Burkau / Porchow,2595,14.17238,51.175556,31.9,Oberlausitz/Niederschlesien
Dieblich,2595,7.470586,50.313841,17.76,Mosel-Saar
Pfaffenhofen,2593,8.975253,49.063969,12.04,Nördliches Baden-Württemberg
Marxheim,2591,10.946638,48.741629,46.58,Bayerisch-Schwaben
Rhönblick,2588,10.236161,50.562031,78.72,Thüringer Rhön
"Lam, M",2586,13.053753,49.19496,33.38,Bayerischer Wald
Leimersheim,2583,8.342259,49.123945,12.97,Pfalz
Bad Peterstal-Griesbach,2583,8.205832,48.428963,41.2,Mittlerer Schwarzwald
Wildpoldsried,2583,10.402917,47.768108,21.36,Allgäu
"Lupburg, M",2582,11.756015,49.154803,30.71,Bayerischer Jura
Rodewald,2582,9.482895,52.662673,60.26,Mittelweser
Steinigtwolmsdorf,2582,14.346859,51.063242,18.04,Oberlausitz/Niederschlesien
Lentföhrden,2579,9.888251,53.873197,20.08,übrig. Schleswig-Holstein
Schluchsee,2577,8.179958,47.818958,69.43,Südlicher Schwarzwald
Rosenberg,2575,10.033041,49.01992,41.02,Schwäbische Alb
Wohltorf,2575,10.291254,53.517253,5.97,übrig. Schleswig-Holstein
Wolfersdorf,2575,11.708788,48.478796,26.06,Münchener Umland
"Romrod, Stadt",2574,9.220618,50.714722,54.43,Vogelsberg und Wetterau
Thurmansbang,2570,13.316354,48.765029,32.93,Bayerischer Wald
Dörzbach,2568,9.706625,49.383492,32.35,Nördliches Baden-Württemberg
Haiming,2567,12.88758,48.21297,28.73,Inn-Salzach
"Putlitz, Stadt",2566,12.043185,53.249052,119.68,Prignitz
Schönwald im Schwarzwald,2566,8.201148,48.101542,27.8,Mittlerer Schwarzwald
Grub a.Forst,2565,11.022901,50.228781,11.97,Coburg.Rennsteig
Lichtenwald,2564,9.484433,48.752691,10.8,Region Stuttgart
Seitingen-Oberflacht,2564,8.729855,48.021345,19.65,Schwäbische Alb
"Friedrichstadt, Stadt",2563,9.087943,54.37346,4.02,übrig. Schleswig-Holstein
Höchenschwand,2563,8.166213,47.735352,29.56,Südlicher Schwarzwald
Nußdorf a.Inn,2562,12.156562,47.742574,28.56,Chiemsee-Alpenland
Sulzbach-Laufen,2560,9.845198,48.965928,43.97,Nördliches Baden-Württemberg
Altfraunhofen,2559,12.171848,48.449443,24.29,Bayerisches Thermenland
"Schkölen, Stadt",2559,11.821689,51.041988,53.43,Saaleland
"Lauterstein, Stadt",2558,9.861873,48.710289,23.31,Region Stuttgart
"Brüel, Stadt",2557,11.713735,53.73778,27.22,Westmecklenburg
Inzlingen,2555,7.690549,47.587829,9.48,Südlicher Schwarzwald
Erpel,2554,7.239148,50.584589,9.21,Mittelrheintal
Großheirath,2554,10.949359,50.176979,22.27,Coburg.Rennsteig
Brohl-Lützing,2553,7.324462,50.484397,9.22,Mittelrheintal
Hetzerath,2553,6.814376,49.878596,13.84,Eifel
Wincheringen,2553,6.426176,49.609496,18.75,Mosel-Saar
"Kastl, M",2550,11.679347,49.368542,64.88,Bayerischer Jura
Ostelsheim,2549,8.851153,48.727607,9.23,Nördlicher Schwarzwald
"Kinding, M",2549,11.383818,49.001445,51.7,Naturpark Altmühltal
"Eime, Flecken",2548,9.724253,52.077171,21.97,Hannover-Hildesheim
Faulbach,2548,9.442597,49.783411,10.99,Spessart-Mainland
"Helmstadt, M",2547,9.707384,49.760569,22.8,Fränkisches Weinland
"Wittislingen, M",2546,10.414959,48.620356,17.41,Bayerisch-Schwaben
"Friesack, Stadt",2545,12.579825,52.73771,84.03,Havelland
"Freihung, M",2545,11.909908,49.622645,46.35,Bayerischer Jura
Göggingen,2545,9.887271,48.8635,11.38,Schwäbische Alb
Fußgönheim,2544,8.291146,49.46116,6.65,Pfalz
Krölpa,2543,11.539536,50.677134,42.28,Thüringer Wald
Puderbach,2542,7.60931,50.596154,11.02,Westerwald
Pähl,2542,11.176312,47.904976,32.22,Pfaffenwinkel
Berghaupten,2539,7.987138,48.407309,9.68,Mittlerer Schwarzwald
"Wiesenttal, M",2539,11.263003,49.803009,45.88,Fränkische Schweiz
Salmtal,2539,6.847557,49.927365,14.09,Eifel
Sasbachwalden,2538,8.125871,48.618538,18.13,Mittlerer Schwarzwald
Wasbek,2536,9.895541,54.07142,23.49,übrig. Schleswig-Holstein
Danndorf,2535,10.912017,52.424783,14.07,Braunschweiger Land
Gerhardshofen,2534,10.691437,49.630671,27.22,Steigerwald
"Dürrwangen, M",2534,10.386423,49.108758,23.03,Romantisches Franken - vom Naturpark Frankenhöhe zur Romantischen Straße
Tannheim,2533,10.081648,48.000036,27.69,Oberschwaben-Allgäu
Dernbach (Westerwald),2533,7.790351,50.456503,8.76,Westerwald
Glatten,2531,8.51346,48.443793,15.52,Nördlicher Schwarzwald
Schwörstadt,2531,7.881039,47.594036,20.03,Südlicher Schwarzwald
Igling,2531,10.805609,48.073414,26.35,Ammersee-Lech
Schleife / Slepo,2531,14.539279,51.544149,41.99,Oberlausitz/Niederschlesien
Neuburg am Rhein,2529,8.251735,48.986655,8.31,Pfalz
Gägelow,2529,11.380828,53.899067,22.67,Mecklenburgische Ostseeküste
Eimeldingen,2529,7.595534,47.630772,3.55,Südlicher Schwarzwald
Niederwürschnitz,2528,12.755475,50.722415,6.04,Erzgebirge
Schleusegrund,2528,10.875128,50.520715,58.99,Thüringer Wald
Gehrde,2527,8.007409,52.577704,36.36,Grafschaft Bentheim-Emsland-Osnabrücker Land
Oberwolfach,2527,8.216772,48.317073,51.26,Mittlerer Schwarzwald
"Alsleben (Saale), Stadt",2526,11.67745,51.700463,23.72,"Magdeburg, Elbe-Börde-Heide"
Heede,2526,7.298923,52.993267,31.11,Grafschaft Bentheim-Emsland-Osnabrücker Land
Lauenbrück,2526,9.552211,53.200735,22.02,Lüneburger Heide
Sauensiek,2525,9.599388,53.379351,31.7,Unterelbe-Unterweser
"Wustrow (Wendland), Stadt",2524,11.119401,52.924056,30.18,Lüneburger Heide
Geldersheim,2524,10.154551,50.041966,15.32,Fränkisches Weinland
Steinhagen,2522,12.989713,54.226558,33.5,Vorpommern
Nahe,2522,10.134557,53.795307,10.37,übrig. Schleswig-Holstein
Kottenheim,2521,7.25673,50.348939,6.09,Eifel
Birken-Honigsessen,2521,7.739895,50.818171,18.14,Westerwald
Kindsbach,2521,7.615011,49.416087,8.81,Pfalz
Hausen b.Würzburg,2520,10.027047,49.927963,21.98,Fränkisches Weinland
Rötgesbüttel,2519,10.532239,52.415253,10.93,Lüneburger Heide
Ehrenberg (Rhön),2519,10.004724,50.500104,40.84,Rhön
"Bad Bibra, Stadt",2515,11.586191,51.207902,49.93,"Halle, Saale, Unstrut"
Welschbillig,2515,6.568474,49.853071,37.06,Eifel
Bobitz,2514,11.360712,53.803679,65.64,Mecklenburgische Ostseeküste
Neukirchen b.Sulzbach-Rosenberg,2514,11.629366,49.529009,45.76,Bayerischer Jura
"Bad Wilsnack, Stadt",2512,11.948256,52.954958,79.38,Prignitz
"Sellin, Ostseebad",2511,13.692482,54.378093,14.44,Rügen/Hiddensee
Hinterzarten,2510,8.105627,47.903858,33.37,Südlicher Schwarzwald
"Scheer, Stadt",2510,9.29442,48.072852,18.73,Schwäbische Alb
"Insel Poel, Ostseebad",2507,11.439916,53.99737,36.34,Mecklenburgische Ostseeküste
Itzstedt,2507,10.156532,53.806384,7.13,übrig. Schleswig-Holstein
Lampertswalde,2506,13.673713,51.31545,63.65,Elbland
"Tribsees, Stadt",2506,12.757553,54.094576,54.97,Vorpommern
Halbe,2504,13.698782,52.10614,78.02,Dahme-Seenland
Neuhardenberg,2504,14.237179,52.596345,78.13,Seenland Oder-Spree
Nittel,2504,6.444344,49.654488,16.69,Mosel-Saar
"Schönau im Schwarzwald, Stadt",2504,7.894115,47.786085,14.72,Südlicher Schwarzwald
Freudental,2502,9.059852,49.009612,3.07,Region Stuttgart
Hessigheim,2502,9.187949,48.992263,5.03,Region Stuttgart
"Kirchheim i.Schw., M",2501,10.474075,48.172874,31.95,Allgäu
"Mönchberg, M",2500,9.266743,49.792408,24.15,Spessart-Mainland
Plessa,2500,13.619668,51.463914,52.74,Elbe Elster Land
Chamerau,2498,12.746154,49.196262,23.4,Bayerischer Wald
Bad Eilsen,2494,9.105939,52.2407,2.46,Weserbergland
"Betzenstein, St",2491,11.418135,49.682387,51.84,Fränkische Schweiz
Loffenau,2491,8.387066,48.773965,17.06,Nördlicher Schwarzwald
Kemmern,2489,10.875861,49.953688,8.27,Obermain.Jura
Hillerse,2489,10.404067,52.413097,24.18,Lüneburger Heide
Siegbach,2488,8.417402,50.734708,29.03,Lahn-Dill
"Heidenheim, M",2487,10.743353,49.017099,52.26,Fränkisches Seenland
Küstriner Vorland,2487,14.55354,52.549913,46.52,Seenland Oder-Spree
Edesheim,2486,8.134188,49.263816,16.32,Pfalz
Eitelborn,2486,7.721646,50.377278,7.12,Westerwald
Reinsfeld,2486,6.876922,49.674856,19.79,Hunsrück
Engelsberg,2485,12.54315,48.1164,34.18,Chiemsee-Chiemgau
Ballrechten-Dottingen,2485,7.691108,47.85776,6.61,Südlicher Schwarzwald
Hollenbach,2484,11.075061,48.488339,26.09,Bayerisch-Schwaben
Hardt,2484,8.411379,48.18411,10.6,Mittlerer Schwarzwald
"Marienhafe, Flecken",2484,7.273447,53.523065,4.06,Ostfriesland
Eichenbühl,2481,9.327814,49.705561,31.23,Spessart-Mainland
Gaiberg,2480,8.750258,49.366268,4.15,Nördliches Baden-Württemberg
Beimerstetten,2479,9.98581,48.481886,14.34,Schwäbische Alb
"Weidenbach, M",2479,10.644225,49.198513,21.71,Fränkisches Seenland
Königshain-Wiederau,2479,12.840299,50.973915,31.03,Chemnitz Zwickau Region
Silberstedt,2477,9.370766,54.518594,37.91,übrig. Schleswig-Holstein
Wang,2475,11.935058,48.495301,31.18,Münchener Umland
Straßberg,2474,9.092476,48.176381,24.91,Schwäbische Alb
Aicha vorm Wald,2474,13.291981,48.674871,20.35,Bayerischer Wald
"Moosbach, M",2473,12.409099,49.591116,64.3,Oberpfälzer Wald
Braunsbach,2472,9.791297,49.198935,52.87,Nördliches Baden-Württemberg
Collenberg,2472,9.338969,49.771638,25.66,Spessart-Mainland
Gaukönigshofen,2471,10.002455,49.63341,31.99,Fränkisches Weinland
Eggebek,2469,9.372178,54.619737,16.68,übrig. Schleswig-Holstein
Probsteierhagen,2469,10.288376,54.362604,14.95,übrig. Schleswig-Holstein
Oberpframmern,2467,11.813087,48.021679,18.47,Ebersberger Grünes Land
Armsheim,2466,8.056736,49.808643,10.05,Rheinhessen
Unterkirnach,2466,8.366416,48.078557,13.17,Mittlerer Schwarzwald
Guldental,2465,7.844848,49.891491,12.99,Naheland
Eschbach,2464,7.652386,47.891226,10.03,Südlicher Schwarzwald
Papendorf,2464,12.130157,54.03598,22.64,Mecklenburgische Ostseeküste
Hummeltal,2462,11.504726,49.896162,21.91,Fränkische Schweiz
"Obernzenn, M",2462,10.467934,49.44945,39.67,Steigerwald
Ellerstadt,2459,8.258852,49.461405,6.34,Pfalz
"Golßen, Stadt",2458,13.602979,51.970422,63.66,Spreewald
Schwabenheim an der Selz,2458,8.097088,49.931179,9.49,Rheinhessen
Teistungen,2457,10.262924,51.470268,26.15,Eichsfeld
Weitersburg,2457,7.599219,50.414055,6.62,Mittelrheintal
Steinwenden,2456,7.52831,49.456174,11.84,Pfalz
Haarbach,2456,13.149165,48.50226,47.71,Bayerisches Thermenland
Friedrichskoog,2456,8.88014,54.005842,53.27,Nordsee
Pleiskirchen,2454,12.59607,48.307035,52.62,Inn-Salzach
"Flachslanden, M",2452,10.51377,49.399168,40.93,Romantisches Franken - vom Naturpark Frankenhöhe zur Romantischen Straße
Gyhum,2451,9.311117,53.219784,48.62,Unterelbe-Unterweser
Schönwalde am Bungsberg,2451,10.753453,54.187361,39.12,Holsteinische Schweiz
Neuhausen/Erzgeb.,2448,13.466383,50.673902,48.1,Erzgebirge
Epfenbach,2448,8.910056,49.336931,12.97,Nördliches Baden-Württemberg
Hergatz,2448,9.829729,47.649596,18.79,Allgäu
Steimbke,2448,9.390322,52.655474,63.36,Mittelweser
Elmstein,2446,7.935266,49.352193,75.63,Pfalz
Grainet,2445,13.654265,48.795987,36.12,Bayerischer Wald
Egling a.d.Paar,2444,10.983041,48.187602,20.77,Ammersee-Lech
Hillscheid,2444,7.696086,50.402861,14.08,Westerwald
Effeltrich,2443,11.092476,49.659718,11.93,Fränkische Schweiz
Ohorn,2443,14.049991,51.175275,11.99,Oberlausitz/Niederschlesien
Hinterschmiding,2442,13.601129,48.823037,21.03,Bayerischer Wald
Muhr a.See,2441,10.71106,49.155246,10.95,Fränkisches Seenland
Schapen,2438,7.559026,52.403274,26.67,Grafschaft Bentheim-Emsland-Osnabrücker Land
Vögelsen,2438,10.35108,53.277899,8.28,Lüneburger Heide
Siek,2436,10.297782,53.635029,12.47,übrig. Schleswig-Holstein
Barendorf,2436,10.521495,53.228804,9.31,Lüneburger Heide
"Krempe, Stadt",2435,9.489814,53.836588,3.38,übrig. Schleswig-Holstein
Bernbeuren,2433,10.77807,47.737853,41.65,Pfaffenwinkel
"Wallenfels, St",2432,11.471178,50.268421,45.65,Frankenwald
"Kasendorf, M",2432,11.350335,50.03592,39.0,Fränkische Schweiz
Borstel-Hohenraden,2432,9.824303,53.697872,14.88,übrig. Schleswig-Holstein
Bothel,2430,9.503907,53.07374,16.71,Lüneburger Heide
"Boltenhagen, Ostseebad",2430,11.20109,53.989162,18.35,Mecklenburgische Ostseeküste
Boffzen,2430,9.394051,51.750619,8.08,Weserbergland
Kubschütz / Kubšicy,2428,14.505323,51.169556,43.64,Oberlausitz/Niederschlesien
Weißenborn/Erzgeb.,2425,13.400964,50.871319,22.57,Erzgebirge
Schwepnitz,2425,13.956211,51.330628,56.03,Oberlausitz/Niederschlesien
Weiding,2424,12.763869,49.261732,28.17,Bayerischer Wald
Seehausen a.Staffelsee,2422,11.185323,47.689514,15.71,Zugspitz-Region
Wittenförden,2421,11.330149,53.626663,12.28,Westmecklenburg
Bernried am Starnberger See,2420,11.292575,47.867336,13.8,Pfaffenwinkel
Postmünster,2419,12.904947,48.419765,43.5,Bayerisches Thermenland
Weichering,2418,11.319237,48.717063,24.59,Oberbayerns Städte
Weihmichl,2416,12.043811,48.604018,32.17,Bayerisches Thermenland
Mossautal,2415,8.931026,49.644703,48.49,Odenwald-Bergstrasse-Neckartal
Großenseebach,2414,10.875794,49.631864,7.2,Steigerwald
Röderaue,2413,13.471968,51.387538,28.82,Elbland
"Jöhstadt, Stadt",2413,13.089925,50.514439,49.69,Erzgebirge
Ellefeld,2412,12.391257,50.48394,4.55,Vogtland
Uckerland,2412,13.804721,53.450803,167.21,Uckermark
Unlingen,2411,9.522042,48.166683,26.87,Oberschwaben-Allgäu
Apelern,2411,9.336445,52.289576,24.57,Weserbergland
Sagard,2410,13.555143,54.524875,27.92,Rügen/Hiddensee
Unterreichenbach,2409,8.708148,48.825928,6.3,Nördlicher Schwarzwald
Weiler bei Bingen,2407,7.866534,49.95677,22.79,Mittelrheintal
Kürnbach,2407,8.844275,49.076664,12.66,Nördliches Baden-Württemberg
Abtsteinach,2405,8.786237,49.544051,11.02,Odenwald-Bergstrasse-Neckartal
Pforzen,2404,10.6129,47.929763,23.69,Allgäu
Ebermannsdorf,2404,11.940276,49.391868,45.39,Bayerischer Jura
Weisenbach,2400,8.354952,48.728726,9.07,Nördlicher Schwarzwald
Wees,2400,9.52256,54.807217,12.74,übrig. Schleswig-Holstein
Handeloh,2399,9.833344,53.244817,27.0,Lüneburger Heide
"Bad Tennstedt, Stadt",2399,10.838775,51.153642,27.42,Welterberegion Wartburg-Hainich
Oberharmersbach,2397,8.126396,48.373266,40.92,Mittlerer Schwarzwald
Elbtal,2396,8.064857,50.504848,11.11,Westerwald-Lahn-Taunus
Erlenbach b.Marktheidenfeld,2396,9.626853,49.819185,15.31,Spessart-Mainland
Fensterbach,2390,12.041425,49.411206,26.85,Oberpfälzer Wald
Winningen,2390,7.517828,50.316438,6.65,Mosel-Saar
"Ziesar, Stadt",2389,12.289639,52.266957,67.96,Fläming
Reichenschwand,2389,11.372008,49.513193,6.84,Nürnberger Land
Hürup,2388,9.529426,54.748128,28.07,übrig. Schleswig-Holstein
Struppen,2386,14.009953,50.935414,20.64,Sächsische Schweiz
Kummerfeld,2386,9.791036,53.691612,6.5,übrig. Schleswig-Holstein
Reichersbeuern,2384,11.634873,47.767361,15.41,Tölzer Land
Hochdorf,2383,9.787135,48.02488,23.77,Oberschwaben-Allgäu
Moos,2383,12.962174,48.751767,32.25,Bayerisches Thermenland
Kaisersbach,2381,9.639182,48.928912,27.94,Region Stuttgart
Rietschen / Rěčicy,2379,14.785711,51.395819,73.19,Oberlausitz/Niederschlesien
"Parkstein, M",2379,12.069512,49.733133,30.84,Oberpfälzer Wald
"Wegeleben, Stadt",2378,11.17357,51.884625,51.88,Harz und Harzvorland
Aholming,2378,12.911626,48.735154,29.35,Bayerisches Thermenland
Niepars,2377,12.923481,54.313711,64.94,Vorpommern
"Aach, Stadt",2377,8.851043,47.8428,10.68,Hegau
Drachselsried,2375,13.013257,49.10632,41.73,Bayerischer Wald
"Waal, M",2372,10.776097,47.996127,27.95,Allgäu
Hausen im Wiesental,2371,7.8401,47.681727,5.14,Südlicher Schwarzwald
"Pleystein, St",2368,12.409987,49.645547,42.4,Oberpfälzer Wald
Pöhl,2367,12.175236,50.55903,36.64,Vogtland
Bockenheim an der Weinstraße,2366,8.181535,49.606505,11.24,Pfalz
Nentershausen,2366,9.933261,51.013774,57.05,Waldhessen (Hersfeld-Rotenburg)
Raisting,2365,11.108553,47.912549,21.98,Pfaffenwinkel
Wolpertshausen,2365,9.845223,49.167105,27.42,Nördliches Baden-Württemberg
Boos,2365,10.194234,48.074953,17.59,Allgäu
Jagstzell,2365,10.097352,49.030777,37.95,Schwäbische Alb
Ottenbach,2364,9.747979,48.735288,11.9,Region Stuttgart
"Stammbach, M",2363,11.692963,50.145082,34.67,Fichtelgebirge
Mehring,2361,12.78353,48.178788,23.38,Inn-Salzach
"Rastenberg, Stadt",2360,11.41929,51.175824,35.52,Welterberegion Wartburg-Hainich
Großhartmannsdorf,2359,13.318639,50.794271,32.2,Erzgebirge
"Pretzfeld, M",2359,11.173695,49.756286,24.21,Fränkische Schweiz
Mulda/Sa.,2358,13.407333,50.808848,43.14,Erzgebirge
Fell,2358,6.782587,49.771751,15.73,Mosel-Saar
Breklum,2357,8.982127,54.605121,10.07,übrig. Schleswig-Holstein
Weddingstedt,2357,9.088863,54.239275,17.89,übrig. Schleswig-Holstein
Viöl,2356,9.180557,54.568875,18.96,übrig. Schleswig-Holstein
Langenweißbach,2356,12.584707,50.6286,22.62,Chemnitz Zwickau Region
Lobbach,2353,8.888514,49.376151,14.91,Nördliches Baden-Württemberg
"Schwanebeck, Stadt",2352,11.120899,51.967391,32.97,Harz und Harzvorland
Bendestorf,2349,9.965791,53.339859,3.87,Lüneburger Heide
Nauort,2348,7.624192,50.466149,6.42,Westerwald
"Nassenfels, M",2348,11.227571,48.79765,18.4,Naturpark Altmühltal
Wrist,2347,9.7507,53.930952,10.12,übrig. Schleswig-Holstein
Brachbach,2346,7.937399,50.817543,6.36,Westerwald
"Osterfeld, Stadt",2346,11.932485,51.080735,27.66,"Halle, Saale, Unstrut"
Husby,2345,9.5774,54.76516,19.31,übrig. Schleswig-Holstein
"Schlieben, Stadt",2344,13.384798,51.722303,78.65,Elbe Elster Land
Wallhausen,2344,11.207467,51.460899,35.47,Harz und Harzvorland
"Gefell, Stadt",2344,11.859201,50.438394,45.22,Thüringer Wald
Zuzenhausen,2343,8.824093,49.295599,11.64,Nördliches Baden-Württemberg
Hermaringen,2341,10.261636,48.596078,15.25,Schwäbische Alb
Mehring,2341,6.824236,49.797249,22.3,Mosel-Saar
Nußdorf,2340,12.59593,47.905326,16.12,Chiemsee-Chiemgau
Kaulsdorf,2340,11.431459,50.62195,21.81,Thüringer Wald
Neuenkirchen,2340,13.375918,54.118409,23.41,Vorpommern
Köditz,2339,11.848635,50.331997,31.46,Frankenwald
Oberdischingen,2339,9.830802,48.30176,8.82,Schwäbische Alb
Großmaischeid,2338,7.634071,50.504881,15.52,Westerwald
Opfenbach,2337,9.833368,47.627061,16.77,Allgäu
Husum,2335,9.252157,52.565208,40.01,Mittelweser
Bolanden,2333,8.011508,49.639149,17.44,Pfalz
"Rethem (Aller), Stadt",2332,9.381525,52.785453,34.08,Lüneburger Heide
Weitefeld,2332,7.927146,50.724689,8.49,Westerwald
Neschwitz / Njeswačidło,2332,14.329203,51.270679,46.01,Oberlausitz/Niederschlesien
Bichl,2329,11.412308,47.720533,13.92,Tölzer Land
Waldhufen,2329,14.810038,51.250784,58.76,Oberlausitz/Niederschlesien
Sandberg,2329,10.007038,50.34894,28.02,Rhön
Kretzschau,2329,12.071959,51.054601,27.91,"Halle, Saale, Unstrut"
"Sugenheim, M",2328,10.435371,49.602746,63.38,Steigerwald
Pfaffenhofen a.d.Glonn,2328,11.162447,48.29497,20.88,Münchener Umland
"Gartz (Oder), Stadt",2328,14.388886,53.2087,61.88,Uckermark
Nordstrand,2326,8.860249,54.484823,57.26,Nordsee
"Dentlein a.Forst, M",2325,10.42364,49.147916,18.01,Romantisches Franken - vom Naturpark Frankenhöhe zur Romantischen Straße
Altdöbern,2325,14.035029,51.651872,61.54,Lausitzer Seenland
Bollschweil,2324,7.77976,47.91996,16.43,Südlicher Schwarzwald
Johanniskirchen,2324,12.949253,48.534981,40.59,Bayerisches Thermenland
"Schmidmühlen, M",2322,11.921251,49.267033,25.3,Bayerischer Jura
Monsheim,2322,8.210623,49.635629,9.61,Rheinhessen
Menslage,2318,7.818913,52.674882,65.23,Grafschaft Bentheim-Emsland-Osnabrücker Land
Bernstadt,2318,10.023964,48.500014,13.94,Schwäbische Alb
Walting,2317,11.300455,48.912008,39.72,Naturpark Altmühltal
Grasleben,2316,11.013922,52.306136,11.27,Braunschweiger Land
Itzgrund,2315,10.87883,50.124689,33.08,Coburg.Rennsteig
Arrach,2314,13.002538,49.193549,28.81,Bayerischer Wald
Lottstetten,2313,8.573676,47.627729,13.39,Südlicher Schwarzwald
Walderbach,2311,12.379309,49.18527,34.92,Bayerischer Wald
Gelting,2311,9.89717,54.746312,20.02,Ostsee
Heidenau,2310,9.652803,53.314334,38.9,Lüneburger Heide
Theilheim,2310,10.030428,49.753886,9.69,Fränkisches Weinland
Süderlügum,2308,8.907944,54.872427,26.59,übrig. Schleswig-Holstein
"Burgsinn, M",2307,9.649037,50.147057,51.31,Spessart-Mainland
Neumagen-Dhron,2306,6.896204,49.855692,16.28,Mosel-Saar
Kirchgellersen,2306,10.293226,53.230268,20.03,Lüneburger Heide
Zwiefalten,2305,9.462051,48.233888,45.39,Schwäbische Alb
Kremperheide,2300,9.478853,53.881515,3.98,übrig. Schleswig-Holstein
Tangstedt,2299,9.849699,53.679247,12.52,übrig. Schleswig-Holstein
Dobel,2297,8.493574,48.79707,18.41,Nördlicher Schwarzwald
Prisdorf,2297,9.761607,53.678151,5.23,übrig. Schleswig-Holstein
Auerbach,2296,12.914707,50.685786,8.28,Erzgebirge
Waidhofen,2294,11.336307,48.579092,27.32,Oberbayerns Städte
"Wachenroth, M",2289,10.714318,49.750949,23.17,Steigerwald
Bachhagel,2289,10.321505,48.632815,19.74,Bayerisch-Schwaben
Julbach,2288,12.957959,48.253891,11.3,Bayerisches Thermenland
"Hohenfels, M",2288,11.848658,49.203225,137.07,Bayerischer Jura
Schöpstal,2288,14.935355,51.180897,29.72,Oberlausitz/Niederschlesien
Salz,2287,10.20876,50.309492,8.65,Rhön
"Katzenelnbogen, Stadt",2287,7.976385,50.267629,9.18,Lahntal
Egmating,2286,11.797215,48.004623,19.16,Ebersberger Grünes Land
Taura,2285,12.840631,50.918303,11.11,Chemnitz Zwickau Region
Holzmaden,2284,9.51855,48.633843,3.1,Region Stuttgart
Kodersdorf,2283,14.888576,51.244251,42.54,Oberlausitz/Niederschlesien
Miltach,2283,12.770267,49.158049,25.23,Bayerischer Wald
Rhaunen,2283,7.346012,49.863975,10.75,Naheland
Brieskow-Finkenheerd,2282,14.576398,52.251075,13.61,Seenland Oder-Spree
Hausen,2280,12.006111,48.857489,34.59,Bayerisches Thermenland
Hohnstorf (Elbe),2280,10.554873,53.365767,10.18,Lüneburger Heide
Breitenbrunn,2280,10.40141,48.137046,41.89,Allgäu
Gutach (Schwarzwaldbahn),2279,8.209934,48.251539,31.74,Mittlerer Schwarzwald
Rottenacker,2278,9.687742,48.235057,10.29,Schwäbische Alb
Kohlberg,2277,9.332295,48.558667,4.38,Region Stuttgart
Lörzweiler,2277,8.294435,49.897854,5.76,Rheinhessen
"Neubrunn, M",2275,9.672206,49.730953,26.54,Fränkisches Weinland
Flörsbachtal,2274,9.480329,50.127726,52.11,Spessart-Kinzigtal-Vogelsberg
"Grebenau, Stadt",2273,9.474834,50.743167,55.34,Vogelsberg und Wetterau
Roßhaupten,2272,10.718053,47.652601,39.01,Allgäu
Grafenhausen,2271,8.262034,47.772892,48.54,Südlicher Schwarzwald
Ronshausen,2271,9.859555,50.947739,37.63,Waldhessen (Hersfeld-Rotenburg)
Essingen,2270,8.174389,49.235839,11.39,Pfalz
"Schönsee, St",2269,12.547467,49.510012,50.28,Oberpfälzer Wald
Öpfingen,2268,9.802832,48.286194,8.88,Schwäbische Alb
Niederkirchen bei Deidesheim,2267,8.211501,49.413509,3.78,Pfalz
Waldesch,2266,7.543863,50.279877,3.33,Mittelrheintal
Neckargerach,2266,9.070811,49.400962,15.31,Nördliches Baden-Württemberg
Rehden,2266,8.482683,52.609902,33.34,Mittelweser
Remlingen-Semmenstedt,2266,10.673705,52.112657,33.43,Braunschweiger Land
Osburg,2264,6.790912,49.715281,32.92,Hunsrück
Brokstedt,2263,9.821297,53.990426,12.62,übrig. Schleswig-Holstein
Egglham,2262,13.055469,48.529402,36.83,Bayerisches Thermenland
Lindberg,2259,13.254505,49.03578,108.84,Bayerischer Wald
Westerheim,2256,10.304083,48.01194,21.16,Allgäu
Suhlendorf,2256,10.768375,52.925822,61.34,Lüneburger Heide
"Eckartsberga, Stadt",2255,11.561354,51.122573,36.13,"Halle, Saale, Unstrut"
Breitscheid,2254,7.442685,50.582244,12.22,Westerwald
Dogern,2254,8.172428,47.60884,7.45,Südlicher Schwarzwald
"Painten, M",2252,11.81492,48.996745,36.89,Bayerischer Jura
"Dirlewang, M",2251,10.505072,48.002688,23.25,Allgäu
Dollern,2251,9.545545,53.539005,12.02,Unterelbe-Unterweser
Petting,2250,12.816216,47.912089,29.92,Chiemsee-Chiemgau
Wanna,2249,8.810678,53.741317,53.93,Nordseeküste
Unterdietfurt,2249,12.659526,48.387937,27.48,Bayerisches Thermenland
Sünching,2249,12.353695,48.880208,19.42,Bayerisches Thermenland
Gruibingen,2249,9.640912,48.595838,23.05,Region Stuttgart
Klingenmünster,2247,8.018384,49.140095,10.73,Pfalz
Hohnhorst,2246,9.371285,52.368567,11.96,Weserbergland
Schechingen,2245,9.917603,48.87361,11.87,Schwäbische Alb
Weisweil,2243,7.677646,48.197178,19.09,Südlicher Schwarzwald
Radbruch,2243,10.28376,53.310848,22.54,Lüneburger Heide
"Stamsried, M",2243,12.530828,49.267357,43.42,Bayerischer Wald
Erfde,2243,9.317127,54.308546,33.96,übrig. Schleswig-Holstein
Kulmain,2242,11.899146,49.892343,35.51,Oberpfälzer Wald
Wriedel,2240,10.299221,53.031918,105.02,Lüneburger Heide
Pettstadt,2238,10.932733,49.831918,9.88,Steigerwald
Wessobrunn,2237,11.023972,47.874177,51.1,Pfaffenwinkel
Langenaltheim,2236,10.93313,48.893971,39.06,Naturpark Altmühltal
Harxheim,2236,8.264358,49.904189,3.51,Rheinhessen
Assamstadt,2236,9.686743,49.427324,17.23,Nördliches Baden-Württemberg
Hohenfels,2236,9.109328,47.885245,30.49,Hegau
Lamerdingen,2235,10.740889,48.092526,34.25,Allgäu
Runding,2234,12.763722,49.214563,20.94,Bayerischer Wald
Riesbürg,2234,10.434643,48.850164,17.97,Schwäbische Alb
"Arberg, M",2233,10.617586,49.144689,31.29,Fränkisches Seenland
Leibertingen,2233,9.01618,48.042912,47.19,Oberschwaben-Allgäu
"Mainbernheim, St",2230,10.218579,49.708023,12.21,Fränkisches Weinland
Elxleben,2229,10.948265,51.04457,12.21,Welterberegion Wartburg-Hainich
Toppenstedt,2229,10.10969,53.26341,29.35,Lüneburger Heide
Geiersthal,2228,12.976462,49.047945,22.37,Bayerischer Wald
Lautertal (Vogelsberg),2227,9.287998,50.587069,53.6,Vogelsberg und Wetterau
"Lubmin, Seebad",2226,13.61488,54.132846,13.84,Vorpommern
Regnitzlosau,2226,12.047015,50.303029,39.9,Fichtelgebirge
Landscheid,2224,6.773142,49.987706,30.19,Eifel
Wasserliesch,2220,6.538584,49.706652,7.58,Mosel-Saar
"Nienhagen, Ostseebad",2218,11.952838,54.160638,5.76,Mecklenburgische Ostseeküste
"Kirchzell, M",2218,9.177112,49.618171,63.82,Spessart-Mainland
"Lauenförde, Flecken",2217,9.386537,51.660524,17.2,Weserbergland
Kiebitzreihe,2215,9.614131,53.782407,8.7,übrig. Schleswig-Holstein
Holtland,2214,7.578676,53.277841,14.7,Ostfriesland
Waldböckelheim,2212,7.717114,49.816097,18.58,Naheland
"Hayingen, Stadt",2211,9.475391,48.274365,63.37,Schwäbische Alb
Pörnbach,2209,11.460421,48.615958,22.63,Oberbayerns Städte
Ahorn,2209,9.540368,49.501528,53.93,Nördliches Baden-Württemberg
Saffig,2209,7.415851,50.379942,6.97,Eifel
"Schlettau, Stadt",2208,12.952013,50.559371,21.22,Erzgebirge
Falkenberg,2208,13.958062,52.805096,59.6,Seenland Oder-Spree
Chorin,2208,13.87165,52.90212,122.05,Barnimer Land
Ilmmünster,2207,11.501701,48.486776,13.89,Oberbayerns Städte
Heigenbrücken,2207,9.371773,50.026528,6.73,Spessart-Mainland
Filsum,2207,7.625571,53.244994,23.75,Ostfriesland
Ottrau,2207,9.386353,50.804341,48.5,Kurhessisches Bergland
Kirchdorf,2207,8.836015,52.594752,47.8,Mittelweser
Osloß,2206,10.680239,52.46936,7.65,Lüneburger Heide
Iggensbach,2206,13.140134,48.728394,19.08,Bayerischer Wald
Simmersfeld,2206,8.516832,48.621363,44.16,Nördlicher Schwarzwald
Dienheim,2204,8.350227,49.839373,9.91,Rheinhessen
Bann,2204,7.611963,49.390185,12.94,Pfalz
Großenbrode,2202,11.08427,54.369696,20.99,Ostsee
Berkenthin,2201,10.638221,53.734488,10.34,übrig. Schleswig-Holstein
Bilshausen,2201,10.158692,51.630495,8.49,Harz
Borkheide,2201,12.857467,52.225651,6.76,Fläming
Gomadingen,2200,9.386957,48.401333,45.83,Schwäbische Alb
Oppach,2199,14.501498,51.059244,8.0,Oberlausitz/Niederschlesien
Kaltenengers,2198,7.541639,50.416846,3.07,Mittelrheintal
"Dommitzsch, Stadt",2198,12.883596,51.639733,30.44,Leipzig Region
"Ostritz, Stadt",2198,14.93139,51.014115,23.48,Oberlausitz/Niederschlesien
Grosselfingen,2198,8.886681,48.332405,16.15,Schwäbische Alb
Ducherow,2197,13.782807,53.764624,77.52,Vorpommern
Kirchberg an der Iller,2196,10.081464,48.132256,18.64,Oberschwaben-Allgäu
Puschendorf,2195,10.832113,49.522831,3.39,Romantisches Franken - vom Naturpark Frankenhöhe zur Romantischen Straße
Borkwalde,2195,12.835251,52.253011,4.89,Fläming
Dürnau,2194,9.641001,48.642386,5.37,Region Stuttgart
Insheim,2193,8.146376,49.158327,8.0,Pfalz
Mespelbrunn,2193,9.289835,49.916005,15.52,Spessart-Mainland
Zeiskam,2193,8.24837,49.23346,8.85,Pfalz
Neuschönau,2191,13.477901,48.88417,27.51,Bayerischer Wald
Oßling / Wóslink,2191,14.165935,51.359922,43.71,Oberlausitz/Niederschlesien
Wangels,2190,10.763598,54.271569,67.12,Ostsee
Ahrenshagen-Daskow,2188,12.600892,54.223811,58.28,Vorpommern
Greifenberg,2187,11.083385,48.07061,8.2,Ammersee-Lech
Seedorf,2186,10.408941,54.049901,48.93,übrig. Schleswig-Holstein
Delingsdorf,2186,10.252309,53.706655,8.09,übrig. Schleswig-Holstein
Steinhausen an der Rottum,2182,9.956273,48.023423,29.87,Oberschwaben-Allgäu
Niederfrohna,2182,12.720221,50.897953,10.13,Chemnitz Zwickau Region
"Gebesee, Stadt",2181,10.930052,51.11553,24.08,Welterberegion Wartburg-Hainich
Asendorf,2181,9.979301,53.289989,14.7,Lüneburger Heide
"Neuhof a.d.Zenn, M",2181,10.643548,49.456964,30.85,Steigerwald
Ahorntal,2180,11.401762,49.833646,43.47,Fränkische Schweiz
Naundorf,2179,13.106636,51.257096,36.93,Leipzig Region
Buchholz (Aller),2178,9.679791,52.676713,27.1,Lüneburger Heide
Feldatal,2178,9.172132,50.650387,55.69,Vogelsberg und Wetterau
Obertrubach,2177,11.349238,49.695052,21.16,Fränkische Schweiz
Birkenfeld,2176,9.694672,49.858627,29.15,Fränkisches Weinland
"Ipsheim, M",2175,10.483195,49.526422,42.24,Steigerwald
Altendiez,2175,7.98331,50.370944,9.22,Lahntal
Schwallungen,2172,10.356211,50.69225,39.83,Thüringer Rhön
Mitterskirchen,2172,12.731722,48.348176,24.63,Bayerisches Thermenland
Kirchheim,2171,9.858042,49.655984,18.98,Fränkisches Weinland
"Garz/Rügen, Stadt",2170,13.352371,54.316745,65.91,Rügen/Hiddensee
Warmensteinach,2169,11.778075,49.992474,32.61,Fichtelgebirge
Kirchehrenbach,2167,11.144989,49.733627,8.21,Fränkische Schweiz
Hackenheim,2166,7.900692,49.825452,4.31,Naheland
"Rerik, Ostseebad, Stadt",2166,11.613548,54.105655,34.22,Mecklenburgische Ostseeküste
Rogätz,2166,11.767123,52.318008,24.07,"Magdeburg, Elbe-Börde-Heide"
Spardorf,2166,11.05448,49.608953,3.22,Fränkische Schweiz
Neuburg,2166,11.586495,53.94824,44.1,Mecklenburgische Ostseeküste
Hochkirch / Bukecy,2162,14.57016,51.148497,41.76,Oberlausitz/Niederschlesien
Pemfling,2161,12.612027,49.265394,44.54,Bayerischer Wald
Reit im Winkl,2161,12.469096,47.677182,70.98,Chiemsee-Chiemgau
Altendorf,2160,11.010627,49.797254,8.7,Fränkische Schweiz
Ensdorf,2160,11.935259,49.341188,56.11,Bayerischer Jura
Altheim,2160,9.448855,48.145555,23.73,Oberschwaben-Allgäu
Haldenwang,2157,10.449315,48.437474,17.99,Bayerisch-Schwaben
"Clenze, Flecken",2156,10.954387,52.936751,72.35,Lüneburger Heide
Horhausen (Westerwald),2156,7.531002,50.587962,4.72,Westerwald
Harsleben / Harschlewe,2154,11.100333,51.869084,27.92,Harz und Harzvorland
Reichartshausen,2154,8.94521,49.355552,10.0,Nördliches Baden-Württemberg
Langlingen,2154,10.289155,52.555379,33.58,Lüneburger Heide
Bärenstein,2152,13.026565,50.497629,5.47,Erzgebirge
Spiegelberg,2152,9.445716,49.039689,28.22,Region Stuttgart
"Königstein/Sächs. Schw., Stadt",2151,14.073736,50.917112,27.05,Sächsische Schweiz
Kröv,2150,7.089673,49.980847,14.76,Mosel-Saar
"Veringenstadt, Stadt",2149,9.214018,48.178302,31.25,Schwäbische Alb
Hettenshausen,2149,11.504584,48.500628,18.6,Oberbayerns Städte
Jatznick,2148,13.939446,53.580841,62.23,Vorpommern
Cavertitz,2147,13.127338,51.386506,69.17,Leipzig Region
Deinste,2144,9.442677,53.527349,27.21,Unterelbe-Unterweser
Wohratal,2142,8.946874,50.933473,30.67,Marburg-Biedenkopf
Gau-Bickelheim,2142,8.020222,49.835596,7.99,Rheinhessen
Albertshofen,2142,10.158976,49.770836,3.8,Fränkisches Weinland
Schimberg,2140,10.165593,51.257824,29.33,Eichsfeld
Heimbuchenthal,2140,9.303118,49.895194,17.14,Spessart-Mainland
Walpertskirchen,2140,11.979422,48.257822,18.45,Münchener Umland
Weitenhagen,2139,13.410717,54.054095,38.42,Vorpommern
Eisenbach (Hochschwarzwald),2138,8.270993,47.962172,28.77,Südlicher Schwarzwald
Balzheim,2137,10.076078,48.180798,17.57,Schwäbische Alb
Bargstedt,2137,9.448787,53.460043,26.51,Unterelbe-Unterweser
Dietersheim,2136,10.540104,49.557686,31.23,Steigerwald
Breitenfelde,2136,10.632977,53.605112,12.54,übrig. Schleswig-Holstein
"Colmberg, M",2134,10.409638,49.354316,38.34,Romantisches Franken - vom Naturpark Frankenhöhe zur Romantischen Straße
Woringen,2134,10.200981,47.923644,17.53,Allgäu
Rüdnitz,2133,13.62511,52.721251,13.92,Barnimer Land
Zeilarn,2130,12.84285,48.299099,28.9,Bayerisches Thermenland
"Markt Wald, M",2129,10.581081,48.137261,30.84,Allgäu
Oberhausen,2129,11.130637,47.778332,14.91,Pfaffenwinkel
Frittlingen,2127,8.707624,48.127077,8.79,Schwäbische Alb
Elsendorf,2127,11.80904,48.70923,32.63,Bayerisches Thermenland
Lünne,2125,7.423778,52.43095,30.26,Grafschaft Bentheim-Emsland-Osnabrücker Land
Zeltingen-Rachtig,2125,7.017527,49.95521,16.92,Mosel-Saar
Auerbach,2125,13.099909,48.803259,24.07,Bayerischer Wald
Wartmannsroth,2123,9.787031,50.166472,53.47,Rhön
Schirmitz,2122,12.169349,49.654345,4.97,Oberpfälzer Wald
Obhausen,2122,11.65471,51.39138,37.5,"Halle, Saale, Unstrut"
Wolfertschwenden,2121,10.262371,47.894552,14.48,Allgäu
"Waidhaus, M",2121,12.494017,49.641236,37.32,Oberpfälzer Wald
Treis-Karden,2120,7.302777,50.174074,31.37,Mosel-Saar
Illschwang,2114,11.685083,49.448023,54.22,Bayerischer Jura
Helbedündorf,2113,10.58961,51.340997,96.37,Südharz-Kyffhäuser
Westerstetten,2111,9.950835,48.521516,13.1,Schwäbische Alb
Seewald,2111,8.418402,48.595387,58.49,Nördlicher Schwarzwald
Eschenbach,2110,9.671831,48.657638,4.8,Region Stuttgart
Ribbesbüttel,2110,10.506401,52.434224,24.62,Lüneburger Heide
Prohn,2110,13.024217,54.374317,16.2,Vorpommern
"Egloffstein, M",2108,11.258248,49.701188,28.06,Fränkische Schweiz
"Hirschberg, Stadt",2105,11.818713,50.406073,24.13,Thüringer Wald
"Bücken, Flecken",2105,9.134546,52.780054,32.49,Mittelweser
Appel,2104,9.744968,53.390684,15.49,Lüneburger Heide
Gau-Bischofsheim,2104,8.272606,49.914648,2.84,Rheinhessen
Rechtmehring,2102,12.160496,48.124976,24.39,Inn-Salzach
Handorf,2101,10.344996,53.344975,9.88,Lüneburger Heide
Benningen,2101,10.211963,47.967567,11.17,Allgäu
"Diesdorf, Flecken",2101,10.876032,52.752205,101.04,Altmark
Waldrach,2100,6.742469,49.749439,12.46,Mosel-Saar
Britz,2100,13.81107,52.887165,15.5,Barnimer Land
Egenhausen,2099,8.618855,48.564672,10.02,Nördlicher Schwarzwald
Schönhausen (Elbe),2099,12.037833,52.583138,74.13,Altmark
Merklingen,2098,9.755088,48.511695,21.31,Schwäbische Alb
Sipplingen,2098,9.098441,47.79642,4.27,Bodensee
Wacken,2098,9.379255,54.020134,7.1,übrig. Schleswig-Holstein
Dittelsheim-Heßloch,2097,8.245647,49.741199,13.83,Rheinhessen
Leezen,2096,11.499718,53.66194,26.53,Westmecklenburg
Melsdorf,2096,10.029817,54.317289,5.89,übrig. Schleswig-Holstein
Felde,2095,9.935699,54.301994,13.88,übrig. Schleswig-Holstein
Moisburg,2095,9.702446,53.40494,11.28,Lüneburger Heide
Mühlau,2094,12.759914,50.900744,8.07,Chemnitz Zwickau Region
"Fladungen, St",2092,10.144596,50.522474,46.34,Rhön
Bühlerzell,2090,9.918872,49.003231,49.3,Nördliches Baden-Württemberg
Steinfeld,2088,9.668391,49.951957,33.69,Fränkisches Weinland
Scheuerfeld,2088,7.841131,50.787358,2.66,Westerwald
Burgdorf,2088,10.219001,52.14603,24.21,Braunschweiger Land
Taching a.See,2087,12.724982,47.96139,26.75,Chiemsee-Chiemgau
Brücken (Pfalz),2086,7.359882,49.432211,8.12,Pfalz
Eschbronn,2085,8.457819,48.185315,10.98,Mittlerer Schwarzwald
Raubach,2085,7.624421,50.575172,7.84,Westerwald
Jesberg,2084,9.145795,50.996531,49.79,Kurhessisches Bergland
Tröstau,2084,11.951289,50.014059,19.29,Fichtelgebirge
Bönebüttel,2084,10.0593,54.079505,20.4,übrig. Schleswig-Holstein
Bernsdorf,2083,12.663915,50.768683,14.82,Chemnitz Zwickau Region
Brennberg,2082,12.39657,49.070349,30.52,Bayerischer Wald
Bahretal,2082,13.907963,50.880306,36.46,Sächsische Schweiz
Geiselbach,2080,9.198109,50.122675,12.44,Spessart-Mainland
Königswalde,2080,13.045934,50.546776,19.51,Erzgebirge
Nentershausen,2079,7.935247,50.420064,7.55,Westerwald
Esselbach,2078,9.52914,49.852286,11.93,Spessart-Mainland
Hüffenhardt,2077,9.082798,49.291052,17.62,Nördliches Baden-Württemberg
Bockau,2075,12.685351,50.543067,19.14,Erzgebirge
Klostermansfeld,2073,11.493705,51.583595,8.84,Harz und Harzvorland
Jembke,2072,10.761218,52.497889,14.57,Lüneburger Heide
Groß Oesingen,2071,10.462138,52.648088,57.6,Lüneburger Heide
Kirrweiler (Pfalz),2070,8.165496,49.302153,14.85,Pfalz
Oberbarnim,2069,13.949866,52.590786,52.72,Seenland Oder-Spree
Maitenbeth,2067,12.092587,48.150129,30.96,Inn-Salzach
"Lonnerstadt, M",2066,10.764789,49.698239,22.71,Steigerwald
Eresing,2066,11.022605,48.085367,14.22,Ammersee-Lech
Kirchensittenbach,2065,11.421843,49.556363,43.21,Nürnberger Land
Igel,2064,6.553829,49.709442,7.31,Mosel-Saar
"Meyenburg, Stadt",2061,12.241387,53.31502,50.71,Prignitz
Weißbach,2060,9.595907,49.299966,12.77,Nördliches Baden-Württemberg
Zandt,2057,12.72539,49.156803,21.62,Bayerischer Wald
Oberleichtersbach,2056,9.804018,50.273228,27.59,Rhön
Althegnenberg,2056,11.064455,48.233116,16.09,Münchener Umland
Zachenberg,2056,12.999221,48.967633,27.28,Bayerischer Wald
Aitrang,2056,10.534541,47.817575,30.73,Allgäu
"Weilbach, M",2054,9.214786,49.666356,27.26,Spessart-Mainland
Elsdorf,2054,9.35309,53.242622,49.1,Unterelbe-Unterweser
Kröning,2052,12.36331,48.552597,39.6,Bayerisches Thermenland
Mackenbach,2052,7.586909,49.475043,3.54,Pfalz
"Rosenthal, Stadt",2051,8.867967,50.97462,51.55,Waldecker Land
Berghülen,2051,9.761209,48.464015,26.13,Schwäbische Alb
Ammerthal,2051,11.759473,49.439533,8.14,Bayerischer Jura
Laar,2050,6.740122,52.61344,51.01,Grafschaft Bentheim-Emsland-Osnabrücker Land
Dreiheide,2049,12.929244,51.563299,33.62,Leipzig Region
Bechhofen,2048,7.40316,49.351317,6.59,Pfalz
Krombach,2048,9.206654,50.083556,10.65,Spessart-Mainland
Nellingen,2047,9.791311,48.541984,35.77,Schwäbische Alb
Obergurig / Hornja Hórka,2047,14.405921,51.1308,9.82,Oberlausitz/Niederschlesien
Am Großen Bruch,2043,11.087054,52.06203,50.48,"Magdeburg, Elbe-Börde-Heide"
Langfurth,2042,10.451706,49.098203,21.15,Romantisches Franken - vom Naturpark Frankenhöhe zur Romantischen Straße
Bartholomä,2042,9.987345,48.752118,20.75,Schwäbische Alb
Kerzenheim,2041,8.060919,49.576262,17.89,Pfalz
Neuensalz,2041,12.22396,50.505274,33.49,Vogtland
Löbnitz,2041,12.463167,51.592229,37.39,Leipzig Region
Bordelum,2040,8.924922,54.635913,34.71,übrig. Schleswig-Holstein
"Niemegk, Stadt",2038,12.688242,52.076873,45.11,Fläming
Seeth,2037,9.163079,54.365824,13.76,übrig. Schleswig-Holstein
Panschwitz-Kuckau / Pančicy-Kukow,2036,14.197599,51.234217,23.35,Oberlausitz/Niederschlesien
Miehlen,2036,7.830782,50.226931,15.01,Lahntal
Haibach,2036,12.715244,49.02332,32.36,Bayerischer Wald
Friedenweiler,2035,8.255208,47.916528,27.06,Südlicher Schwarzwald
Bad Rippoldsau-Schapbach,2035,8.291422,48.378284,73.15,Nördlicher Schwarzwald
Fleckeby,2034,9.696337,54.48232,12.31,übrig. Schleswig-Holstein
Barum,2033,10.408796,53.351294,9.83,Lüneburger Heide
Ofterschwang,2032,10.237983,47.495843,19.56,Allgäu
"Lenzen (Elbe), Stadt",2031,11.474781,53.090913,96.2,Prignitz
Arnbruck,2031,12.99795,49.128784,37.87,Bayerischer Wald
Fremdingen,2030,10.455724,48.97034,50.08,Bayerisch-Schwaben
Obergriesbach,2030,11.064895,48.421666,10.31,Bayerisch-Schwaben
Neuhäusel,2029,7.709698,50.384057,1.67,Westerwald
Hennstedt,2028,9.168248,54.283636,21.93,übrig. Schleswig-Holstein
Kirchdorf i.Wald,2027,13.26636,48.910004,30.55,Bayerischer Wald
Dobin am See,2026,11.503926,53.729836,35.02,Westmecklenburg
Illmensee,2026,9.37451,47.862015,24.92,Oberschwaben-Allgäu
Hilgermissen,2024,9.149399,52.844913,54.41,Mittelweser
Hespe,2024,9.108916,52.328099,6.49,Weserbergland
"Ruhmannsfelden, M",2023,12.986128,48.98335,5.8,Bayerischer Wald
Lohe-Rickelshof,2023,9.065603,54.187725,5.39,übrig. Schleswig-Holstein
Rosenberg,2021,9.474974,49.456285,40.94,Nördliches Baden-Württemberg
Sulzheim,2020,10.339803,49.946332,26.78,Steigerwald
Hagelstadt,2020,12.217849,48.895967,20.74,Bayerisches Thermenland
Willmering,2020,12.670214,49.245582,10.3,Bayerischer Wald
Waffenbrunn,2019,12.665542,49.260801,25.17,Bayerischer Wald
"Münsterhausen, M",2019,10.455458,48.308592,18.47,Bayerisch-Schwaben
Leinzell,2018,9.877571,48.849263,2.11,Schwäbische Alb
Buchdorf,2017,10.824739,48.78494,16.66,Bayerisch-Schwaben
Mauth,2016,13.583912,48.886921,28.88,Bayerischer Wald
Busdorf,2015,9.553156,54.493339,5.35,übrig. Schleswig-Holstein
"Dombühl, M",2014,10.282781,49.255184,17.89,Romantisches Franken - vom Naturpark Frankenhöhe zur Romantischen Straße
Wilburgstetten,2013,10.391069,49.026437,25.28,Romantisches Franken - vom Naturpark Frankenhöhe zur Romantischen Straße
Pinnow,2013,11.547517,53.602581,18.75,Westmecklenburg
Hohenstein,2012,10.593938,51.556335,61.09,Südharz-Kyffhäuser
Osteel,2011,7.26295,53.532932,19.93,Ostfriesland
Dohma,2009,13.926797,50.921987,19.53,Sächsische Schweiz
Bröckel,2006,10.216108,52.518414,16.33,Lüneburger Heide
Kleinrinderfeld,2006,9.844336,49.699387,7.74,Fränkisches Weinland
Arnschwang,2005,12.815584,49.273377,28.32,Bayerischer Wald
Lindewitt,2005,9.196859,54.697924,53.28,übrig. Schleswig-Holstein
Rieschweiler-Mühlbach,2003,7.504427,49.24708,10.43,Pfalz
"Wiesensteig, Stadt",2001,9.625129,48.561947,23.41,Region Stuttgart
Scheuring,2000,10.89664,48.169958,21.26,Ammersee-Lech
Piesport,2000,6.915778,49.886545,19.6,Mosel-Saar
"Zeitlofs, M",2000,9.673434,50.260481,40.91,Rhön
Stötten a.Auerberg,1999,10.688702,47.737011,40.73,Allgäu
Feldkirchen,1999,12.529169,48.838114,22.66,Bayerisches Thermenland
"Ammerndorf, M",1998,10.853041,49.421097,5.06,Romantisches Franken - vom Naturpark Frankenhöhe zur Romantischen Straße
Bertsdorf-Hörnitz,1998,14.722028,50.880546,18.0,Oberlausitz/Niederschlesien
"Ortrand, Stadt",1996,13.757107,51.375972,7.36,Lausitzer Seenland
Bergheim,1995,11.256281,48.761568,28.92,Oberbayerns Städte
Westergellersen,1994,10.24207,53.235672,20.37,Lüneburger Heide
Rauen,1993,14.025285,52.328301,21.59,Seenland Oder-Spree
Bayerbach b.Ergoldsbach,1993,12.295097,48.704471,25.41,Bayerisches Thermenland
Masserberg,1993,10.969358,50.520034,36.07,Thüringer Wald
St. Märgen,1993,8.092884,48.007889,33.32,Südlicher Schwarzwald
Erkenbrechtsweiler,1992,9.432874,48.557932,6.93,Region Stuttgart
Röslau,1991,11.973769,50.083981,29.83,Fichtelgebirge
Lautenbach,1991,8.116643,48.521148,21.54,Mittlerer Schwarzwald
Samtens,1991,13.29259,54.35598,32.5,Rügen/Hiddensee
Rohrdorf,1990,8.693404,48.570536,3.92,Nördlicher Schwarzwald
"Lauterecken, Stadt",1990,7.592206,49.649246,8.89,Pfalz
Hörgertshausen,1989,11.866009,48.549214,21.48,Münchener Umland
Rümmingen,1989,7.642922,47.641307,4.46,Südlicher Schwarzwald
Rantrum,1988,9.129606,54.44052,13.69,übrig. Schleswig-Holstein
Nieste,1986,9.671331,51.313325,4.06,Kassel- Land
Kordel,1986,6.631439,49.839876,16.57,Eifel
Saldenburg,1986,13.356102,48.773291,28.04,Bayerischer Wald
Krün,1985,11.278469,47.505053,36.31,Zugspitz-Region
Steinweiler,1981,8.139929,49.12241,11.88,Pfalz
"Oderberg, Stadt",1981,14.044652,52.866613,36.12,Barnimer Land
Nordrach,1980,8.078796,48.397329,37.75,Mittlerer Schwarzwald
Straßenhaus,1979,7.515087,50.539879,10.17,Westerwald
Otzing,1978,12.808567,48.759761,30.43,Bayerisches Thermenland
Neusitz,1978,10.223165,49.372174,13.78,Romantisches Franken - vom Naturpark Frankenhöhe zur Romantischen Straße
Weilersbach,1977,11.133658,49.74482,8.61,Fränkische Schweiz
"Scheibenberg, Stadt",1972,12.912503,50.54137,9.0,Erzgebirge
Edelsfeld,1972,11.695499,49.576842,34.71,Bayerischer Jura
"Plaue, Stadt",1972,10.899211,50.779512,22.69,Thüringer Wald
Breitenberg,1972,13.794403,48.703074,29.84,Bayerischer Wald
Altertheim,1972,9.763603,49.727574,24.06,Fränkisches Weinland
Rosche,1971,10.751954,52.986676,72.16,Lüneburger Heide
Holzheim,1971,10.10655,48.379539,7.6,Bayerisch-Schwaben
Albersweiler,1970,8.028507,49.219042,10.85,Pfalz
Berg,1970,11.779046,50.374512,38.9,Frankenwald
Eldingen,1970,10.340327,52.686123,57.05,Lüneburger Heide
Berg (Pfalz),1969,8.205367,48.982445,6.76,Pfalz
Unnau,1969,7.907951,50.648743,8.1,Westerwald
Westerngrund,1968,9.240606,50.125878,14.77,Spessart-Mainland
Wietzen,1967,9.082455,52.71264,40.53,Mittelweser
Rechtsupweg,1964,7.326952,53.528817,5.13,Ostfriesland
Schashagen,1963,10.883528,54.134271,41.46,Ostsee
Ralingen,1962,6.513956,49.805569,27.64,Eifel
Reckendorf,1962,10.826952,50.019644,13.06,Haßberge
Adelberg,1961,9.598555,48.762533,9.49,Region Stuttgart
Melsbach,1960,7.479566,50.487371,2.8,Westerwald
Bastheim,1960,10.203209,50.402048,41.74,Rhön
Train,1957,11.830179,48.730349,10.15,Bayerisches Thermenland
Ringe,1956,6.921272,52.595589,35.36,Grafschaft Bentheim-Emsland-Osnabrücker Land
Feldberg (Schwarzwald),1956,8.109674,47.856404,24.97,Südlicher Schwarzwald
Kriebstein,1956,13.0219,51.051083,31.08,Leipzig Region
Parsau,1955,10.891588,52.536259,29.45,Lüneburger Heide
Röthenbach (Allgäu),1955,9.973255,47.622897,14.94,Allgäu
Groß Kummerfeld,1955,10.073794,54.051077,30.19,übrig. Schleswig-Holstein
Donnersdorf,1955,10.417671,49.969906,26.97,Steigerwald
Aufhausen,1954,12.280959,48.872913,27.3,Bayerisches Thermenland
Ottenhofen,1953,11.880343,48.215814,10.27,Münchener Umland
Deuerling,1953,11.907326,49.035071,7.11,Bayerischer Jura
Stapel,1952,9.218997,54.349368,32.67,übrig. Schleswig-Holstein
Aham,1951,12.463766,48.527421,38.01,Bayerisches Thermenland
Pinzberg,1951,11.100792,49.690649,13.31,Fränkische Schweiz
Schönthal,1951,12.606217,49.356058,43.71,Bayerischer Wald
Gusterath,1950,6.718916,49.698524,4.4,Hunsrück
Ebergötzen,1949,10.101579,51.570616,19.72,Harz
Neusorg,1949,11.968123,49.935969,17.83,Oberpfälzer Wald
Steinberg am See,1948,12.181045,49.276924,20.21,Oberpfälzer Wald
Hurlach,1947,10.813731,48.118825,17.17,Ammersee-Lech
Hirschstein,1945,13.31228,51.258137,34.59,Elbland
"Wirsberg, M",1945,11.605966,50.106282,17.21,Frankenwald
Waldbreitbach,1944,7.417784,50.552304,6.39,Westerwald
Schöngeising,1943,11.203978,48.140457,12.86,Münchener Umland
Kuhardt,1943,8.315402,49.144499,4.88,Pfalz
Dormitz,1942,11.118547,49.596611,4.58,Fränkische Schweiz
Altenriet,1942,9.221764,48.591482,3.35,Region Stuttgart
Eppishausen,1941,10.518989,48.167869,39.45,Allgäu
Wittibreut,1940,12.98755,48.329607,38.32,Bayerisches Thermenland
Mainstockheim,1940,10.152113,49.772867,8.52,Fränkisches Weinland
Ehingen,1940,10.540645,49.087977,47.6,Romantisches Franken - vom Naturpark Frankenhöhe zur Romantischen Straße
Bischofsgrün,1939,11.798834,50.051153,8.39,Fichtelgebirge
Ruppertshofen,1939,9.814323,48.884049,14.21,Schwäbische Alb
Todtmoos,1938,8.000825,47.739405,28.09,Südlicher Schwarzwald
Stöttwang,1938,10.715039,47.890527,19.8,Allgäu
Dammbach,1938,9.336741,49.861134,38.57,Spessart-Mainland
Westendorf,1937,10.713095,47.932307,11.93,Allgäu
Hundsangen,1936,7.98814,50.452588,7.63,Westerwald
Pirk,1936,12.163544,49.634921,26.17,Oberpfälzer Wald
Uettingen,1935,9.729739,49.795403,13.52,Fränkisches Weinland
Beltheim,1935,7.461682,50.105877,24.85,Hunsrück
Heinsdorfergrund,1935,12.366175,50.620787,21.86,Vogtland
Bach a.d.Donau,1932,12.303994,49.020714,14.71,Bayerischer Wald
Zielitz,1932,11.673148,52.290611,11.43,"Magdeburg, Elbe-Börde-Heide"
Schmalfeld,1931,9.983686,53.876899,19.33,übrig. Schleswig-Holstein
Ottensoos,1931,11.341643,49.509901,10.0,Nürnberger Land
Straußfurt,1930,10.990218,51.162489,21.84,Welterberegion Wartburg-Hainich
"Oberwiesenthal, Kurort, Stadt",1929,12.969165,50.419392,40.04,Erzgebirge
Immenreuth,1928,11.869284,49.907153,26.42,Oberpfälzer Wald
Schiltberg,1927,11.249492,48.461785,29.78,Bayerisch-Schwaben
"Sommerhausen, M",1927,10.025809,49.70595,7.21,Fränkisches Weinland
Rödelsee,1926,10.244063,49.728659,11.49,Fränkisches Weinland
Brackel,1926,10.040623,53.296894,14.02,Lüneburger Heide
Vrees,1926,7.774552,52.887605,37.55,Grafschaft Bentheim-Emsland-Osnabrücker Land
"Magdala, Stadt",1924,11.448379,50.906973,20.58,Weimarer Land
Rullstorf,1920,10.530491,53.286155,22.87,Lüneburger Heide
Finning,1920,11.012318,48.020779,23.34,Ammersee-Lech
Eschach,1920,9.869562,48.887766,20.28,Schwäbische Alb
"Leutenberg, Stadt",1919,11.45136,50.564882,57.52,Thüringer Wald
"Waldthurn, M",1917,12.331243,49.672702,30.94,Oberpfälzer Wald
Neupotz,1917,8.317843,49.118317,7.8,Pfalz
Kramerhof,1916,13.054042,54.3537,18.07,Vorpommern
Niedernwöhren,1916,9.147705,52.352046,11.06,Weserbergland
Klein Rönnau,1914,10.320689,53.961927,4.53,übrig. Schleswig-Holstein
Weingarten (Pfalz),1914,8.286793,49.259178,6.67,Pfalz
Alt Duvenstedt,1912,9.645213,54.359629,20.42,übrig. Schleswig-Holstein
Benndorf,1911,11.493373,51.571135,5.77,Harz und Harzvorland
Kell am See,1911,6.82194,49.634125,28.26,Hunsrück
Hohenaspe,1910,9.527581,53.989067,14.08,übrig. Schleswig-Holstein
Nusplingen,1910,8.890352,48.132002,20.76,Schwäbische Alb
Aiglsbach,1905,11.707639,48.692993,39.85,Bayerisches Thermenland
Attenweiler,1905,9.698617,48.136819,27.2,Oberschwaben-Allgäu
Birenbach,1905,9.660006,48.745909,2.5,Region Stuttgart
Tremsbüttel,1904,10.310209,53.742856,10.33,übrig. Schleswig-Holstein
Gornsdorf,1903,12.885072,50.708997,4.19,Erzgebirge
Aholfing,1903,12.470108,48.942029,21.4,Bayerisches Thermenland
"Teupitz, Stadt",1902,13.610567,52.136218,48.16,Dahme-Seenland
"Tettau, M",1902,11.258933,50.468292,23.8,Frankenwald
Müglitztal,1900,13.862512,50.934367,21.01,Sächsische Schweiz
Pittenhart,1899,12.389641,47.975844,27.91,Chiemsee-Chiemgau
Neufra,1899,9.186088,48.247237,28.4,Schwäbische Alb
Kettershausen,1898,10.261922,48.182167,26.69,Allgäu
Thalfang,1895,6.995564,49.754526,19.42,Hunsrück
Böbing,1895,10.988146,47.755052,40.31,Pfaffenwinkel
Ahausen,1894,9.313313,53.062929,34.62,Unterelbe-Unterweser
Adelshofen,1893,11.116705,48.18313,13.28,Münchener Umland
Hergensweiler,1893,9.77809,47.610668,12.09,Allgäu
Heltersberg,1891,7.713758,49.312475,28.15,Pfalz
Blaibach,1891,12.806862,49.168092,17.02,Bayerischer Wald
Langenneufnach,1891,10.605271,48.265363,12.81,Bayerisch-Schwaben
Leezen,1891,10.251572,53.865447,14.98,übrig. Schleswig-Holstein
Helpsen,1891,9.115865,52.311691,7.77,Weserbergland
Hohenwarth,1890,12.934712,49.203826,24.22,Bayerischer Wald
Massen-Niederlausitz,1890,13.732237,51.642931,76.08,Elbe Elster Land
Oerel,1890,9.055829,53.481562,33.85,Unterelbe-Unterweser
Hamm am Rhein,1890,8.433477,49.733391,7.89,Rheinhessen
Kempenich,1890,7.119851,50.418515,11.92,Ahr
Ringelai,1890,13.471559,48.812779,16.37,Bayerischer Wald
Simmertal,1887,7.520805,49.814046,8.08,Naheland
Glaubitz,1886,13.378093,51.324914,14.0,Elbland
Dittenheim,1886,10.788649,49.0573,29.33,Fränkisches Seenland
Meudt,1885,7.896912,50.49339,14.68,Westerwald
Schlaitdorf,1882,9.222445,48.604296,7.31,Region Stuttgart
Leutesdorf,1882,7.385998,50.452992,10.88,Mittelrheintal
Fuchsstadt,1881,9.930172,50.108272,18.3,Rhön
Angern,1881,11.734487,52.358478,64.5,"Magdeburg, Elbe-Börde-Heide"
Schönbrunn i.Steigerwald,1881,10.688374,49.858227,24.7,Steigerwald
Katzweiler,1879,7.69771,49.504075,9.42,Pfalz
Wonfurt,1878,10.466646,50.011902,17.36,Steigerwald
Finningen,1878,10.497394,48.656942,27.82,Bayerisch-Schwaben
Gerzen,1878,12.428043,48.506541,17.02,Bayerisches Thermenland
Deilingen,1877,8.783591,48.177135,10.91,Schwäbische Alb
Altmittweida,1876,12.956935,50.967479,14.08,Chemnitz Zwickau Region
Haselbach,1875,12.692437,49.003215,18.43,Bayerischer Wald
Rastow,1875,11.430042,53.451967,52.03,Westmecklenburg
Spay,1874,7.648205,50.260128,2.69,Mittelrheintal
Wetschen,1872,8.448796,52.612875,25.11,Mittelweser
Kammlach,1872,10.419999,48.045102,26.73,Allgäu
Tiefenbach,1871,12.583234,49.437902,45.84,Bayerischer Wald
Kirchheim an der Weinstraße,1871,8.180509,49.538079,8.98,Pfalz
Bidingen,1870,10.726827,47.829747,36.31,Allgäu
Neu Kaliß,1870,11.292486,53.171501,34.2,Westmecklenburg
Stiefenhofen,1869,10.003327,47.592899,28.98,Allgäu
Kelberg,1869,6.918408,50.286294,24.67,Eifel
Fambach,1868,10.367496,50.738015,18.33,Thüringer Rhön
"Rieneck, St",1868,9.648272,50.093154,26.19,Spessart-Mainland
"Kößlarn, M",1867,13.121867,48.372007,25.48,Bayerisches Thermenland
Tettenweis,1866,13.272011,48.443061,28.7,Bayerisches Thermenland
Albisheim (Pfrimm),1865,8.095715,49.649493,10.74,Pfalz
Heuchlingen,1864,9.942563,48.853843,9.03,Schwäbische Alb
Sielenbach,1863,11.164912,48.402154,17.84,Bayerisch-Schwaben
"Hettingen, Stadt",1861,9.234626,48.219073,46.06,Schwäbische Alb
Bliedersdorf,1861,9.569528,53.481478,12.42,Unterelbe-Unterweser
Schönau,1860,12.840281,48.483636,36.13,Bayerisches Thermenland
"Schauenstein, St",1859,11.740779,50.277606,26.66,Frankenwald
Sandesneben,1859,10.496793,53.68797,6.13,übrig. Schleswig-Holstein
Niederkirchen,1858,7.696361,49.578322,23.86,Pfalz
Neukamperfehn,1858,7.557533,53.33779,6.28,Ostfriesland
Hohenleipisch,1857,13.558446,51.497262,35.06,Elbe Elster Land
"Zell im Fichtelgebirge, M",1857,11.821785,50.13339,31.23,Fichtelgebirge
Ottersheim bei Landau,1856,8.230383,49.191449,7.89,Pfalz
Hamberge,1854,10.582459,53.838372,6.74,übrig. Schleswig-Holstein
Hartenholm,1853,10.06027,53.899992,15.38,übrig. Schleswig-Holstein
Gebhardshain,1852,7.821894,50.746687,5.95,Westerwald
Teunz,1851,12.384315,49.480754,30.73,Oberpfälzer Wald
Breitnau,1850,8.075349,47.940646,39.9,Südlicher Schwarzwald
Hofstetten,1850,10.973051,48.008676,17.02,Ammersee-Lech
Jacobsdorf,1849,14.354154,52.338669,50.58,Seenland Oder-Spree
"Teuschnitz, St",1847,11.381023,50.398424,34.25,Frankenwald
Offstein,1845,8.237635,49.605463,5.64,Rheinhessen
"Mühlhausen, M",1845,10.775829,49.753344,16.6,Steigerwald
Haseldorf,1844,9.598383,53.635207,18.08,übrig. Schleswig-Holstein
Adelzhausen,1844,11.137667,48.35707,16.96,Bayerisch-Schwaben
Zaisenhausen,1844,8.812919,49.105526,10.1,Nördliches Baden-Württemberg
Steinfeld,1844,8.035787,49.04917,14.89,Pfalz
Blomberg,1843,7.558372,53.575775,12.8,Ostfriesland
"Ebrach, M",1843,10.49737,49.847982,32.26,Steigerwald
Brüsewitz,1842,11.248981,53.676102,29.94,Mecklenburgische Ostseeküste
Upahl,1842,11.21396,53.822092,48.26,Mecklenburgische Ostseeküste
Bechtheim,1842,8.293205,49.727031,13.34,Rheinhessen
"Brüssow, Stadt",1842,14.126496,53.39961,101.81,Uckermark
Osann-Monzel,1841,6.952541,49.921615,16.58,Mosel-Saar
Rechlin,1841,12.723413,53.332276,77.69,Mecklenburgische Schweiz und Seenplatte
Dotternhausen,1840,8.792911,48.228177,10.01,Schwäbische Alb
Hausen (Wied),1840,7.407087,50.5424,7.72,Westerwald
Großrudestedt,1840,11.098991,51.093278,23.9,Welterberegion Wartburg-Hainich
Ering,1839,13.147265,48.300049,39.56,Bayerisches Thermenland
Neukirchen,1839,12.756026,48.97548,24.45,Bayerischer Wald
Deiningen,1838,10.570377,48.863193,15.33,Bayerisch-Schwaben
Konzell,1838,12.713081,49.072448,26.75,Bayerischer Wald
Eurasburg,1838,11.085901,48.335239,23.94,Bayerisch-Schwaben
Hohendubrau / Wysoka Dubrawa,1837,14.645712,51.26465,45.54,Oberlausitz/Niederschlesien
Wasbüttel,1836,10.592713,52.413252,6.58,Lüneburger Heide
Langdorf,1836,13.14766,49.013526,34.35,Bayerischer Wald
Hausen,1835,9.209492,49.869813,8.05,Spessart-Mainland
"Wolfstein, Stadt",1835,7.606193,49.583693,13.77,Pfalz
Zell,1834,12.412527,49.142724,32.95,Bayerischer Wald
Rottenbuch,1833,10.964274,47.732472,31.48,Pfaffenwinkel
Ramsen,1832,8.011621,49.537284,27.06,Pfalz
Zweiflingen,1831,9.518026,49.25588,32.1,Nördliches Baden-Württemberg
Erlabrunn,1831,9.842166,49.860126,4.01,Fränkisches Weinland
Heimertingen,1830,10.154832,48.038173,13.84,Allgäu
Neunkirchen,1829,9.009215,49.387558,15.92,Nördliches Baden-Württemberg
Birgland,1828,11.616384,49.438224,62.43,Bayerischer Jura
Gelbensande,1828,12.302493,54.202135,34.04,Mecklenburgische Ostseeküste
Sankt Englmar,1827,12.823952,49.002846,36.88,Bayerischer Wald
Lohberg,1827,13.105391,49.175838,59.24,Bayerischer Wald
Gerolsheim,1826,8.262651,49.547125,4.81,Pfalz
Stödtlen,1825,10.301188,49.000185,31.18,Schwäbische Alb
Mindelstetten,1823,11.642861,48.850009,22.68,Naturpark Altmühltal
Büchenbeuren,1823,7.279471,49.920772,6.0,Hunsrück
Münsterdorf,1822,9.540644,53.903684,5.12,übrig. Schleswig-Holstein
Windischleuba,1821,12.468453,51.016437,20.73,Altenburger Land
"Sachsenhagen, Stadt",1821,9.264827,52.39579,15.47,Weserbergland
Droyßig,1820,12.028336,51.041974,20.42,"Halle, Saale, Unstrut"
"Seiffen/Erzgeb., Kurort",1820,13.452524,50.648339,12.43,Erzgebirge
Eggermühlen,1820,7.815537,52.568715,27.4,Grafschaft Bentheim-Emsland-Osnabrücker Land
Stapelfeld,1819,10.220756,53.606585,10.12,übrig. Schleswig-Holstein
Wörnitz,1819,10.243792,49.255112,24.46,Romantisches Franken - vom Naturpark Frankenhöhe zur Romantischen Straße
Brunnen,1818,11.307753,48.629701,32.14,Oberbayerns Städte
Raddestorf,1816,8.961702,52.455222,41.84,Mittelweser
Arzberg,1815,13.124527,51.527348,58.57,Leipzig Region
Heemsen,1815,9.262984,52.704419,39.61,Mittelweser
Ellenberg,1815,10.216727,49.01335,30.19,Schwäbische Alb
"Dachsbach, M",1815,10.706058,49.63911,20.57,Steigerwald
Gutenzell-Hürbel,1814,9.997187,48.113537,37.86,Oberschwaben-Allgäu
Schenkenzell,1814,8.371174,48.310998,42.14,Mittlerer Schwarzwald
"Marktsteft, St",1813,10.135151,49.696729,10.51,Fränkisches Weinland
Windesheim,1813,7.81568,49.906292,10.17,Naheland
"Drakenburg, Flecken",1812,9.210548,52.68737,11.72,Mittelweser
Leezdorf,1811,7.295301,53.548045,8.46,Ostfriesland
Laußnitz,1811,13.87839,51.248215,63.81,Oberlausitz/Niederschlesien
Ernsgaden,1811,11.575909,48.732291,7.5,Oberbayerns Städte
Tannhausen,1809,10.357201,48.978945,17.74,Schwäbische Alb
Travenbrück,1808,10.297703,53.838235,26.47,übrig. Schleswig-Holstein
Elkenroth,1807,7.883392,50.728441,8.15,Westerwald
Großensee,1807,10.34108,53.614238,12.1,übrig. Schleswig-Holstein
"Gräfenthal, Stadt",1806,11.307918,50.525286,36.42,Thüringer Wald
Bernau im Schwarzwald,1806,8.036108,47.80166,38.0,Südlicher Schwarzwald
"Markt Bibart, M",1806,10.42751,49.647731,30.11,Steigerwald
"Hohenburg, M",1805,11.799037,49.294684,41.51,Bayerischer Jura
Marnheim,1805,8.04114,49.6341,9.95,Pfalz
Nortmoor,1805,7.562055,53.247364,15.21,Ostfriesland
Kleinkahl,1803,9.275529,50.106403,14.2,Spessart-Mainland
Rohrbach,1802,8.128289,49.137175,9.25,Pfalz
Brunsbek,1801,10.291266,53.587558,14.42,übrig. Schleswig-Holstein
Schlaubetal,1800,14.533249,52.142495,52.56,Seenland Oder-Spree
Grünendeich,1798,9.622879,53.568752,3.92,Unterelbe-Unterweser
Bechtolsheim,1798,8.194786,49.804318,10.65,Rheinhessen
Bischbrunn,1798,9.492085,49.868565,36.96,Spessart-Mainland
Holtgast,1796,7.580929,53.632162,24.01,Nordseeküste
Fichtelberg,1795,11.851053,49.999449,5.16,Fichtelgebirge
Rimbach,1795,12.883038,49.226796,24.72,Bayerischer Wald
Felixsee/Feliksowy Jazor,1793,14.570858,51.601115,35.52,Lausitzer Seenland
Blindheim,1792,10.618163,48.631656,26.4,Bayerisch-Schwaben
Jersbek,1791,10.22162,53.741287,17.91,übrig. Schleswig-Holstein
Hemdingen,1791,9.836865,53.762926,16.41,übrig. Schleswig-Holstein
Meerbeck,1791,9.14462,52.342306,13.09,Weserbergland
Erlenmoos,1790,9.974997,48.063201,24.26,Oberschwaben-Allgäu
Wulften am Harz,1789,10.176939,51.662753,14.82,Harz
Hofstetten,1789,8.068304,48.257209,18.16,Mittlerer Schwarzwald
Padenstedt,1789,9.917284,54.048944,14.6,übrig. Schleswig-Holstein
Wittighausen,1789,9.838518,49.612832,32.36,Nördliches Baden-Württemberg
Adenbüttel,1789,10.450974,52.379328,13.7,Lüneburger Heide
Rettenbach,1788,12.455706,49.06943,27.11,Bayerischer Wald
Freudenburg,1788,6.533509,49.54169,11.11,Mosel-Saar
Hattert,1786,7.770903,50.667929,11.55,Westerwald
"Mähring, M",1785,12.528601,49.90885,72.93,Oberpfälzer Wald
Jünkerath,1784,6.583364,50.342514,10.1,Eifel
Scheden,1783,9.726961,51.458993,26.72,Weserbergland
Singhofen,1783,7.836103,50.274405,15.67,Lahntal
Katzwinkel (Sieg),1783,7.82303,50.812178,15.8,Westerwald
"Widdern, Stadt",1782,9.421596,49.318041,25.23,Nördliches Baden-Württemberg
Polsingen,1775,10.710624,48.919506,33.86,Fränkisches Seenland
Wistedt,1775,9.681416,53.270395,18.61,Lüneburger Heide
Kluse,1775,7.342247,52.933469,25.3,Grafschaft Bentheim-Emsland-Osnabrücker Land
Oberottmarshausen,1773,10.85721,48.238311,8.6,Bayerisch-Schwaben
Kronburg,1772,10.156359,47.90474,20.26,Allgäu
Wallertheim,1771,8.05127,49.835395,8.1,Rheinhessen
"Freiburg (Elbe), Flecken",1771,9.287803,53.824052,34.18,Unterelbe-Unterweser
Eydelstedt,1771,8.548216,52.691527,76.23,Mittelweser
Hassel (Weser),1771,9.205763,52.802471,17.67,Mittelweser
Voltlage,1770,7.744771,52.430409,42.35,Grafschaft Bentheim-Emsland-Osnabrücker Land
Neidenstein,1769,8.887375,49.317522,6.48,Nördliches Baden-Württemberg
"Artlenburg, Flecken",1769,10.486159,53.37287,11.83,Lüneburger Heide
Walschleben,1768,10.935546,51.064202,16.87,Welterberegion Wartburg-Hainich
Breitenbach,1768,7.271826,49.433957,8.89,Pfalz
Unterreit,1768,12.333662,48.119453,32.21,Inn-Salzach
Nennhausen,1768,12.505222,52.603483,89.69,Havelland
Borgstedt,1767,9.710012,54.33299,9.15,übrig. Schleswig-Holstein
Kettenkamp,1765,7.829719,52.586115,12.88,Grafschaft Bentheim-Emsland-Osnabrücker Land
Niederalteich,1762,13.025711,48.766264,9.97,Bayerischer Wald
"Schneeberg, M",1762,9.247183,49.639942,16.59,Spessart-Mainland
Eggingen,1762,8.387665,47.700751,13.95,Südlicher Schwarzwald
Bördeaue,1762,11.512902,51.931964,25.51,"Magdeburg, Elbe-Börde-Heide"
Spechbach,1761,8.884229,49.346244,8.52,Nördliches Baden-Württemberg
Weinsheim,1761,7.766963,49.837474,9.29,Naheland
Gudow,1760,10.77219,53.555336,42.25,übrig. Schleswig-Holstein
Rechenberg-Bienenmühle,1759,13.555734,50.7367,52.66,Erzgebirge
Langsur,1759,6.498107,49.724444,11.91,Mosel-Saar
Hafenlohr,1759,9.603567,49.869021,11.33,Spessart-Mainland
Niederelbert,1758,7.812119,50.408124,10.25,Westerwald
Altheim (Alb),1757,10.025037,48.581738,25.77,Schwäbische Alb
Obermeitingen,1756,10.806325,48.146884,9.93,Ammersee-Lech
Nonnenhorn,1756,9.608645,47.576263,1.97,Allgäu
Reeßum,1755,9.203477,53.132397,28.53,Unterelbe-Unterweser
Vachendorf,1755,12.606891,47.841566,9.96,Chiemsee-Chiemgau
Brande-Hörnerkirchen,1754,9.705145,53.855084,13.14,übrig. Schleswig-Holstein
Antrifttal,1754,9.184625,50.795858,26.59,Vogelsberg und Wetterau
Thuine,1753,7.489624,52.498887,12.47,Grafschaft Bentheim-Emsland-Osnabrücker Land
Crinitzberg,1753,12.528415,50.565361,18.81,Chemnitz Zwickau Region
Großsolt,1753,9.513444,54.699352,25.07,übrig. Schleswig-Holstein
Reichling,1753,10.926698,47.924402,23.26,Ammersee-Lech
Weibersbrunn,1752,9.365114,49.93084,2.89,Spessart-Mainland
Petersdorf,1752,11.018061,48.507729,19.49,Bayerisch-Schwaben
Untersteinach,1751,11.528426,50.131913,11.43,Frankenwald
Lawalde,1751,14.603009,51.078,14.55,Oberlausitz/Niederschlesien
Biederbach,1751,8.034739,48.193856,31.35,Südlicher Schwarzwald
Röllbach,1751,9.247397,49.773849,12.41,Spessart-Mainland
Sulzfeld,1751,10.404897,50.260471,22.52,Haßberge
Kirchheim am Ries,1750,10.400463,48.877758,21.05,Schwäbische Alb
Volkenschwand,1750,11.873281,48.600194,29.23,Bayerisches Thermenland
Werben/Wjerbno,1749,14.185192,51.812236,25.01,Spreewald
"Langenburg, Stadt",1749,9.849831,49.253622,31.4,Nördliches Baden-Württemberg
Schwanfeld,1749,10.137673,49.921585,11.99,Fränkisches Weinland
Fahrenkrug,1748,10.257059,53.941286,6.21,übrig. Schleswig-Holstein
Harbke,1748,11.044778,52.189552,18.97,"Magdeburg, Elbe-Börde-Heide"
Odernheim am Glan,1747,7.705568,49.765576,13.26,Naheland
Jagsthausen,1747,9.469854,49.309857,17.68,Nördliches Baden-Württemberg
Rott,1746,10.970729,47.906166,19.75,Ammersee-Lech
Gohrisch,1744,14.108678,50.91015,34.87,Sächsische Schweiz
Minfeld,1744,8.143806,49.072241,8.41,Pfalz
Schleching,1743,12.396406,47.720215,45.17,Chiemsee-Chiemgau
Casekow,1743,14.208554,53.211419,94.26,Uckermark
"Konnersreuth, M",1742,12.226748,50.011465,23.48,Oberpfälzer Wald
Bahrdorf,1742,11.004207,52.387587,40.68,Braunschweiger Land
Ralbitz-Rosenthal / Ralbicy-Róžant,1741,14.248395,51.301103,31.74,Oberlausitz/Niederschlesien
Oberschweinbach,1741,11.158268,48.241192,7.24,Münchener Umland
Lunden,1741,9.024249,54.330568,4.65,übrig. Schleswig-Holstein
Oberbergkirchen,1741,12.386144,48.305288,27.52,Inn-Salzach
Steinkirchen,1741,9.610086,53.565364,9.55,Unterelbe-Unterweser
Albaching,1740,12.110817,48.1108,18.18,Chiemsee-Alpenland
Ohmden,1739,9.525906,48.645302,5.55,Region Stuttgart
Trunkelsberg,1739,10.21907,48.002901,1.94,Allgäu
Heideland,1738,11.909246,51.001155,37.56,Saaleland
Gebsattel,1738,10.202593,49.351686,19.12,Romantisches Franken - vom Naturpark Frankenhöhe zur Romantischen Straße
Altmärkische Höhe,1737,11.630284,52.841586,99.81,Altmark
Beesten,1736,7.497701,52.43596,25.67,Grafschaft Bentheim-Emsland-Osnabrücker Land
Dürbheim,1735,8.789761,48.058513,14.82,Schwäbische Alb
Henfenfeld,1735,11.390931,49.496846,6.64,Nürnberger Land
Kröslin,1734,13.752524,54.117831,22.4,Vorpommern
Wilstedt,1734,9.092787,53.194726,18.37,Unterelbe-Unterweser
Solnhofen,1733,10.994054,48.895721,13.56,Naturpark Altmühltal
Neu-Eichenberg,1732,9.913586,51.389849,27.66,Werra-Meissner Land
Kalkhorst,1732,11.045858,53.970527,51.98,Mecklenburgische Ostseeküste
Adelmannsfelden,1732,10.003628,48.954324,22.9,Schwäbische Alb
Michelsneukirchen,1732,12.552641,49.124024,32.83,Bayerischer Wald
Teugn,1731,12.012397,48.893211,17.07,Bayerisches Thermenland
Burglauer,1730,10.17997,50.276566,13.95,Rhön
Wendisch Evern,1729,10.471354,53.215563,14.89,Lüneburger Heide
Riedbach,1729,10.450476,50.120708,31.68,Haßberge
Gramzow,1728,14.004588,53.21073,66.2,Uckermark
Stepenitztal,1728,11.119717,53.857461,45.25,Mecklenburgische Ostseeküste
Mertesdorf,1727,6.734403,49.772837,6.49,Mosel-Saar
Unterammergau,1727,11.028938,47.617131,29.93,Zugspitz-Region
Seth,1727,10.175126,53.850208,10.55,übrig. Schleswig-Holstein
Leimbach,1726,10.195013,50.815145,8.63,Thüringer Rhön
Arzbach,1726,7.747792,50.379222,9.92,Lahntal
Ruderatshofen,1726,10.589056,47.81891,33.52,Allgäu
Grabenstetten,1726,9.461456,48.523681,14.53,Schwäbische Alb
Walchum,1726,7.282138,52.930598,26.5,Grafschaft Bentheim-Emsland-Osnabrücker Land
Wiemersdorf,1724,9.90454,53.95794,17.55,übrig. Schleswig-Holstein
Gutenborn,1724,12.121581,51.007459,34.03,"Halle, Saale, Unstrut"
Munningen,1723,10.602907,48.921702,22.76,Bayerisch-Schwaben
Ruhner Berge,1723,11.927852,53.31804,94.56,Westmecklenburg
"Königstein, M",1723,11.633198,49.607345,35.13,Bayerischer Jura
"Thiersheim, M",1723,12.128961,50.075961,24.42,Fichtelgebirge
Osten,1723,9.188167,53.694162,47.99,Nordseeküste
Wechselburg,1722,12.774976,51.004312,25.65,Chemnitz Zwickau Region
Estorf,1722,9.141689,52.588451,19.85,Mittelweser
Karlsburg,1722,13.608854,53.971795,34.36,Vorpommern
Lisberg,1722,10.726884,49.885961,8.36,Steigerwald
"Marktschellenberg, M",1721,13.045654,47.6968,17.66,Berchtesgadener Land
Hohenfurch,1721,10.897689,47.849139,12.39,Pfaffenwinkel
Reichertsheim,1721,12.28674,48.198249,31.37,Inn-Salzach
Patersdorf,1721,12.985339,49.015049,17.04,Bayerischer Wald
"Ornbau, St",1720,10.656504,49.176443,15.16,Fränkisches Seenland
Selent,1720,10.425868,54.290473,4.26,übrig. Schleswig-Holstein
Kuddewörde,1720,10.401901,53.587291,7.35,übrig. Schleswig-Holstein
"Kaltental, M",1720,10.753276,47.909688,22.15,Allgäu
Westheim (Pfalz),1720,8.32364,49.249181,7.13,Pfalz
Argenthal,1720,7.596954,49.975997,28.59,Hunsrück
Motten,1718,9.769753,50.398797,23.8,Rhön
Quarnbek,1718,9.983912,54.330012,16.18,übrig. Schleswig-Holstein
Vinningen,1714,7.552777,49.155475,12.65,Pfalz
Teising,1713,12.609927,48.22698,5.38,Inn-Salzach
Altdorf,1713,9.271505,48.594688,3.24,Region Stuttgart
Altleiningen,1712,8.074275,49.508098,11.47,Pfalz
"Velden, St",1712,11.510901,49.613677,21.34,Nürnberger Land
Westendorf,1710,10.836618,48.5734,6.32,Bayerisch-Schwaben
Dorfprozelten,1710,9.380231,49.778692,11.33,Spessart-Mainland
Haßbergen,1709,9.230031,52.73085,18.03,Mittelweser
Achberg,1709,9.713856,47.615122,12.92,Oberschwaben-Allgäu
Börtlingen,1709,9.631645,48.75464,8.26,Region Stuttgart
Otter,1709,9.743028,53.240562,34.24,Lüneburger Heide
Himbergen,1708,10.727876,53.093107,39.88,Lüneburger Heide
Burggen,1708,10.817667,47.778049,24.95,Pfaffenwinkel
"Penkun, Stadt",1707,14.23566,53.297789,78.87,Vorpommern
Neidlingen,1707,9.563641,48.579286,12.63,Region Stuttgart
Kissenbrück,1706,10.59517,52.108086,6.49,Braunschweiger Land
Fischerbach,1704,8.110824,48.287203,20.29,Mittlerer Schwarzwald
Rettenbach,1704,10.352678,48.458365,12.74,Bayerisch-Schwaben
Karsbach,1703,9.783261,50.041066,30.16,Fränkisches Weinland
Rhumspringe,1703,10.295711,51.582395,9.36,Harz
Spreetal / Sprjewiny Doł,1702,14.371558,51.491032,108.8,Oberlausitz/Niederschlesien
Wattenheim,1702,8.065582,49.522923,12.55,Pfalz
Püchersreuth,1701,12.234854,49.75459,25.21,Oberpfälzer Wald
Blekendorf,1699,10.650894,54.276459,38.35,Ostsee
Irrel,1698,6.455876,49.844941,7.06,Eifel
Böhmfeld,1698,11.366858,48.861043,16.26,Naturpark Altmühltal
Postau,1695,12.326473,48.649313,34.8,Bayerisches Thermenland
Süpplingen,1695,10.905049,52.227235,10.41,Braunschweiger Land
Altrich,1693,6.910954,49.956432,16.25,Eifel
Starkenberg,1692,12.308886,50.98314,26.42,Altenburger Land
Fürfeld,1691,7.893919,49.777143,12.48,Naheland
Itterbeck,1690,6.801312,52.505277,41.08,Grafschaft Bentheim-Emsland-Osnabrücker Land
Seebach,1689,10.421502,50.91447,3.62,Thüringer Wald
Stulln,1684,12.137782,49.42149,15.53,Oberpfälzer Wald
Lachen,1684,10.238632,47.945918,13.31,Allgäu
Untrasried,1683,10.379496,47.828095,25.75,Allgäu
Mittelstetten,1683,11.095143,48.255788,18.62,Münchener Umland
Ramsau b.Berchtesgaden,1683,12.899103,47.608333,129.17,Berchtesgadener Land
"Röttingen, St",1681,9.969683,49.510312,27.21,Fränkisches Weinland
Böklund,1681,9.583662,54.603487,7.88,übrig. Schleswig-Holstein
"Presseck, M",1681,11.554385,50.227553,54.82,Frankenwald
Schönfeld,1680,13.707176,51.303408,39.16,Elbland
Retzstadt,1680,9.880656,49.911453,18.08,Fränkisches Weinland
"Ranis, Stadt",1680,11.565512,50.660924,10.57,Thüringer Wald
Ebersbach-Musbach,1680,9.580336,47.956209,26.84,Oberschwaben-Allgäu
Rothenbuch,1680,9.397565,49.967421,7.05,Spessart-Mainland
Mitteleschenbach,1679,10.797575,49.21321,10.51,Fränkisches Seenland
Sankt Martin,1679,8.104579,49.301132,11.2,Pfalz
Blankenrath,1678,7.302544,50.038494,4.59,Hunsrück
Ahnsbeck,1676,10.2848,52.611286,20.69,Lüneburger Heide
Langenmosen,1676,11.210488,48.606896,23.88,Oberbayerns Städte
Irchenrieth,1676,12.224495,49.622724,5.27,Oberpfälzer Wald
Wulfsen,1676,10.144412,53.300186,8.52,Lüneburger Heide
Breitenbach a. Herzberg,1675,9.514424,50.7763,42.43,Waldhessen (Hersfeld-Rotenburg)
Langenleuba-Niederhain,1675,12.589232,50.960103,39.43,Altenburger Land
Alerheim,1674,10.616329,48.84666,23.37,Bayerisch-Schwaben
Bayerbach,1674,13.143962,48.410085,19.43,Bayerisches Thermenland
Atting,1673,12.4873,48.895756,14.92,Bayerisches Thermenland
Rattenberg,1671,12.750933,49.086619,30.22,Bayerischer Wald
Weisenheim am Berg,1670,8.154044,49.513132,9.21,Pfalz
Schlat,1668,9.707148,48.654497,9.68,Region Stuttgart
Jesenwang,1668,11.131529,48.166407,15.3,Münchener Umland
Schwenningen,1667,8.997429,48.10473,19.34,Schwäbische Alb
Seggebruch,1665,9.095062,52.301545,7.49,Weserbergland
Obersüßbach,1664,11.944102,48.609888,23.59,Bayerisches Thermenland
Hochstetten-Dhaun,1664,7.505357,49.799078,12.58,Naheland
Berga,1664,11.007196,51.456642,25.9,Harz und Harzvorland
Hohne,1663,10.371589,52.588534,36.65,Lüneburger Heide
Wendisch Rietz,1662,14.005932,52.216425,25.07,Seenland Oder-Spree
Hagenbüchach,1661,10.771067,49.533835,11.52,Steigerwald
Pielenhofen,1661,11.957209,49.072993,14.52,Bayerischer Jura
Wain,1661,10.022001,48.188928,20.14,Oberschwaben-Allgäu
Brunn,1660,11.900091,49.095952,16.12,Bayerischer Jura
"Sayda, Stadt",1659,13.423109,50.711291,35.3,Erzgebirge
"Obernbreit, M",1659,10.166032,49.65804,9.84,Fränkisches Weinland
"Bad Sülze, Stadt",1659,12.65907,54.109956,26.67,Vorpommern
"Ronsberg, M",1658,10.412979,47.898111,16.52,Allgäu
Groß Lindow,1657,14.531031,52.235314,15.39,Seenland Oder-Spree
Westheide,1657,11.460626,52.303615,50.97,"Magdeburg, Elbe-Börde-Heide"
Sieverstedt,1656,9.474638,54.642784,31.01,übrig. Schleswig-Holstein
Nagel,1655,11.919349,49.977629,7.78,Fichtelgebirge
Hermersberg,1655,7.629693,49.322729,13.02,Pfalz
Jugenheim in Rheinhessen,1654,8.084809,49.895146,6.17,Rheinhessen
Oberreute,1654,9.944133,47.564533,13.48,Allgäu
Hohenpolding,1654,12.130701,48.383516,27.42,Münchener Umland
Mönchsroth,1653,10.361003,49.020359,11.92,Romantisches Franken - vom Naturpark Frankenhöhe zur Romantischen Straße
Buch a.Buchrain,1653,11.994126,48.215089,22.74,Münchener Umland
"Apenburg-Winterfeld, Flecken",1652,11.203595,52.708386,59.38,Altmark
Lalling,1651,13.14067,48.845214,27.92,Bayerischer Wald
Pluwig,1650,6.712495,49.689842,4.85,Hunsrück
"Neukalen, Peenestadt",1649,12.790764,53.822436,47.96,Mecklenburgische Schweiz und Seenplatte
Steina,1648,14.039214,51.20947,12.51,Oberlausitz/Niederschlesien
Bullay,1648,7.13148,50.057025,3.98,Mosel-Saar
Birlenbach,1648,8.004067,50.357272,4.04,Lahntal
Aidhausen,1647,10.436956,50.154108,37.3,Haßberge
Wilsum,1646,6.855597,52.535789,47.26,Grafschaft Bentheim-Emsland-Osnabrücker Land
Hehlen,1646,9.470187,51.984688,21.68,Weserbergland
Rohrenfels,1646,11.155356,48.687315,17.53,Oberbayerns Städte
Wetterzeube,1645,12.013142,51.006688,41.82,"Halle, Saale, Unstrut"
Niederlauer,1645,10.17964,50.296206,9.08,Rhön
Siegelsbach,1643,9.089791,49.271185,7.68,Nördliches Baden-Württemberg
Weidenthal,1643,7.988018,49.422071,14.48,Pfalz
"Kleinlangheim, M",1642,10.285372,49.770453,19.09,Fränkisches Weinland
Marienwerder,1640,13.599177,52.842116,40.32,Barnimer Land
Leese,1640,9.11604,52.505729,29.76,Mittelweser
Huisheim,1639,10.704435,48.823186,22.77,Bayerisch-Schwaben
Wesenberg,1637,10.511206,53.826999,11.94,übrig. Schleswig-Holstein
Hiltenfingen,1637,10.718065,48.161613,14.55,Bayerisch-Schwaben
"Marktbergel, M",1637,10.363102,49.443326,24.19,Romantisches Franken - vom Naturpark Frankenhöhe zur Romantischen Straße
Leutenbach,1635,11.172303,49.709607,19.41,Fränkische Schweiz
Albig,1634,8.12235,49.773804,10.24,Rheinhessen
Gremsdorf,1634,10.833743,49.69657,12.96,Steigerwald
Reut,1634,12.942358,48.31094,30.75,Bayerisches Thermenland
Balge,1632,9.184785,52.718245,32.12,Mittelweser
Elsdorf-Westermühlen,1631,9.528745,54.258716,27.48,übrig. Schleswig-Holstein
Großweil,1631,11.303171,47.675379,22.03,Zugspitz-Region
Alpenrod,1630,7.869988,50.631178,12.14,Westerwald
Seelitz,1630,12.820314,51.031333,31.22,Chemnitz Zwickau Region
Mühlenbach,1629,8.111663,48.253642,31.22,Mittlerer Schwarzwald
Vorra,1629,11.493948,49.557506,22.08,Nürnberger Land
Oberdachstetten,1628,10.423792,49.416099,23.62,Romantisches Franken - vom Naturpark Frankenhöhe zur Romantischen Straße
Bollendorf,1627,6.358388,49.852389,13.18,Eifel
Stedesdorf,1626,7.663569,53.625067,27.94,Nordseeküste
Grünbach,1625,12.366068,50.444011,27.55,Vogtland
Ehra-Lessien,1625,10.787547,52.568791,56.25,Lüneburger Heide
Kollmar,1625,9.494978,53.732667,32.82,übrig. Schleswig-Holstein
Greußenheim,1624,9.765505,49.814012,17.66,Fränkisches Weinland
Irsch,1624,6.59358,49.603856,15.22,Mosel-Saar
Wallhausen,1623,7.769102,49.889176,10.3,Naheland
Leubsdorf,1623,7.291244,50.547529,10.22,Mittelrheintal
Freienwill,1623,9.492436,54.728589,15.3,übrig. Schleswig-Holstein
"Börgerende-Rethwisch, Ostseebad",1621,11.93857,54.138999,15.02,Mecklenburgische Ostseeküste
Eching am Ammersee,1620,11.114626,48.080538,6.24,Ammersee-Lech
Höfen an der Enz,1620,8.585296,48.802725,9.07,Nördlicher Schwarzwald
Treia,1619,9.313787,54.514332,21.72,übrig. Schleswig-Holstein
Nottensdorf,1619,9.601616,53.485714,7.14,Unterelbe-Unterweser
Untermerzbach,1617,10.856144,50.126535,27.75,Haßberge
Hahnheim,1615,8.237836,49.862106,6.39,Rheinhessen
Pfakofen,1615,12.227776,48.858214,15.28,Bayerisches Thermenland
Dachwig,1614,10.855827,51.07747,12.71,Welterberegion Wartburg-Hainich
"Schondra, M",1613,9.859881,50.269823,28.62,Rhön
Krummesse,1613,10.641961,53.780123,3.35,übrig. Schleswig-Holstein
Haunsheim,1613,10.377094,48.597246,17.81,Bayerisch-Schwaben
Saulgrub,1612,11.024935,47.667637,35.48,Zugspitz-Region
Bonstetten,1609,10.706286,48.439122,6.75,Bayerisch-Schwaben
Remse,1609,12.567813,50.854562,14.79,Chemnitz Zwickau Region
Möllenhagen,1608,12.924593,53.522883,50.05,Mecklenburgische Schweiz und Seenplatte
Vierkirchen,1607,14.744264,51.18885,35.41,Oberlausitz/Niederschlesien
Friesenhagen,1607,7.810741,50.903172,51.36,Westerwald
Lichtenberg,1607,13.96816,51.17647,14.72,Oberlausitz/Niederschlesien
Seeburg,1607,10.149291,51.565172,13.44,Harz
Bayrischzell,1607,12.013715,47.673874,79.45,Alpenregion Tegernsee Schliersee
Leiwen,1606,6.880097,49.821518,12.71,Mosel-Saar
Ayl,1606,6.554472,49.630723,7.58,Mosel-Saar
Perkam,1605,12.440645,48.854349,14.23,Bayerisches Thermenland
Bubesheim,1605,10.253443,48.43348,7.76,Bayerisch-Schwaben
Altenahr,1605,6.991859,50.517326,14.83,Ahr
Gremersdorf,1605,10.927673,54.332831,45.76,Ostsee
Paunzhausen,1605,11.566162,48.474909,12.74,Münchener Umland
Körner,1604,10.587315,51.231476,30.83,Welterberegion Wartburg-Hainich
Neißeaue,1603,14.9692,51.243849,47.37,Oberlausitz/Niederschlesien
"Rhinow, Stadt",1603,12.342021,52.750977,31.67,Havelland
Tappenbeck,1602,10.74338,52.47459,5.13,Lüneburger Heide
Schornsheim,1600,8.174349,49.846568,8.91,Rheinhessen
Gammelsdorf,1599,11.949324,48.556063,21.62,Münchener Umland
Kottgeisering,1599,11.131747,48.119156,8.21,Münchener Umland
Himmelstadt,1598,9.799753,49.924436,13.41,Fränkisches Weinland
Oberstadion,1598,9.691361,48.186931,15.78,Schwäbische Alb
Mettenheim,1597,8.326279,49.740082,6.41,Rheinhessen
"Stadtprozelten, St",1597,9.408401,49.783331,10.87,Spessart-Mainland
"Irsee, M",1596,10.57232,47.908097,17.44,Allgäu
Neubörger,1594,7.449731,52.955288,16.52,Grafschaft Bentheim-Emsland-Osnabrücker Land
Partenheim,1594,8.077527,49.882449,8.41,Rheinhessen
Neukirch,1592,13.97842,51.282819,39.47,Oberlausitz/Niederschlesien
Ascha,1592,12.637381,48.997577,19.55,Bayerischer Wald
"Oberhof, Stadt",1592,10.724395,50.705822,23.4,Thüringer Wald
Wiesenthau,1591,11.13501,49.711875,6.43,Fränkische Schweiz
Pronstorf,1590,10.47122,53.957692,36.31,übrig. Schleswig-Holstein
Oberuckersee,1589,13.840199,53.217306,84.96,Uckermark
"Willanzheim, M",1589,10.231733,49.680328,25.14,Fränkisches Weinland
Neißemünde,1587,14.699259,52.064489,42.28,Seenland Oder-Spree
Zernien,1587,10.88551,53.067603,51.97,Lüneburger Heide
Serrig,1587,6.574072,49.575252,17.63,Mosel-Saar
"Vestenbergsgreuth, M",1586,10.650272,49.687248,31.84,Steigerwald
"Marktzeuln, M",1584,11.1689,50.166441,6.86,Obermain.Jura
Norheim,1583,7.814738,49.80823,3.15,Naheland
Wefensleben,1582,11.159868,52.185232,12.74,"Magdeburg, Elbe-Börde-Heide"
Grünenbach,1581,10.008945,47.628654,25.1,Allgäu
Gönnheim,1580,8.237788,49.448987,6.54,Pfalz
Gommersheim,1580,8.264281,49.290626,11.3,Pfalz
Ostenfeld (Husum),1577,9.230675,54.462866,27.67,übrig. Schleswig-Holstein
Alsenz,1576,7.8152,49.724272,12.88,Pfalz
Ausleben,1576,11.114198,52.089985,33.51,"Magdeburg, Elbe-Börde-Heide"
"Bacharach, Stadt",1575,7.765023,50.060158,23.35,Mittelrheintal
Langwedel,1575,9.931599,54.211725,24.22,übrig. Schleswig-Holstein
Jänschwalde/Janšojce,1575,14.498912,51.861753,82.37,Spreewald
"Ahlden (Aller), Flecken",1573,9.552615,52.759772,25.95,Lüneburger Heide
Kaiserpfalz,1572,11.460967,51.247883,41.22,"Halle, Saale, Unstrut"
An der Poststraße,1571,11.478438,51.14347,44.72,"Halle, Saale, Unstrut"
Barkelsby,1569,9.839569,54.501518,17.86,Ostsee
Rammingen,1569,10.580658,48.070394,19.26,Allgäu
"Rasdorf, Point-Alpha-Gemeinde",1569,9.897742,50.719548,30.08,Rhön
"Mörnsheim, M",1569,11.008117,48.869692,33.45,Naturpark Altmühltal
Achtrup,1568,9.028319,54.788981,29.9,übrig. Schleswig-Holstein
Poxdorf,1568,11.069212,49.666,5.17,Fränkische Schweiz
Crossen an der Elster,1568,11.979425,50.976379,10.8,Saaleland
Roth,1567,7.700363,50.76258,3.78,Westerwald
Ehlscheid,1567,7.469096,50.515967,6.27,Westerwald
Landsberied,1566,11.168073,48.162707,10.53,Münchener Umland
Langballig,1566,9.637034,54.799385,15.41,Ostsee
Obersöchering,1565,11.220229,47.735505,24.27,Pfaffenwinkel
Framersheim,1564,8.174174,49.758838,9.31,Rheinhessen
Böbrach,1564,13.035494,49.056009,27.55,Bayerischer Wald
Bernitt,1564,11.890659,53.9023,73.84,Mecklenburgische Schweiz und Seenplatte
Dümmer,1563,11.206935,53.578516,31.52,Westmecklenburg
Horka,1562,14.899639,51.301033,41.02,Oberlausitz/Niederschlesien
Inning a.Holz,1562,12.077904,48.347862,11.84,Münchener Umland
Monzingen,1561,7.592788,49.799018,12.18,Naheland
"Kellmünz a.d.Iller, M",1561,10.129397,48.123643,8.52,Bayerisch-Schwaben
Oderaue,1560,14.162889,52.765114,65.91,Seenland Oder-Spree
Thür,1560,7.276448,50.35696,8.25,Eifel
Offenhausen,1560,11.412171,49.450965,22.5,Nürnberger Land
"Saal a.d.Saale, M",1559,10.354982,50.317076,21.57,Rhön
Hattenhofen,1559,11.117263,48.221965,7.18,Münchener Umland
Hochstadt a.Main,1558,11.171136,50.150313,13.78,Obermain.Jura
Bad Brambach,1558,12.312457,50.223255,43.92,Vogtland
Eschenlohe,1556,11.185861,47.59802,55.04,Zugspitz-Region
Marloffstein,1555,11.064261,49.617749,6.62,Fränkische Schweiz
Lübow,1555,11.522497,53.852824,35.35,Mecklenburgische Ostseeküste
Wenzendorf,1553,9.772342,53.350055,21.64,Lüneburger Heide
Südergellersen,1551,10.296816,53.20854,18.56,Lüneburger Heide
Wallmerod,1551,7.951821,50.4852,2.65,Westerwald
Gablenz / Jabłońc,1550,14.665674,51.535197,14.74,Oberlausitz/Niederschlesien
Laugna,1549,10.695387,48.529665,27.58,Bayerisch-Schwaben
Wonneberg,1549,12.719085,47.914614,18.01,Chiemsee-Chiemgau
Missen-Wilhams,1549,10.12767,47.597616,34.95,Allgäu
Damp,1549,9.984161,54.578215,13.81,Ostsee
Witzmannsberg,1548,13.413497,48.716361,18.74,Bayerischer Wald
Wittorf,1548,10.380266,53.331506,12.03,Lüneburger Heide
Pullenreuth,1546,11.996823,49.929889,43.21,Oberpfälzer Wald
Lützow,1546,11.176166,53.653828,24.89,Mecklenburgische Ostseeküste
Wülknitz,1546,13.392856,51.369129,27.91,Elbland
Stadtkyll,1546,6.529148,50.349756,20.78,Eifel
Störnstein,1545,12.206976,49.734054,10.91,Oberpfälzer Wald
"Großlangheim, M",1545,10.239769,49.755144,14.77,Fränkisches Weinland
Etzenricht,1544,12.095984,49.631908,13.58,Oberpfälzer Wald
Frauenneuharting,1543,12.048251,48.039782,22.69,Ebersberger Grünes Land
Grafenwiesen,1543,12.880228,49.201738,10.19,Bayerischer Wald
Nübbel,1542,9.622061,54.271939,14.05,übrig. Schleswig-Holstein
List auf Sylt,1540,8.436183,55.020026,18.42,Nordsee
Schellhorn,1539,10.299476,54.227597,10.45,Holsteinische Schweiz
"Stadt Wehlen, Stadt",1538,14.033828,50.957282,10.85,Sächsische Schweiz
Mertendorf,1538,11.856874,51.118515,32.58,"Halle, Saale, Unstrut"
"Fuchsmühl, M",1537,12.14595,49.921568,14.83,Oberpfälzer Wald
Gundersheim,1537,8.203102,49.696322,8.63,Rheinhessen
Freckenfeld,1536,8.111546,49.065365,11.14,Pfalz
Haverlah,1536,10.328568,52.052342,16.86,Braunschweiger Land
Außernzell,1535,13.204294,48.724086,24.11,Bayerischer Wald
Duggendorf,1535,11.933257,49.108864,22.88,Bayerischer Jura
Simmern,1534,7.673094,50.389969,9.09,Westerwald
Bruchweiler-Bärenbach,1533,7.80391,49.113006,9.37,Pfalz
Wülfershausen a.d.Saale,1533,10.345803,50.3335,18.13,Rhön
Wölpinghausen,1533,9.237707,52.41911,18.33,Weserbergland
Bornheim,1533,8.164013,49.222241,3.55,Pfalz
Feilbingert,1532,7.807099,49.775224,10.04,Naheland
Oelixdorf,1531,9.564806,53.926812,10.5,übrig. Schleswig-Holstein
"Koserow, Ostseebad",1530,13.999692,54.049406,6.07,Vorpommern
Neiße-Malxetal/Dolina Nysa-Małksa,1530,14.59935,51.638124,82.57,Lausitzer Seenland
Spahnharrenstätte,1528,7.601923,52.869924,36.07,Grafschaft Bentheim-Emsland-Osnabrücker Land
Ihlienworth,1527,8.916402,53.74069,40.29,Nordseeküste
Ellerhoop,1526,9.770845,53.727623,10.79,übrig. Schleswig-Holstein
"Nordhalben, M",1526,11.5095,50.373073,21.93,Frankenwald
Breese,1526,11.791215,53.00232,23.76,Prignitz
Bredenbek,1524,9.871054,54.324946,12.43,übrig. Schleswig-Holstein
Emtinghausen,1524,8.966038,52.931761,21.33,Mittelweser
Hüttisheim,1524,9.94165,48.280646,10.36,Schwäbische Alb
Niederbreitbach,1524,7.41779,50.530088,8.53,Westerwald
Wulkenzin,1523,13.168469,53.5456,21.59,Mecklenburgische Schweiz und Seenplatte
Witzhave,1523,10.337873,53.567605,7.87,übrig. Schleswig-Holstein
Pfronstetten,1523,9.362101,48.275033,54.09,Schwäbische Alb
Pfaffen-Schwabenheim,1522,7.950329,49.850969,5.18,Naheland
Unterdießen,1522,10.829181,47.979931,12.78,Ammersee-Lech
Daisendorf,1521,9.265766,47.711716,2.44,Bodensee
"Rentweinsdorf, M",1521,10.798737,50.065013,24.62,Haßberge
Klausen,1521,6.88312,49.905657,9.22,Mosel-Saar
Rosenthal-Bielatal,1521,14.046095,50.874802,46.6,Sächsische Schweiz
Selzen,1520,8.253907,49.862938,6.66,Rheinhessen
Krauthausen,1519,10.270952,51.016799,18.48,Welterberegion Wartburg-Hainich
Sukow,1517,11.557591,53.549363,21.36,Westmecklenburg
Gülzow-Prüzen,1517,12.067109,53.820011,58.34,Mecklenburgische Schweiz und Seenplatte
Dattenberg,1516,7.292212,50.553203,9.33,Mittelrheintal
Innernzell,1516,13.275329,48.851421,22.12,Bayerischer Wald
Hilgert,1516,7.689004,50.455738,4.57,Westerwald
Weyerbusch,1516,7.550699,50.712833,4.22,Westerwald
Wallgau,1516,11.282267,47.522154,33.96,Zugspitz-Region
Altenthann,1515,12.303802,49.092609,21.48,Bayerischer Wald
Zerf,1515,6.688611,49.601118,28.81,Hunsrück
Wolfsegg,1515,11.976646,49.107689,15.34,Bayerischer Jura
Niederrieden,1513,10.188971,48.057656,13.89,Allgäu
"Buckow (Märkische Schweiz), Stadt",1513,14.073102,52.568175,14.42,Seenland Oder-Spree
Lengenwang,1512,10.602972,47.698667,19.61,Allgäu
Hainewalde,1512,14.701736,50.907406,12.96,Oberlausitz/Niederschlesien
Lutzerath,1510,7.005406,50.127599,23.7,Eifel
Rattiszell,1510,12.659415,49.025354,22.17,Bayerischer Wald
Gammelshausen,1509,9.650617,48.64031,3.3,Region Stuttgart
Weibern,1509,7.143941,50.406116,10.56,Ahr
Dürrlauingen,1508,10.433134,48.466745,12.34,Bayerisch-Schwaben
Ahlsdorf,1508,11.470164,51.544089,5.14,Harz und Harzvorland
Dersum,1508,7.276146,52.959793,28.57,Grafschaft Bentheim-Emsland-Osnabrücker Land
Kamp-Bornhofen,1508,7.622901,50.22497,11.41,Mittelrheintal
Jübar,1508,10.907754,52.688922,71.15,Altmark
Amberg,1508,10.680351,48.06153,11.01,Allgäu
Palzem,1505,6.376018,49.565599,21.34,Mosel-Saar
Emersacker,1504,10.673265,48.489038,11.64,Bayerisch-Schwaben
Westensee,1503,9.897116,54.274997,36.92,übrig. Schleswig-Holstein
Rosenbach,1503,14.731271,51.078093,23.56,Oberlausitz/Niederschlesien
Eberfing,1503,11.200893,47.796415,25.93,Pfaffenwinkel
Mehrstetten,1502,9.566367,48.376623,17.1,Schwäbische Alb
"Sparneck, M",1502,11.84413,50.16197,16.36,Fichtelgebirge
Trebgast,1501,11.551244,50.068368,17.08,Frankenwald
Heiligenstedten,1500,9.467898,53.930303,8.97,übrig. Schleswig-Holstein
Wört,1500,10.273842,49.030785,18.17,Schwäbische Alb
Mistelbach,1500,11.519417,49.914144,6.12,Fränkische Schweiz
"Usedom, Stadt",1499,13.92045,53.874003,39.05,Vorpommern
Wackerow,1498,13.344511,54.104712,31.79,Vorpommern
Mellingen,1498,11.397359,50.940657,14.42,Weimarer Land
Roigheim,1497,9.340511,49.363701,14.01,Nördliches Baden-Württemberg
Tülau,1497,10.877466,52.577302,23.51,Lüneburger Heide
Hollstadt,1496,10.288395,50.353197,24.3,Rhön
Flossenbürg,1496,12.347341,49.731773,23.27,Oberpfälzer Wald
"Dierhagen, Ostseebad",1495,12.358544,54.292846,27.63,Vorpommern
"Karbach, M",1495,9.637912,49.867316,24.14,Spessart-Mainland
Dernau,1495,7.043739,50.534152,5.84,Ahr
"Lehesten, Stadt",1495,11.448099,50.475717,35.94,Thüringer Wald
Schopp,1495,7.687583,49.351081,11.35,Pfalz
Brey,1494,7.626757,50.272043,6.46,Mittelrheintal
Blankensee,1494,13.264528,53.407049,56.14,Mecklenburgische Schweiz und Seenplatte
Ummern,1491,10.432493,52.591083,40.46,Lüneburger Heide
Oberostendorf,1490,10.741766,47.942458,21.04,Allgäu
Grönwohld,1489,10.408036,53.642627,9.79,übrig. Schleswig-Holstein
Kastl,1488,11.896759,49.830863,24.74,Oberpfälzer Wald
"Remlingen, M",1488,9.694674,49.80431,20.45,Fränkisches Weinland
Baiern,1488,11.898056,47.957257,19.97,Ebersberger Grünes Land
Arzfeld,1488,6.273505,50.088456,19.39,Eifel
Schaufling,1487,13.067291,48.843583,25.39,Bayerischer Wald
Lübstorf,1487,11.413605,53.726967,43.88,Mecklenburgische Ostseeküste
Ehrenburg,1487,8.704319,52.747949,49.18,Mittelweser
Blankenbach,1485,9.232669,50.063453,3.96,Spessart-Mainland
Hinterweidenthal,1484,7.756935,49.194296,16.9,Pfalz
"Euerdorf, M",1484,10.019246,50.147727,16.33,Rhön
Bell (Hunsrück),1482,7.415111,50.060855,23.58,Hunsrück
Oberstreu,1482,10.286933,50.402879,22.62,Rhön
Schwielochsee/Gójacki Jazor,1481,14.174865,52.019648,131.41,Spreewald
Burgstall,1480,11.697357,52.407425,116.83,"Magdeburg, Elbe-Börde-Heide"
Stetten,1480,10.442548,48.023937,15.7,Allgäu
Wiedergeltingen,1480,10.673163,48.039749,11.55,Allgäu
Pracht,1480,7.655338,50.760941,5.5,Westerwald
"Hiltpoltstein, M",1479,11.32105,49.660459,25.54,Fränkische Schweiz
Alsdorf,1479,7.882849,50.77617,5.92,Westerwald
Friesenried,1479,10.533666,47.875252,22.26,Allgäu
"Tännesberg, M",1479,12.325484,49.530302,46.56,Oberpfälzer Wald
Werda,1479,12.304045,50.438303,13.59,Vogtland
Sommerach,1478,10.204484,49.828894,5.71,Fränkisches Weinland
Kakenstorf,1477,9.766204,53.30721,12.69,Lüneburger Heide
Velgast,1476,12.809087,54.273462,71.9,Vorpommern
Rammelsbach,1475,7.444525,49.544395,2.64,Pfalz
Basdahl,1475,8.997025,53.443117,32.44,Unterelbe-Unterweser
Schaalby,1474,9.63988,54.549079,25.0,übrig. Schleswig-Holstein
Reichenbach-Steegen,1474,7.527253,49.504593,15.12,Pfalz
Berkatal,1474,9.921125,51.236421,19.57,Werra-Meissner Land
Obernheim-Kirchenarnbach,1473,7.573495,49.352699,8.61,Pfalz
Niederneisen,1472,8.054726,50.335639,7.94,Lahntal
Erbes-Büdesheim,1472,8.032363,49.756689,10.16,Rheinhessen
Schwaförden,1472,8.818783,52.737783,26.0,Mittelweser
Panker,1471,10.573095,54.33034,22.8,Ostsee
Laudenbach,1471,9.173847,49.744751,4.94,Spessart-Mainland
Pfofeld,1470,10.838689,49.104669,23.88,Fränkisches Seenland
Maierhöfen,1470,10.050338,47.65296,17.93,Allgäu
Wittnau,1470,7.816038,47.946229,5.04,Südlicher Schwarzwald
Priesendorf,1469,10.712163,49.906291,8.36,Steigerwald
Gerswalde,1468,13.747927,53.170698,97.06,Uckermark
Garstedt,1468,10.160485,53.285914,15.01,Lüneburger Heide
Siehdichum,1467,14.531316,52.189266,73.62,Seenland Oder-Spree
Urbach,1466,7.586631,50.562798,11.29,Westerwald
Zarpen,1466,10.518179,53.870262,11.69,übrig. Schleswig-Holstein
Temnitztal,1465,12.629868,52.877321,52.48,Ruppiner Seenland
Söllingen,1465,10.924517,52.092043,39.51,Braunschweiger Land
Löf,1464,7.440866,50.234386,5.34,Mosel-Saar
Greiling,1463,11.608942,47.76297,7.66,Tölzer Land
Sierksdorf,1462,10.768366,54.066261,19.5,Ostsee
Heiligenroth,1461,7.863387,50.449798,5.99,Westerwald
Hemslingen,1461,9.597826,53.087928,27.58,Lüneburger Heide
Todtenweis,1460,10.930284,48.516117,20.25,Bayerisch-Schwaben
Gernrode,1460,10.400524,51.395049,7.37,Eichsfeld
Rümmelsheim,1459,7.859905,49.934218,3.08,Naheland
Elbe,1459,10.268819,52.087474,16.74,Braunschweiger Land
Attenhofen,1459,11.846593,48.649208,31.42,Bayerisches Thermenland
Obernheim,1458,8.861492,48.162516,15.01,Schwäbische Alb
Krummennaab,1457,12.098966,49.831006,17.68,Oberpfälzer Wald
Schönborn,1455,13.496651,51.596921,38.83,Elbe Elster Land
Hartenstein,1454,11.523338,49.596327,24.76,Nürnberger Land
Heinbockel,1453,9.326721,53.574148,22.69,Unterelbe-Unterweser
Breitbrunn a.Chiemsee,1453,12.40036,47.889886,8.12,Chiemsee-Alpenland
Saal,1453,12.495445,54.310418,49.3,Vorpommern
Ködnitz,1452,11.528681,50.091395,19.62,Frankenwald
Salgen,1452,10.478717,48.129483,23.29,Allgäu
Niedermohr,1452,7.464311,49.459844,12.12,Pfalz
Staudernheim,1451,7.688148,49.775562,11.47,Naheland
Niederfüllbach,1450,10.989109,50.219589,2.59,Coburg.Rennsteig
Schönecken,1450,6.465375,50.157717,13.36,Eifel
Hetlingen,1450,9.63544,53.607678,24.1,übrig. Schleswig-Holstein
Schwabsoien,1450,10.831321,47.834659,16.98,Pfaffenwinkel
Soderstorf,1448,10.146228,53.141222,36.05,Lüneburger Heide
Münchsteinach,1448,10.595943,49.638754,29.46,Steigerwald
Ruppertsweiler,1447,7.688957,49.197464,4.8,Pfalz
Pfarrweisach,1447,10.737993,50.14588,28.43,Haßberge
Rieden,1447,10.646483,47.953885,8.41,Allgäu
Bubsheim,1446,8.829637,48.120602,8.29,Schwäbische Alb
Emmering,1446,12.056182,47.997962,17.23,Ebersberger Grünes Land
Wendelsheim,1444,7.996509,49.767363,12.56,Rheinhessen
Roßbach,1444,7.416099,50.574872,6.4,Westerwald
Mönchsdeggingen,1443,10.57975,48.774266,32.05,Bayerisch-Schwaben
Farnstädt,1443,11.568642,51.425982,27.22,"Halle, Saale, Unstrut"
Malsburg-Marzell,1443,7.708589,47.731941,24.9,Südlicher Schwarzwald
Strande,1443,10.170979,54.440909,13.73,Ostsee
Friedelsheim,1442,8.22256,49.447276,4.16,Pfalz
Vierlinden,1442,14.27109,52.522048,69.74,Seenland Oder-Spree
Kleinsendelbach,1441,11.156814,49.593438,7.5,Fränkische Schweiz
Sonnen,1441,13.723527,48.684744,16.48,Bayerischer Wald
Waabs,1440,9.985937,54.532629,33.26,Ostsee
Büsingen am Hochrhein,1440,8.690368,47.697114,7.62,Hegau
Niedertaufkirchen,1439,12.547967,48.329651,26.69,Inn-Salzach
Stubenberg,1438,13.074437,48.309188,18.19,Bayerisches Thermenland
Böttingen,1438,8.806575,48.100422,16.31,Schwäbische Alb
Schönberg,1438,10.433054,53.677154,14.77,übrig. Schleswig-Holstein
"Absberg, M",1437,10.881266,49.14455,18.98,Fränkisches Seenland
"Nennslingen, M",1437,11.131541,49.046734,21.97,Fränkisches Seenland
Hamdorf,1436,9.518657,54.225554,30.59,übrig. Schleswig-Holstein
Niederschönenfeld,1436,10.932959,48.721745,14.34,Bayerisch-Schwaben
Kasbach-Ohlenberg,1436,7.283651,50.589134,4.78,Mittelrheintal
Merxheim,1436,7.56188,49.794495,17.05,Naheland
Estorf,1435,9.203619,53.576153,29.49,Unterelbe-Unterweser
Sterup,1435,9.738892,54.727837,17.15,übrig. Schleswig-Holstein
Dorfchemnitz,1435,13.451219,50.763562,29.58,Erzgebirge
Ziesendorf,1435,12.038635,53.993843,26.51,Mecklenburgische Ostseeküste
"Manderscheid, Stadt",1434,6.808091,50.092513,10.06,Eifel
Marxen,1434,10.00924,53.311539,13.42,Lüneburger Heide
Wilhelmsdorf,1430,10.737654,49.563552,7.8,Steigerwald
Altenmedingen,1429,10.602557,53.131093,48.19,Lüneburger Heide
Ziltendorf,1428,14.624316,52.206164,28.77,Seenland Oder-Spree
Neunkirchen,1428,9.398533,49.706531,16.64,Spessart-Mainland
Suthfeld,1428,9.388337,52.364383,5.06,Weserbergland
Ladelund,1426,9.025311,54.84075,24.09,übrig. Schleswig-Holstein
Schonstett,1426,12.241296,47.982988,13.6,Chiemsee-Alpenland
Schnürpflingen,1425,9.994004,48.273078,10.71,Schwäbische Alb
Wechingen,1425,10.614636,48.892784,24.03,Bayerisch-Schwaben
Dexheim,1424,8.316737,49.846169,5.69,Rheinhessen
"Oberschwarzach, M",1423,10.410276,49.860794,25.51,Steigerwald
Wildenberg,1422,11.904707,48.731995,18.16,Bayerisches Thermenland
"Winterhausen, M",1422,10.014912,49.707964,8.73,Fränkisches Weinland
Beckedorf,1422,9.313716,52.342837,9.83,Weserbergland
Stallwang,1421,12.655233,49.050929,20.59,Bayerischer Wald
Bausendorf,1420,6.99676,50.013688,11.86,Eifel
Niemetal,1420,9.729226,51.519666,28.53,Weserbergland
Wollbach,1420,10.225025,50.365686,7.58,Rhön
Lindau,1420,9.904545,54.385276,25.18,übrig. Schleswig-Holstein
Jungingen,1419,9.040267,48.328284,9.33,Schwäbische Alb
Flammersfeld,1418,7.524291,50.646556,4.06,Westerwald
Deisenhausen,1418,10.324676,48.256156,11.67,Bayerisch-Schwaben
Moosach,1418,11.875619,48.032615,18.2,Ebersberger Grünes Land
Eggenthal,1416,10.511897,47.914934,28.04,Allgäu
Schönau-Berzdorf a. d. Eigen,1413,14.891813,51.064801,27.81,Oberlausitz/Niederschlesien
Appenheim,1413,8.033495,49.929855,6.98,Rheinhessen
"Bad Neualbenreuth, M",1412,12.444028,49.978772,50.13,Oberpfälzer Wald
Herrngiersdorf,1412,12.065933,48.790009,25.07,Bayerisches Thermenland
"Jonsdorf, Kurort",1411,14.698092,50.854179,9.03,Oberlausitz/Niederschlesien
Bollingstedt,1410,9.412302,54.592885,27.05,übrig. Schleswig-Holstein
Seebach,1410,8.169128,48.57575,19.04,Mittlerer Schwarzwald
Weidenstetten,1409,9.997084,48.552147,17.21,Schwäbische Alb
Forchheim,1409,7.702799,48.161908,10.78,Südlicher Schwarzwald
Mötzing,1408,12.374438,48.894211,36.17,Bayerisches Thermenland
Neckarzimmern,1407,9.133187,49.318459,8.17,Nördliches Baden-Württemberg
Ponitz,1407,12.42338,50.856197,17.12,Altenburger Land
Ruppertsberg,1407,8.197281,49.399386,8.06,Pfalz
Wenningstedt-Braderup (Sylt),1406,8.319785,54.931063,6.16,Nordsee
Hainsfarth,1404,10.623252,48.959308,17.54,Bayerisch-Schwaben
"Weiltingen, M",1404,10.450092,49.039601,24.02,Romantisches Franken - vom Naturpark Frankenhöhe zur Romantischen Straße
"Arneburg, Stadt",1402,12.002138,52.675249,31.14,Altmark
Hagnau am Bodensee,1402,9.320022,47.67625,2.94,Bodensee
Mariaposching,1402,12.808426,48.826556,19.61,Bayerischer Wald
Anhausen,1401,7.55307,50.499676,9.53,Westerwald
Haidmühle,1401,13.774766,48.827989,21.03,Bayerischer Wald
Biburg,1401,11.852586,48.790495,14.2,Bayerisches Thermenland
Klietz,1401,12.068304,52.66738,66.51,Altmark
Kunreuth,1400,11.143324,49.68231,9.82,Fränkische Schweiz
Halle,1400,9.563019,51.991248,28.85,Weserbergland
Oering,1399,10.14788,53.825234,9.09,übrig. Schleswig-Holstein
Lauben,1399,10.288982,48.060002,18.4,Allgäu
Rieden am Forggensee,1399,10.71286,47.616803,13.14,Allgäu
Langen,1399,7.468918,52.541236,33.53,Grafschaft Bentheim-Emsland-Osnabrücker Land
Gerdau,1399,10.419084,52.967698,38.24,Lüneburger Heide
Schwenningen,1399,10.65185,48.655503,25.05,Bayerisch-Schwaben
Mödingen,1398,10.430915,48.644493,23.03,Bayerisch-Schwaben
Holste,1398,8.857641,53.373558,35.37,Unterelbe-Unterweser
Kosel,1397,9.754483,54.505335,30.0,übrig. Schleswig-Holstein
Hasloch,1395,9.491265,49.793076,10.38,Spessart-Mainland
Unteregg,1395,10.466101,47.963267,23.69,Allgäu
Hergisdorf,1395,11.47889,51.537983,9.6,Harz und Harzvorland
Maring-Noviand,1393,6.986395,49.928466,12.23,Mosel-Saar
Geroldshausen,1393,9.900551,49.684161,10.39,Fränkisches Weinland
Gossersweiler-Stein,1393,7.927631,49.162934,8.61,Pfalz
Limbach,1393,12.251208,50.582859,14.21,Vogtland
Sallgast,1392,13.848571,51.588502,42.23,Lausitzer Seenland
Karsdorf,1392,11.652332,51.279783,19.93,"Halle, Saale, Unstrut"
Großniedesheim,1391,8.312351,49.57554,3.78,Pfalz
Malborn,1391,6.987872,49.715946,26.38,Hunsrück
Dreis,1390,6.815341,49.940604,11.25,Eifel
Ramerberg,1390,12.143714,48.017756,8.09,Chiemsee-Alpenland
Enkirch,1389,7.126942,49.983334,25.43,Mosel-Saar
Geslau,1389,10.310404,49.365617,41.96,Romantisches Franken - vom Naturpark Frankenhöhe zur Romantischen Straße
Taufkirchen,1389,12.456733,48.149216,25.33,Inn-Salzach
Milmersdorf,1389,13.641293,53.111703,63.56,Uckermark
Sustrum,1388,7.28378,52.911212,35.58,Grafschaft Bentheim-Emsland-Osnabrücker Land
"Bergen an der Dumme, Flecken",1387,10.956207,52.890829,25.63,Lüneburger Heide
Kasseedorf,1387,10.72002,54.164947,33.92,Holsteinische Schweiz
Etzelwang,1387,11.586047,49.526591,21.68,Bayerischer Jura
"Hornbach, Stadt",1387,7.369616,49.186042,13.34,Pfalz
Feichten a.d.Alz,1386,12.595784,48.081776,17.92,Inn-Salzach
Wildsteig,1385,10.933943,47.7019,47.67,Pfaffenwinkel
"Hohenberg a.d.Eger, St",1384,12.222982,50.096856,17.72,Fichtelgebirge
Heeßen,1383,9.105587,52.23215,1.9,Weserbergland
Lewitzrand,1381,11.688075,53.48347,46.82,Westmecklenburg
Wolmirsleben,1380,11.487354,51.947359,16.85,"Magdeburg, Elbe-Börde-Heide"
Dachsberg (Südschwarzwald),1380,8.100949,47.729949,35.6,Südlicher Schwarzwald
Ditfurt,1380,11.197705,51.829924,23.88,Harz und Harzvorland
Wakendorf II,1378,10.081705,53.782814,12.8,übrig. Schleswig-Holstein
Königsfeld,1377,12.755705,51.063053,28.42,Chemnitz Zwickau Region
Trogen,1377,11.953831,50.364506,12.32,Fichtelgebirge
Gundremmingen,1376,10.404234,48.501014,10.84,Bayerisch-Schwaben
Mickhausen,1376,10.639736,48.244483,15.88,Bayerisch-Schwaben
Mielkendorf,1375,10.040779,54.284565,7.78,übrig. Schleswig-Holstein
Schneizlreuth,1375,12.802281,47.690229,107.27,Berchtesgadener Land
Ganzlin,1374,12.251489,53.38328,87.92,Westmecklenburg
Clausen,1374,7.677124,49.260092,12.45,Pfalz
Weng,1373,12.369576,48.658549,15.62,Bayerisches Thermenland
"Hohenleuben, Stadt",1373,12.051165,50.711787,9.53,Thüringer Vogtland
Egglkofen,1373,12.450509,48.395498,13.98,Inn-Salzach
Berg im Gau,1373,11.244861,48.636107,22.59,Oberbayerns Städte
Kienberg,1373,12.462379,48.036232,22.83,Chiemsee-Chiemgau
Golzow,1372,12.605916,52.278452,40.24,Fläming
Martinshöhe,1372,7.478836,49.364351,10.93,Pfalz
Märkisch Luch,1372,12.558619,52.566196,71.53,Havelland
Holzgünz,1371,10.258484,48.02553,12.08,Allgäu
Varrel,1371,8.730968,52.621233,43.99,Mittelweser
Agathenburg,1371,9.528825,53.562845,11.31,Unterelbe-Unterweser
Gillenfeld,1370,6.905652,50.127433,15.0,Eifel
Orenhofen,1370,6.6507,49.896875,12.05,Eifel
"Aub, St",1370,10.06413,49.552013,17.54,Fränkisches Weinland
Wesseln,1370,9.075443,54.208327,3.76,übrig. Schleswig-Holstein
Ötzingen,1369,7.830601,50.49939,5.98,Westerwald
Wewelsfleth,1369,9.399714,53.842946,24.54,übrig. Schleswig-Holstein
Dellfeld,1369,7.480612,49.236746,7.25,Pfalz
Langenhahn,1369,7.918297,50.583308,5.75,Westerwald
Binswangen,1368,10.640403,48.557831,11.91,Bayerisch-Schwaben
"Schwarzhofen, M",1368,12.343887,49.378452,36.11,Oberpfälzer Wald
Urspringen,1368,9.671973,49.901774,17.99,Spessart-Mainland
Baisweil,1367,10.541831,47.943787,26.29,Allgäu
Oberndorf,1367,9.145492,53.751967,32.71,Nordseeküste
"Winklarn, M",1366,12.481974,49.426094,33.69,Oberpfälzer Wald
Günzach,1362,10.435285,47.823449,23.47,Allgäu
Hetzles,1362,11.128533,49.635223,11.77,Fränkische Schweiz
Lindendorf,1362,14.406379,52.494627,40.14,Seenland Oder-Spree
Tuchenbach,1362,10.859901,49.530704,6.48,Romantisches Franken - vom Naturpark Frankenhöhe zur Romantischen Straße
Schwabstedt,1361,9.185238,54.395651,19.64,übrig. Schleswig-Holstein
Kröppelshagen-Fahrendorf,1361,10.315197,53.488589,8.37,übrig. Schleswig-Holstein
Klein Rogahn,1360,11.346171,53.606116,11.12,Westmecklenburg
Oberdolling,1360,11.592558,48.829248,19.36,Naturpark Altmühltal
Rückersdorf,1360,13.563897,51.575187,24.71,Elbe Elster Land
Neutrebbin,1359,14.225618,52.663302,36.76,Seenland Oder-Spree
Brockel,1359,9.520542,53.095016,25.2,Lüneburger Heide
Hornstorf,1359,11.53202,53.909104,14.9,Mecklenburgische Ostseeküste
Ebenweiler,1359,9.513264,47.900658,10.13,Oberschwaben-Allgäu
Langeoog,1358,7.479321,53.747016,19.73,Ostfriesische Inseln
Otterwisch,1357,12.609653,51.203122,22.76,Leipzig Region
"Marktschorgast, M",1357,11.654665,50.093518,15.81,Fichtelgebirge
"Kroppenstedt, Stadt",1357,11.308753,51.942154,38.92,"Magdeburg, Elbe-Börde-Heide"
Antdorf,1356,11.308407,47.749411,22.38,Pfaffenwinkel
Wiltingen,1356,6.588791,49.65978,16.01,Mosel-Saar
Trabitz,1356,11.896308,49.800355,26.68,Oberpfälzer Wald
Grattersdorf,1356,13.15342,48.803644,25.98,Bayerischer Wald
Fünfstetten,1356,10.76439,48.832623,26.71,Bayerisch-Schwaben
Schwarzach b.Nabburg,1356,12.227585,49.410332,27.36,Oberpfälzer Wald
Wurmsham,1355,12.337279,48.343045,28.17,Bayerisches Thermenland
Eddelak,1355,9.137433,53.945888,9.21,übrig. Schleswig-Holstein
"Gartow, Flecken",1354,11.46141,53.025263,28.41,Lüneburger Heide
Stralendorf,1353,11.300046,53.574587,11.96,Westmecklenburg
Elsnig,1352,12.928442,51.61115,36.91,Leipzig Region
Schmiechen,1352,10.965841,48.212774,13.5,Bayerisch-Schwaben
Fischbach bei Dahn,1351,7.71156,49.087476,32.87,Pfalz
Goldbeck,1350,11.862559,52.717293,26.99,Altmark
"Plech, M",1350,11.468558,49.651706,15.29,Fränkische Schweiz
Rümpel,1350,10.351796,53.782963,15.89,übrig. Schleswig-Holstein
Bleialf,1350,6.287268,50.239368,7.55,Eifel
Steinkirchen,1349,12.079194,48.374678,18.08,Münchener Umland
Esthal,1348,7.985522,49.377306,15.5,Pfalz
Stäbelow,1348,12.020973,54.040371,15.12,Mecklenburgische Ostseeküste
Wardow,1348,12.410105,53.928103,69.39,Mecklenburgische Schweiz und Seenplatte
Ober-Flörsheim,1348,8.155056,49.683754,10.24,Rheinhessen
Riol,1348,6.791417,49.79356,6.3,Mosel-Saar
Dürrholz,1347,7.58146,50.587821,6.9,Westerwald
Reimlingen,1346,10.51656,48.817302,9.53,Bayerisch-Schwaben
Üxheim,1346,6.759467,50.341184,30.99,Eifel
Schweigen-Rechtenbach,1345,7.961961,49.055708,16.01,Pfalz
"Neuerburg, Stadt",1344,6.294783,50.011631,10.17,Eifel
Bokholt-Hanredder,1344,9.735213,53.787955,8.56,übrig. Schleswig-Holstein
Tirpersdorf,1342,12.25539,50.434717,19.57,Vogtland
Kleinaitingen,1342,10.840706,48.219286,15.66,Bayerisch-Schwaben
Seulingen,1341,10.160868,51.543758,11.1,Harz
Grolsheim,1339,7.914483,49.909885,3.91,Rheinhessen
Kirchdorf,1339,12.195986,48.175555,21.03,Inn-Salzach
Wiesengrund/Łukojce,1338,14.536405,51.675179,50.44,Lausitzer Seenland
Udenheim,1338,8.171921,49.864584,7.97,Rheinhessen
Mertloch,1338,7.307472,50.27181,10.28,Eifel
"Burgpreppach, M",1338,10.648428,50.140945,38.76,Haßberge
Bächingen a.d.Brenz,1335,10.312137,48.546161,7.35,Bayerisch-Schwaben
Talheim,1334,8.662077,48.01059,13.12,Schwäbische Alb
Oberreichenbach,1334,10.769904,49.589955,4.82,Steigerwald
Görisried,1333,10.506919,47.706839,23.14,Allgäu
Sachsenkam,1333,11.64358,47.806902,15.92,Tölzer Land
Breiholz,1333,9.521979,54.206128,18.51,übrig. Schleswig-Holstein
Emkendorf,1331,9.853171,54.26233,38.96,übrig. Schleswig-Holstein
"Lieberose, Stadt",1330,14.30064,51.988274,73.03,Spreewald
Küsten,1330,11.06516,52.97687,41.53,Lüneburger Heide
Grabowhöfe,1330,12.594231,53.569758,43.09,Mecklenburgische Schweiz und Seenplatte
Helgoland,1329,7.887147,54.181561,4.21,Nordsee
Wieseth,1329,10.482033,49.160911,20.59,Romantisches Franken - vom Naturpark Frankenhöhe zur Romantischen Straße
Gädheim,1329,10.343449,50.024261,9.58,Haßberge
Mogendorf,1329,7.760042,50.493943,4.22,Westerwald
"Aislingen, M",1329,10.455887,48.506631,19.35,Bayerisch-Schwaben
Etzbach,1328,7.686988,50.77852,3.04,Westerwald
Biendorf,1328,11.700348,54.074807,40.99,Mecklenburgische Ostseeküste
Paulinenaue,1328,12.710464,52.675763,31.58,Havelland
Schlehdorf,1327,11.315207,47.657932,25.39,Tölzer Land
Perach,1326,12.767571,48.265551,14.13,Inn-Salzach
Neuenkirchen,1326,8.893851,53.777163,19.64,Nordseeküste
"Thüngen, M",1326,9.857816,49.941657,13.6,Fränkisches Weinland
Bruck,1326,11.907755,48.021043,21.59,Ebersberger Grünes Land
Dingolshausen,1326,10.387831,49.906407,10.23,Steigerwald
"Eisenheim, M",1325,10.17989,49.890048,11.56,Fränkisches Weinland
Gutenstetten,1324,10.630312,49.615842,21.36,Steigerwald
Obermarchtal,1323,9.568532,48.233294,26.59,Schwäbische Alb
Binau,1323,9.059764,49.367567,4.83,Nördliches Baden-Württemberg
Erpolzheim,1322,8.225515,49.489142,3.6,Pfalz
Deensen,1321,9.590468,51.862702,11.04,Weserbergland
Kirchhaslach,1321,10.309701,48.149798,31.99,Allgäu
Rammenau,1321,14.135515,51.15399,10.76,Oberlausitz/Niederschlesien
Gülzow,1321,10.490939,53.442249,17.07,übrig. Schleswig-Holstein
"Göhren, Ostseebad",1320,13.740906,54.341565,6.93,Rügen/Hiddensee
Hartmannsdorf b. Kirchberg,1320,12.547335,50.595343,27.17,Chemnitz Zwickau Region
Seibersbach,1319,7.71527,49.960213,14.63,Naheland
Niederlangen,1318,7.284729,52.856972,29.36,Grafschaft Bentheim-Emsland-Osnabrücker Land
Balgheim,1317,8.763938,48.066254,7.61,Schwäbische Alb
Hof,1317,8.014413,50.666559,8.08,Westerwald
Kleinmaischeid,1316,7.606314,50.512183,6.99,Westerwald
Ebertsheim,1315,8.10893,49.56781,5.29,Pfalz
Rittersdorf,1315,6.496749,49.997521,11.87,Eifel
Gondershausen,1315,7.496868,50.160728,13.45,Hunsrück
Steinebach/ Sieg,1313,7.826574,50.731885,4.54,Westerwald
Dähre,1311,10.908302,52.800712,79.22,Altmark
Kirchlauter,1311,10.716606,50.043605,16.91,Haßberge
Meddersheim,1311,7.615399,49.77687,13.15,Naheland
Bartenshagen-Parkentin,1310,11.978504,54.078304,15.33,Mecklenburgische Ostseeküste
Schloßvippach,1309,11.141288,51.106507,21.03,Welterberegion Wartburg-Hainich
Gröden,1309,13.573783,51.405884,22.14,Elbe Elster Land
Gusow-Platkow,1307,14.353613,52.571655,38.05,Seenland Oder-Spree
Gestratz,1307,9.98642,47.647887,15.32,Allgäu
Thomasburg,1307,10.657813,53.232111,26.74,Lüneburger Heide
Bliesdorf,1306,14.160301,52.693135,34.97,Seenland Oder-Spree
Groß Wittensee,1305,9.769945,54.404606,23.6,übrig. Schleswig-Holstein
Bell,1305,7.232896,50.387486,10.26,Eifel
Fachbach,1305,7.691321,50.338102,2.23,Lahntal
Aland,1304,11.698147,52.923824,92.84,Altmark
Häusern,1304,8.16842,47.754099,8.88,Südlicher Schwarzwald
Badem,1304,6.607855,50.004334,9.16,Eifel
Ebernhahn,1303,7.769891,50.472174,3.31,Westerwald
Weselberg,1303,7.607173,49.335593,14.64,Pfalz
Altenkirchen,1302,7.320514,49.442401,6.44,Pfalz
Düngenheim,1302,7.170312,50.258803,9.31,Eifel
Dabel,1301,11.903641,53.66105,24.77,Westmecklenburg
"Richtenberg, Stadt",1301,12.889018,54.200643,15.67,Vorpommern
"Bütthard, M",1301,9.879553,49.599237,36.26,Fränkisches Weinland
Gemünden,1300,7.480598,49.895912,10.66,Hunsrück
Altefähr,1300,13.126612,54.330671,20.6,Rügen/Hiddensee
Carinerland,1300,11.708623,54.012406,52.67,Mecklenburgische Ostseeküste
Wassenach,1299,7.279915,50.435005,6.17,Ahr
Schöfweg,1297,13.228763,48.839337,19.02,Bayerischer Wald
Trautskirchen,1296,10.590874,49.457658,19.81,Steigerwald
Schlagsdorf,1296,10.824221,53.730826,20.44,Mecklenburgische Ostseeküste
Monzelfeld,1296,7.074778,49.89108,12.51,Hunsrück
Villenbach,1295,10.615175,48.509484,17.8,Bayerisch-Schwaben
Zusamaltheim,1294,10.635449,48.530034,17.93,Bayerisch-Schwaben
Reichenbach,1294,12.346517,49.183626,10.53,Bayerischer Wald
Kasel,1293,6.731751,49.761893,4.53,Mosel-Saar
Lemgow,1293,11.321674,52.910082,64.48,Lüneburger Heide
Zurow,1291,11.615148,53.863817,40.8,Mecklenburgische Ostseeküste
Mehren,1291,6.88069,50.176524,13.0,Eifel
Hammoor,1290,10.322497,53.713776,7.82,übrig. Schleswig-Holstein
Mönchhagen,1290,12.226247,54.147623,10.74,Mecklenburgische Ostseeküste
Ingersleben,1290,11.141725,52.21351,31.63,"Magdeburg, Elbe-Börde-Heide"
Schafstedt,1290,9.293675,54.079915,18.16,übrig. Schleswig-Holstein
Drelsdorf,1289,9.041284,54.60599,17.7,übrig. Schleswig-Holstein
Berg,1289,6.948799,50.556432,18.95,Ahr
Domsühl,1288,11.771497,53.487338,40.25,Westmecklenburg
Selke-Aue,1288,11.271652,51.840153,36.78,Harz und Harzvorland
Neu Darchau,1288,10.884199,53.227889,22.73,Lüneburger Heide
"Burgwindheim, M",1288,10.595363,49.827259,37.38,Steigerwald
Aichelberg,1287,9.567184,48.638498,4.01,Region Stuttgart
Heuchelheim bei Frankenthal,1287,8.289569,49.56327,5.76,Pfalz
Gräfendorf,1287,9.738256,50.121214,45.3,Spessart-Mainland
Pechbrunn,1287,12.168271,49.968635,26.46,Oberpfälzer Wald
Niederdorf,1286,12.786017,50.726686,13.06,Erzgebirge
Herschweiler-Pettersheim,1285,7.34879,49.476474,7.47,Pfalz
Glashütten,1284,11.448864,49.890901,3.53,Fränkische Schweiz
Westerhorn,1284,9.681996,53.857844,9.37,übrig. Schleswig-Holstein
Elstertrebnitz,1284,12.2391,51.147289,11.66,Leipzig Region
Ebnath,1282,11.940206,49.950372,11.04,Oberpfälzer Wald
Kirchworbis,1282,10.398331,51.41134,5.45,Eichsfeld
Baar (Schwaben),1282,10.960289,48.588885,16.9,Bayerisch-Schwaben
Dausenau,1281,7.762292,50.330964,9.92,Lahntal
Oybin,1281,14.741702,50.841219,18.28,Oberlausitz/Niederschlesien
Damshagen,1281,11.153059,53.928323,38.57,Mecklenburgische Ostseeküste
Tüttendorf,1280,9.993457,54.392146,17.74,übrig. Schleswig-Holstein
Marktoffingen,1280,10.468622,48.923783,13.59,Bayerisch-Schwaben
"Markt Berolzheim, M",1280,10.844561,49.007979,14.56,Fränkisches Seenland
Seybothenreuth,1279,11.704726,49.895897,17.43,Fichtelgebirge
Güster,1279,10.680583,53.53952,7.78,übrig. Schleswig-Holstein
Lauenhagen,1279,9.208019,52.356164,9.71,Weserbergland
Bad Bayersoien,1278,10.996604,47.690984,17.65,Zugspitz-Region
Staudt,1277,7.827296,50.465019,2.65,Westerwald
Steimel,1277,7.627892,50.617697,5.59,Westerwald
Hüffelsheim,1276,7.799758,49.822271,6.55,Naheland
Holtsee,1276,9.854739,54.39873,21.72,übrig. Schleswig-Holstein
"Mönchgut, Ostseebad",1276,13.704918,54.330057,20.66,Rügen/Hiddensee
Didderse,1276,10.402871,52.381017,7.42,Lüneburger Heide
Kadenbach,1276,7.72874,50.386876,4.45,Westerwald
Lehmkuhlen,1275,10.361157,54.225915,31.38,Holsteinische Schweiz
"Waldstetten, M",1274,10.291038,48.348836,11.13,Bayerisch-Schwaben
Zöllnitz,1273,11.642431,50.86914,4.2,Saaleland
Halsenbach,1273,7.550566,50.17601,9.89,Hunsrück
Köngernheim,1272,8.246313,49.845416,3.63,Rheinhessen
Cornberg,1272,9.862856,51.042677,23.36,Waldhessen (Hersfeld-Rotenburg)
Georgenberg,1272,12.420471,49.702543,36.81,Oberpfälzer Wald
"Franzburg, Stadt",1272,12.877572,54.186968,15.2,Vorpommern
Sommersdorf,1271,11.07931,52.166282,29.36,"Magdeburg, Elbe-Börde-Heide"
Waake,1271,10.056425,51.555296,7.9,Harz
Sölden,1271,7.809109,47.932118,3.8,Südlicher Schwarzwald
Vielank,1271,11.140507,53.234587,77.53,Westmecklenburg
Stöckse,1271,9.341552,52.641122,38.52,Mittelweser
Auhagen,1271,9.294945,52.398326,12.35,Weserbergland
Oldenswort,1270,8.94255,54.372931,45.84,übrig. Schleswig-Holstein
"Prerow, Ostseebad",1269,12.567539,54.447148,11.29,Vorpommern
Heustreu,1269,10.258,50.35418,10.56,Rhön
Mehlmeisel,1268,11.854737,49.976004,13.23,Fichtelgebirge
Wallerfing,1268,12.880439,48.684111,20.76,Bayerisches Thermenland
Küllstedt,1267,10.27809,51.276661,13.11,Eichsfeld
Reinhardtsdorf-Schöna,1267,14.188622,50.894631,31.8,Sächsische Schweiz
Dennheritz,1266,12.460898,50.815499,13.37,Chemnitz Zwickau Region
Georgsdorf,1266,7.070904,52.5707,19.29,Grafschaft Bentheim-Emsland-Osnabrücker Land
Lembruch,1265,8.366446,52.526785,22.67,Mittelweser
Horstedt,1265,9.228784,53.177667,22.57,Unterelbe-Unterweser
Longuich,1265,6.770531,49.807532,8.82,Mosel-Saar
Lehmen,1265,7.449898,50.284121,10.25,Mosel-Saar
Rammingen,1264,10.170794,48.519683,14.03,Schwäbische Alb
Binsfeld,1264,6.706661,49.964485,9.95,Eifel
Königsfeld,1263,11.163108,49.945469,42.84,Fränkische Schweiz
Stolpe,1263,10.222608,54.128911,23.21,übrig. Schleswig-Holstein
Aufseß,1263,11.228675,49.8843,29.4,Fränkische Schweiz
Niederwerth,1261,7.606683,50.39585,3.04,Mittelrheintal
Hawangen,1260,10.26318,47.971213,14.53,Allgäu
Brücken,1260,7.111323,49.637723,13.66,Naheland
Sulzheim,1260,8.092437,49.844475,6.07,Rheinhessen
Steinhorst,1259,10.404833,52.689985,57.97,Lüneburger Heide
Lautrach,1259,10.115516,47.897235,8.07,Allgäu
Rügland,1257,10.58597,49.400863,20.91,Romantisches Franken - vom Naturpark Frankenhöhe zur Romantischen Straße
Niedermurach,1257,12.377216,49.448693,29.97,Oberpfälzer Wald
Kirchwalsede,1256,9.393998,53.020946,36.91,Lüneburger Heide
Sommerkahl,1256,9.258161,50.070187,5.46,Spessart-Mainland
Pölitz,1256,10.381723,53.772565,12.96,übrig. Schleswig-Holstein
Züssow,1255,13.546049,53.981577,29.64,Vorpommern
Nützen,1255,9.91977,53.864679,21.62,übrig. Schleswig-Holstein
Breitenthal,1255,10.297763,48.23717,13.27,Bayerisch-Schwaben
Kottweiler-Schwanden,1255,7.538939,49.473245,7.61,Pfalz
Sörgenloch,1255,8.200996,49.88327,2.43,Rheinhessen
Lasbek,1254,10.361146,53.733328,12.4,übrig. Schleswig-Holstein
Kehrig,1254,7.222549,50.279555,10.38,Eifel
Maihingen,1253,10.502083,48.927633,14.18,Bayerisch-Schwaben
Eppenbrunn,1252,7.559521,49.116242,34.03,Pfalz
Riegsee,1252,11.233785,47.698773,20.44,Zugspitz-Region
Bruckberg,1252,10.697953,49.358083,7.61,Romantisches Franken - vom Naturpark Frankenhöhe zur Romantischen Straße
Ellzee,1252,10.318667,48.337528,14.77,Bayerisch-Schwaben
Nübel,1251,9.583971,54.563867,18.34,übrig. Schleswig-Holstein
Gesees,1251,11.537687,49.899555,10.43,Fränkische Schweiz
Ustersbach,1251,10.640653,48.31583,11.13,Bayerisch-Schwaben
"Baudenbach, M",1251,10.536675,49.62386,22.09,Steigerwald
Biebelried,1250,10.08231,49.764669,22.73,Fränkisches Weinland
Hitzhusen,1250,9.851845,53.923021,7.93,übrig. Schleswig-Holstein
Egweil,1250,11.231911,48.785765,9.39,Naturpark Altmühltal
Dudeldorf,1250,6.636239,49.973758,11.02,Eifel
Stelzenberg,1249,7.739726,49.380053,9.24,Pfalz
Siefersheim,1249,7.957191,49.796519,6.28,Rheinhessen
Vaale,1249,9.379645,53.999755,14.91,übrig. Schleswig-Holstein
"Sankt Goarshausen, Loreleystadt, Stadt",1248,7.719227,50.153545,7.06,Mittelrheintal
Zeschdorf,1248,14.44273,52.426849,40.44,Seenland Oder-Spree
Balzhausen,1247,10.493311,48.242055,14.63,Bayerisch-Schwaben
Stadelhofen,1247,11.197502,50.003189,41.1,Obermain.Jura
Wittelshofen,1246,10.480991,49.060123,24.22,Romantisches Franken - vom Naturpark Frankenhöhe zur Romantischen Straße
"Siedenburg, Flecken",1246,8.940684,52.692898,14.23,Mittelweser
Bösdorf,1246,10.490762,54.14153,21.09,Holsteinische Schweiz
Kirchenpingarten,1244,11.786196,49.921908,33.54,Fichtelgebirge
Weigendorf,1244,11.570203,49.499158,12.58,Bayerischer Jura
Sonneborn,1242,10.58792,50.992319,16.47,Welterberegion Wartburg-Hainich
Sulzfeld a.Main,1242,10.130682,49.708224,7.68,Fränkisches Weinland
Osterspai,1242,7.617194,50.243537,13.02,Mittelrheintal
Felm,1241,10.061496,54.409603,15.33,übrig. Schleswig-Holstein
Gingst,1241,13.259199,54.456954,21.75,Rügen/Hiddensee
Breitenburg,1241,9.572387,53.904698,10.47,übrig. Schleswig-Holstein
Enzklösterle,1240,8.474621,48.668044,20.18,Nördlicher Schwarzwald
Hüde,1240,8.356987,52.49539,24.41,Mittelweser
Büchel,1240,7.082821,50.172678,12.84,Eifel
Bokensdorf,1240,10.716047,52.501433,14.5,Lüneburger Heide
Gilten,1239,9.571926,52.706176,33.54,Lüneburger Heide
Klettbach,1239,11.150336,50.912913,15.23,Weimarer Land
Leupoldsgrün,1238,11.799216,50.289812,10.25,Frankenwald
Hasel,1237,7.897903,47.654288,11.65,Südlicher Schwarzwald
Todendorf,1237,10.348958,53.694794,12.81,übrig. Schleswig-Holstein
Müssen,1237,10.562546,53.494346,11.46,übrig. Schleswig-Holstein
Helferskirchen,1236,7.814659,50.512795,5.0,Westerwald
Tiddische,1235,10.80446,52.516745,16.84,Lüneburger Heide
Steinsfeld,1235,10.212126,49.421065,31.8,Romantisches Franken - vom Naturpark Frankenhöhe zur Romantischen Straße
Kallstadt,1234,8.175079,49.4913,6.57,Pfalz
Pellingen,1233,6.670684,49.674634,7.21,Mosel-Saar
Niederbergkirchen,1233,12.50617,48.312607,24.7,Inn-Salzach
Evessen,1232,10.71125,52.188334,17.55,Braunschweiger Land
Bensdorf,1232,12.343381,52.420493,34.34,Havelland
Wiesthal,1232,9.430765,50.030589,9.24,Spessart-Mainland
Großschweidnitz,1232,14.641025,51.06896,7.47,Oberlausitz/Niederschlesien
Lieser,1231,7.021045,49.919342,5.43,Mosel-Saar
Hopferau,1230,10.633921,47.612561,13.15,Allgäu
Hedersleben,1229,11.254384,51.858198,16.6,Harz und Harzvorland
Malching,1229,13.188575,48.313011,25.24,Bayerisches Thermenland
Münster,1228,10.906217,48.623205,17.72,Bayerisch-Schwaben
Nauroth,1228,7.876722,50.700359,6.87,Westerwald
Herforst,1228,6.695817,49.946466,3.75,Eifel
Unterleinleiter,1227,11.190906,49.822464,12.47,Fränkische Schweiz
Schönwald,1226,13.764921,51.977766,44.94,Spreewald
Wiesenau,1225,14.591206,52.230713,29.75,Seenland Oder-Spree
Kolbingen,1225,8.890061,48.05345,16.5,Schwäbische Alb
Linau,1225,10.46755,53.643933,9.66,übrig. Schleswig-Holstein
Ruppach-Goldhausen,1224,7.880475,50.463234,4.4,Westerwald
"Lassan, Stadt",1224,13.845043,53.945625,28.21,Vorpommern
Eyendorf,1223,10.153673,53.202349,13.74,Lüneburger Heide
Neuschoo,1223,7.512686,53.577457,14.47,Ostfriesland
Altenbuch,1223,9.401534,49.827992,37.64,Spessart-Mainland
Hellenhahn-Schellenberg,1222,8.024118,50.61068,7.28,Westerwald
"Barenburg, Flecken",1222,8.798729,52.621324,16.45,Mittelweser
Quitzdorf am See / Kwetanecy pri jezoru,1221,14.728696,51.267035,36.33,Oberlausitz/Niederschlesien
Klotten,1221,7.199421,50.166374,16.04,Mosel-Saar
Reichenwalde,1220,13.998033,52.264685,26.31,Seenland Oder-Spree
Untermaßfeld,1220,10.414949,50.53108,10.79,Thüringer Rhön
Fürthen,1220,7.668743,50.77935,2.19,Westerwald
Raitenbuch,1219,11.126572,49.014939,38.17,Fränkisches Seenland
Aletshausen,1218,10.389531,48.1998,17.65,Bayerisch-Schwaben
Demen,1217,11.765585,53.629942,46.82,Westmecklenburg
Dedelstorf,1216,10.504885,52.701001,76.32,Lüneburger Heide
Roskow,1216,12.715223,52.472329,39.26,Havelland
"Markt Einersheim, M",1216,10.295646,49.687505,7.77,Steigerwald
Beutelsbach,1215,13.113604,48.551651,20.39,Bayerisches Thermenland
Welle,1214,9.801616,53.240407,20.04,Lüneburger Heide
Höslwang,1214,12.329632,47.954333,16.18,Chiemsee-Alpenland
Essel,1213,9.64201,52.6919,34.15,Lüneburger Heide
Lonnig,1213,7.40734,50.31047,5.5,Eifel
Spabrücken,1212,7.712827,49.899687,16.61,Naheland
Carlow,1212,10.935979,53.758146,31.81,Mecklenburgische Ostseeküste
Weißdorf,1211,11.84847,50.185442,21.91,Fichtelgebirge
Malgersdorf,1211,12.747196,48.532507,11.48,Bayerisches Thermenland
Eglfing,1211,11.178794,47.734087,16.16,Pfaffenwinkel
Insingen,1211,10.164123,49.302953,21.32,Romantisches Franken - vom Naturpark Frankenhöhe zur Romantischen Straße
Hassendorf,1211,9.268038,53.112036,11.71,Unterelbe-Unterweser
Girod,1211,7.910898,50.450715,7.46,Westerwald
Gusborn,1209,11.195998,53.106259,48.3,Lüneburger Heide
Holzhausen an der Haide,1209,7.908817,50.22027,8.48,Lahntal
Hipstedt,1209,8.968361,53.495714,29.43,Unterelbe-Unterweser
Apfeldorf,1208,10.92837,47.895579,12.31,Ammersee-Lech
"Liebstadt, Stadt",1207,13.856393,50.863515,37.36,Sächsische Schweiz
Märkisch Linden,1207,12.708379,52.918014,44.19,Ruppiner Seenland
Rieden,1207,7.176587,50.395085,9.1,Eifel
Elgersburg,1206,10.853695,50.704539,9.49,Thüringer Wald
Sindelsdorf,1206,11.334112,47.724777,17.5,Pfaffenwinkel
Dettum,1204,10.669944,52.173042,17.2,Braunschweiger Land
Röfingen,1204,10.444424,48.424444,6.62,Bayerisch-Schwaben
Horben,1204,7.858704,47.935189,8.75,Südlicher Schwarzwald
Groß Kiesow,1203,13.477075,54.012127,47.73,Vorpommern
Wöhrden,1203,8.994508,54.165463,21.77,übrig. Schleswig-Holstein
Dünsen,1202,8.637791,52.924212,10.88,Oldenburger Land
Kastorf,1202,10.570134,53.748875,6.9,übrig. Schleswig-Holstein
Oberpöring,1201,12.825482,48.702125,17.39,Bayerisches Thermenland
Trossin,1200,12.824604,51.618371,79.68,Leipzig Region
Hauptstuhl,1199,7.492518,49.400211,5.0,Pfalz
Theisseil,1198,12.226711,49.691676,21.39,Oberpfälzer Wald
"Leuchtenberg, M",1198,12.256878,49.597435,32.36,Oberpfälzer Wald
Nistertal,1198,7.89282,50.626792,3.94,Westerwald
Schönau a.d.Brend,1196,10.104756,50.380479,15.57,Rhön
Neuenkirchen,1196,8.748262,52.774432,14.67,Mittelweser
Dahme,1195,11.08163,54.223661,9.11,Ostsee
Dohren,1195,9.70182,53.305306,12.2,Lüneburger Heide
Ilbesheim bei Landau in der Pfalz,1195,8.053633,49.182621,6.07,Pfalz
Görzke,1194,12.374401,52.172173,75.58,Fläming
Kellenhusen (Ostsee),1194,11.060024,54.190749,8.17,Ostsee
Gnutz,1194,9.823515,54.13533,22.93,übrig. Schleswig-Holstein
Freisbach,1193,8.270735,49.272207,4.97,Pfalz
Oberelbert,1193,7.816133,50.389904,3.45,Westerwald
Lindenberg,1193,8.096909,49.381314,3.79,Pfalz
Effelder,1193,10.246509,51.239151,10.94,Eichsfeld
Axstedt,1192,8.77323,53.35533,10.74,Unterelbe-Unterweser
Wutach,1192,8.444351,47.837555,30.51,Südlicher Schwarzwald
Berlingerode,1192,10.238458,51.458578,11.74,Eichsfeld
Erlbach,1191,12.786431,48.30704,28.13,Inn-Salzach
"Kohlberg, M",1190,12.01953,49.59155,33.52,Oberpfälzer Wald
Hennweiler,1190,7.436117,49.819237,14.1,Naheland
Neupetershain/Nowe Wiki,1190,14.164538,51.605157,18.8,Lausitzer Seenland
Alt Meteln,1190,11.340119,53.746405,23.22,Mecklenburgische Ostseeküste
Munkbrarup,1189,9.561132,54.8032,13.27,Ostsee
Enge-Sande,1188,8.98049,54.726675,24.82,übrig. Schleswig-Holstein
Lauter,1188,10.786311,49.972563,12.4,Haßberge
Merzalben,1188,7.73204,49.244632,30.0,Pfalz
Wallmenroth,1186,7.837401,50.796708,3.86,Westerwald
Linden,1185,7.645916,49.351256,5.09,Pfalz
Bockenau,1185,7.680669,49.837509,9.66,Naheland
Pellworm,1185,8.686238,54.518632,37.45,Nordsee
Hirschbach,1184,11.537719,49.55553,31.02,Bayerischer Jura
Borstel,1184,8.971999,52.669312,31.08,Mittelweser
Gersten,1184,7.495371,52.571887,28.83,Grafschaft Bentheim-Emsland-Osnabrücker Land
Nebelschütz / Njebjelčicy,1183,14.158044,51.263233,22.93,Oberlausitz/Niederschlesien
Münchweiler an der Alsenz,1183,7.884288,49.550619,7.09,Pfalz
Reinstorf,1183,10.572521,53.234322,30.48,Lüneburger Heide
Genderkingen,1183,10.879082,48.707762,11.67,Bayerisch-Schwaben
Zangberg,1182,12.424421,48.274482,9.83,Inn-Salzach
Neuwittenbek,1181,10.028294,54.367896,13.12,übrig. Schleswig-Holstein
Krickenbach,1181,7.666436,49.362893,10.03,Pfalz
Spornitz,1180,11.718505,53.407009,49.14,Westmecklenburg
Plötzkau,1180,11.685753,51.74533,23.91,"Magdeburg, Elbe-Börde-Heide"
Obermaßfeld-Grimmenthal,1179,10.44002,50.529849,5.59,Thüringer Rhön
Seck,1179,8.048049,50.576819,8.61,Westerwald
Ellgau,1179,10.869101,48.59937,13.91,Bayerisch-Schwaben
Michelau i.Steigerwald,1178,10.430249,49.90689,14.16,Steigerwald
Klein Berßen,1177,7.463796,52.768675,16.93,Grafschaft Bentheim-Emsland-Osnabrücker Land
Langenorla,1177,11.577882,50.740303,22.58,Thüringer Wald
Diebach,1177,10.187948,49.309419,22.34,Romantisches Franken - vom Naturpark Frankenhöhe zur Romantischen Straße
Kirchseelte,1176,8.677608,52.947891,15.0,Oldenburger Land
Trinwillershagen,1176,12.627245,54.249239,34.32,Vorpommern
Egg a.d.Günz,1176,10.283864,48.086384,20.71,Allgäu
Friedenfels,1175,12.102638,49.883436,16.28,Oberpfälzer Wald
Osterwald,1174,7.056631,52.548426,33.44,Grafschaft Bentheim-Emsland-Osnabrücker Land
Neustadt a.Main,1174,9.56761,49.930042,19.81,Spessart-Mainland
Werpeloh,1174,7.507496,52.875508,35.33,Grafschaft Bentheim-Emsland-Osnabrücker Land
Hirschfeld,1173,13.616906,51.386942,20.46,Elbe Elster Land
Aichen,1172,10.53914,48.227088,17.62,Bayerisch-Schwaben
Oberrieden,1171,10.427632,48.086861,20.81,Allgäu
Kirchberg,1170,12.048411,48.40547,17.1,Münchener Umland
Weißenohe,1170,11.253851,49.629594,4.69,Fränkische Schweiz
Katzhütte,1170,11.053083,50.552775,28.87,Thüringer Wald
"Ottenstein, Flecken",1170,9.408921,51.946485,32.92,Weserbergland
Rethwisch,1169,10.442751,53.782724,13.24,übrig. Schleswig-Holstein
Großenstein,1169,12.196776,50.902019,14.51,Thüringer Vogtland
Rohlstorf,1169,10.408268,53.971759,19.68,übrig. Schleswig-Holstein
Schnega,1168,10.892015,52.890334,54.36,Lüneburger Heide
Ziethen,1168,10.809322,53.693695,11.17,übrig. Schleswig-Holstein
Walkertshofen,1167,10.590536,48.226285,12.74,Bayerisch-Schwaben
Kayhude,1167,10.134312,53.757591,5.25,übrig. Schleswig-Holstein
Mühlental,1165,12.266965,50.37198,39.59,Vogtland
Schillingen,1165,6.785774,49.634538,19.55,Hunsrück
Höheinöd,1165,7.609229,49.289761,10.88,Pfalz
Weißkeißel / Wuskidź,1164,14.718297,51.494719,50.68,Oberlausitz/Niederschlesien
Kemnitz,1164,13.533193,54.075684,19.34,Vorpommern
Ehingen,1163,10.799608,48.59731,9.65,Bayerisch-Schwaben
Sprakensehl,1163,10.494115,52.767053,84.07,Lüneburger Heide
Hunding,1162,13.178538,48.84269,14.67,Bayerischer Wald
Kamern,1162,12.112871,52.748794,68.26,Altmark
"Frickenhausen a.Main, M",1161,10.09358,49.671127,10.55,Fränkisches Weinland
Finne,1161,11.411109,51.222131,25.09,"Halle, Saale, Unstrut"
Dersekow,1161,13.292466,54.046054,26.26,Vorpommern
"Neustadt am Kulm, St",1160,11.834476,49.826258,20.3,Oberpfälzer Wald
Neukirchen,1160,11.015153,54.323811,28.6,Ostsee
Heringsdorf,1160,11.003697,54.300432,29.55,Ostsee
Bucha,1160,11.512163,50.882232,21.02,Saaleland
Zenting,1159,13.258997,48.792388,22.25,Bayerischer Wald
Dohren,1159,7.584082,52.64514,25.63,Grafschaft Bentheim-Emsland-Osnabrücker Land
Heuweiler,1159,7.903166,48.052008,4.03,Südlicher Schwarzwald
Pennigsehl,1158,9.026812,52.642381,24.22,Mittelweser
Bergen,1157,11.113882,49.073504,19.92,Fränkisches Seenland
Gstadt a.Chiemsee,1157,12.41829,47.884326,10.7,Chiemsee-Alpenland
Wald,1156,10.557986,47.722897,17.94,Allgäu
Neukirchen,1156,8.73388,54.868905,31.58,übrig. Schleswig-Holstein
Hähnichen,1154,14.863051,51.364625,49.76,Oberlausitz/Niederschlesien
Königshain,1154,14.874798,51.18179,19.58,Oberlausitz/Niederschlesien
Wust-Fischbeck,1154,12.114724,52.54883,68.46,Altmark
Nusse,1153,10.575979,53.65908,6.22,übrig. Schleswig-Holstein
Burgsalach,1153,11.097575,49.033186,19.3,Fränkisches Seenland
Eldena,1153,11.421518,53.230631,34.21,Westmecklenburg
Nörtershausen,1152,7.480618,50.225001,5.66,Mosel-Saar
Lindetal,1152,13.443551,53.485573,56.33,Mecklenburgische Schweiz und Seenplatte
Wagenhoff,1151,10.523958,52.551739,4.32,Lüneburger Heide
Borne,1149,11.555993,51.949545,15.4,"Magdeburg, Elbe-Börde-Heide"
Oberfell,1149,7.447717,50.257286,5.46,Mosel-Saar
Gotteszell,1148,12.966996,48.962396,9.22,Bayerischer Wald
Seelingstädt,1147,12.240686,50.77252,18.0,Thüringer Vogtland
Eppelsheim,1147,8.166162,49.705144,5.57,Rheinhessen
Hemsbünde,1145,9.466735,53.091079,22.36,Lüneburger Heide
"Markt Nordheim, M",1145,10.355455,49.591076,39.31,Steigerwald
Pahlen,1145,9.296387,54.267813,10.8,übrig. Schleswig-Holstein
Nindorf,1145,9.114943,54.086722,8.75,übrig. Schleswig-Holstein
Neuberend,1144,9.52511,54.555352,4.42,übrig. Schleswig-Holstein
Großkarlbach,1144,8.223336,49.538761,5.26,Pfalz
Oberpleichfeld,1143,10.085127,49.876795,8.65,Fränkisches Weinland
Rhodt unter Rietburg,1143,8.106888,49.269952,10.06,Pfalz
Lunow-Stolzenhagen,1143,14.119319,52.922391,33.91,Barnimer Land
Brauneberg,1142,6.989195,49.909304,12.23,Mosel-Saar
Tschernitz/Cersk,1142,14.614958,51.576022,13.26,Lausitzer Seenland
Sulzdorf a.d.Lederhecke,1142,10.561715,50.240205,36.36,Haßberge
Boren,1142,9.820225,54.614506,30.15,übrig. Schleswig-Holstein
Holzheim,1141,10.949824,48.612696,20.29,Bayerisch-Schwaben
Ahrbrück,1141,6.98451,50.483845,12.6,Ahr
Glan-Münchweiler,1141,7.440223,49.472149,5.99,Pfalz
Busenberg,1141,7.830034,49.130274,9.64,Pfalz
Volxheim,1140,7.928991,49.818084,4.91,Naheland
Gleina,1140,11.720892,51.257708,30.0,"Halle, Saale, Unstrut"
"Wonsees, M",1139,11.298461,49.976758,36.79,Fränkische Schweiz
Brand,1139,11.908038,49.959052,10.28,Oberpfälzer Wald
Lüder,1139,10.666284,52.808703,55.92,Lüneburger Heide
Blankenheim,1138,11.428946,51.505695,14.83,Harz und Harzvorland
Schwarzenbach,1138,11.994221,49.724663,11.91,Oberpfälzer Wald
Haselau,1137,9.623636,53.660647,18.89,übrig. Schleswig-Holstein
St.Gangloff,1137,11.893929,50.855301,9.41,Saaleland
Räckelwitz / Worklecy,1137,14.223127,51.256263,11.51,Oberlausitz/Niederschlesien
Wolken,1136,7.472396,50.336645,2.86,Mosel-Saar
Westheim,1136,10.66252,49.003705,28.32,Fränkisches Seenland
Martinroda,1136,10.887861,50.725024,13.23,Thüringer Wald
"Juist, Inselgemeinde",1136,6.995328,53.678347,16.41,Ostfriesische Inseln
Gückingen,1135,8.009686,50.39173,2.34,Lahntal
Schwedelbach,1135,7.593578,49.495823,8.41,Pfalz
Oberotterbach,1135,7.970507,49.069276,15.38,Pfalz
Rothenstein,1134,11.603008,50.849184,10.45,Saaleland
Buttlar,1134,9.951776,50.755501,21.31,Thüringer Rhön
"Wustrow, Ostseebad",1134,12.396974,54.345362,6.88,Vorpommern
Sembach,1133,7.857688,49.51302,5.5,Pfalz
Rohrsen,1132,9.232437,52.709796,5.13,Mittelweser
"Neukirchen-Balbini, M",1132,12.435738,49.290402,48.26,Oberpfälzer Wald
Timmaspe,1132,9.890944,54.140849,15.36,übrig. Schleswig-Holstein
Schönberg,1131,12.440116,48.342424,25.33,Inn-Salzach
Dettighofen,1131,8.483506,47.623497,14.38,Südlicher Schwarzwald
Prosselsheim,1130,10.128597,49.863381,20.03,Fränkisches Weinland
Wittenhagen,1129,13.070064,54.183826,46.99,Vorpommern
Hohenberg-Krusemark,1128,11.947319,52.722925,63.96,Altmark
Triebel/Vogtl.,1128,12.121778,50.371652,43.09,Vogtland
Habach,1127,11.281287,47.729306,12.15,Pfaffenwinkel
Jürgenshagen,1127,11.89606,53.95359,42.51,Mecklenburgische Schweiz und Seenplatte
Crinitz,1127,13.758335,51.737593,21.95,Elbe Elster Land
Luhden,1127,9.092095,52.226019,4.35,Weserbergland
"Marktgraitz, M",1126,11.195664,50.183198,3.75,Obermain.Jura
Dannewerk,1126,9.512145,54.48745,16.66,übrig. Schleswig-Holstein
Herzhorn,1126,9.483017,53.786143,12.43,übrig. Schleswig-Holstein
Weißenborn,1126,11.882869,50.923374,10.13,Saaleland
Grafhorst,1125,10.945085,52.444849,9.67,Braunschweiger Land
Alfeld,1125,11.543979,49.428806,17.95,Nürnberger Land
Groß Sarau,1125,10.737415,53.771827,17.08,übrig. Schleswig-Holstein
Mühl Rosin,1125,12.207027,53.760638,24.26,Mecklenburgische Schweiz und Seenplatte
Neuhütten,1125,9.41984,50.003105,5.95,Spessart-Mainland
"Essing, M",1124,11.79268,48.933274,17.32,Bayerischer Jura
Irlbach,1124,12.752435,48.840996,15.84,Bayerisches Thermenland
Grube,1124,11.03599,54.23209,20.21,Ostsee
Stechlin,1123,13.05065,53.102905,84.73,Ruppiner Seenland
Wehr,1123,7.210953,50.42222,9.94,Ahr
Dobersdorf,1122,10.281513,54.31849,21.91,übrig. Schleswig-Holstein
Preetz,1122,12.989225,54.350148,14.2,Vorpommern
Lautzenhausen,1122,7.272262,49.938282,4.95,Hunsrück
Ingenried,1122,10.782169,47.814295,17.44,Pfaffenwinkel
Oetzen,1122,10.674941,53.021961,31.07,Lüneburger Heide
Trassem,1121,6.524181,49.575777,7.62,Mosel-Saar
Theilenhofen,1120,10.852464,49.083211,20.33,Fränkisches Seenland
Garlstorf,1120,10.102673,53.236989,16.88,Lüneburger Heide
Mehlbach,1120,7.717068,49.521821,9.03,Pfalz
Speinshart,1119,11.821979,49.787991,23.77,Oberpfälzer Wald
Zellertal,1118,8.134534,49.6427,6.94,Pfalz
Trulben,1118,7.54377,49.139863,7.36,Pfalz
Lissendorf,1118,6.603569,50.314446,10.36,Eifel
Luisenthal,1118,10.722582,50.780014,30.58,Thüringer Wald
Bovenau,1118,9.829983,54.330579,26.24,übrig. Schleswig-Holstein
Longkamp,1118,7.119286,49.890367,11.5,Hunsrück
Dreetz,1117,12.459731,52.802908,64.75,Prignitz
Staudach-Egerndach,1117,12.48036,47.779816,19.34,Chiemsee-Chiemgau
Fellheim,1116,10.151743,48.072741,5.07,Allgäu
Bruttig-Fankel,1116,7.229003,50.129803,14.37,Mosel-Saar
Guderhandviertel,1116,9.61065,53.543716,8.94,Unterelbe-Unterweser
Neuenkirchen,1116,13.370182,53.597509,23.06,Mecklenburgische Schweiz und Seenplatte
Lüdersfeld,1116,9.252911,52.358924,12.72,Weserbergland
"Schirnding, M",1115,12.228168,50.081415,16.51,Fichtelgebirge
Ramsthal,1114,10.069741,50.13965,10.42,Fränkisches Weinland
Melchow,1114,13.702863,52.775711,16.6,Barnimer Land
Treben,1114,12.453082,51.053191,10.0,Altenburger Land
Ziertheim,1113,10.39664,48.654111,20.81,Bayerisch-Schwaben
Brügge,1113,10.071067,54.174356,7.85,übrig. Schleswig-Holstein
Wolferstadt,1113,10.780292,48.902579,30.67,Bayerisch-Schwaben
Burk,1112,10.479999,49.132731,14.08,Romantisches Franken - vom Naturpark Frankenhöhe zur Romantischen Straße
Blowatz,1111,11.537112,53.99425,30.3,Mecklenburgische Ostseeküste
Malliß,1110,11.328852,53.212798,25.27,Westmecklenburg
Neudorf-Bornstein,1110,9.942553,54.435719,14.17,übrig. Schleswig-Holstein
Körperich,1110,6.260501,49.923801,19.12,Eifel
Langenbach bei Kirburg,1109,7.938937,50.704066,5.53,Westerwald
Zarrendorf,1108,13.097941,54.237099,4.67,Vorpommern
Dommershausen,1108,7.399615,50.142691,24.69,Hunsrück
Nanzdietschweiler,1106,7.444893,49.445076,9.81,Pfalz
Oberzissen,1106,7.199295,50.453292,2.73,Ahr
Göhl,1105,10.941851,54.284726,21.24,übrig. Schleswig-Holstein
Wester-Ohrstedt,1105,9.190063,54.507226,18.54,übrig. Schleswig-Holstein
"Polle, Flecken",1103,9.406883,51.898705,21.24,Weserbergland
Glött,1103,10.484402,48.499951,10.99,Bayerisch-Schwaben
Eisenberg,1103,10.604366,47.612055,13.58,Allgäu
Ungerhausen,1103,10.266633,48.005224,7.02,Allgäu
Erfweiler,1103,7.81096,49.156482,8.84,Pfalz
Messingen,1102,7.460185,52.466511,25.44,Grafschaft Bentheim-Emsland-Osnabrücker Land
Lage,1101,6.961467,52.468027,6.39,Grafschaft Bentheim-Emsland-Osnabrücker Land
Nahrendorf,1101,10.814655,53.174123,44.3,Lüneburger Heide
Hellwege,1100,9.232909,53.074033,27.53,Unterelbe-Unterweser
Klüsserath,1100,6.850181,49.844314,11.71,Mosel-Saar
Hönningen,1100,6.953376,50.471946,10.02,Ahr
Blankenhagen,1100,12.340619,54.170657,25.28,Mecklenburgische Ostseeküste
Groß Nemerow,1099,13.224305,53.47317,21.02,Mecklenburgische Schweiz und Seenplatte
Buchbrunn,1099,10.135227,49.759408,4.57,Fränkisches Weinland
Thaining,1098,10.959694,47.972473,8.7,Ammersee-Lech
Gössenheim,1098,9.781104,50.019333,11.5,Fränkisches Weinland
Friedewald,1097,7.960618,50.709712,7.1,Westerwald
Ederheim,1096,10.469864,48.808833,16.57,Bayerisch-Schwaben
Bastorf,1096,11.697671,54.125959,24.38,Mecklenburgische Ostseeküste
Rannungen,1095,10.206469,50.167317,17.34,Rhön
Weddelbrook,1094,9.830237,53.904106,14.06,übrig. Schleswig-Holstein
Mittelnkirchen,1094,9.61251,53.548293,7.02,Unterelbe-Unterweser
Betzendorf,1094,10.311162,53.137255,32.9,Lüneburger Heide
Turnow-Preilack/Turnow-Pśiłuk,1094,14.38664,51.871553,38.02,Spreewald
Prötzel,1093,13.987671,52.637357,86.1,Seenland Oder-Spree
Völpke,1093,11.098464,52.139175,17.28,"Magdeburg, Elbe-Börde-Heide"
Holzappel,1092,7.895743,50.350798,2.73,Lahntal
Wernersberg,1092,7.92763,49.190214,8.03,Pfalz
Scherstetten,1092,10.640778,48.180734,15.7,Bayerisch-Schwaben
Dernbach,1092,7.598158,50.544692,5.5,Westerwald
Sippersfeld,1092,7.938266,49.554727,13.21,Pfalz
Tarnow,1092,12.017723,53.778729,40.86,Mecklenburgische Schweiz und Seenplatte
Wittenborn,1091,10.223554,53.926269,6.19,übrig. Schleswig-Holstein
Wimmelburg,1091,11.510328,51.519232,8.6,Harz und Harzvorland
Wingerode,1091,10.237731,51.391694,9.77,Eichsfeld
Stettfeld,1091,10.724647,49.971541,11.15,Haßberge
Landolfshausen,1091,10.104399,51.539947,16.22,Harz
Schwarza,1090,10.531949,50.619517,13.51,Thüringer Rhön
Galenbeck,1090,13.705727,53.621041,93.53,Mecklenburgische Schweiz und Seenplatte
Dollerup,1090,9.680327,54.778917,13.08,übrig. Schleswig-Holstein
Echternacherbrück,1089,6.429906,49.813416,4.74,Eifel
Altenkrempe,1089,10.825665,54.13298,36.64,übrig. Schleswig-Holstein
Flöthe,1087,10.471279,52.087325,18.85,Braunschweiger Land
Gusenburg,1087,6.9015,49.634432,7.35,Hunsrück
Sievershütten,1086,10.106221,53.841324,7.08,übrig. Schleswig-Holstein
"Schwarzenborn, Stadt",1086,9.44575,50.909926,26.9,Kurhessisches Bergland
Brockum,1086,8.41884,52.46665,30.61,Mittelweser
Rastdorf,1085,7.709197,52.912598,26.33,Grafschaft Bentheim-Emsland-Osnabrücker Land
Nister,1084,7.834847,50.675237,5.44,Westerwald
Reuth b.Erbendorf,1084,12.121007,49.843805,16.91,Oberpfälzer Wald
Wiesenbronn,1083,10.305512,49.747215,10.57,Steigerwald
Hochdonn,1083,9.293145,54.019564,5.46,übrig. Schleswig-Holstein
"Orlamünde, Stadt",1081,11.519653,50.774417,7.47,Saaleland
Lürschau,1080,9.496358,54.538632,16.51,übrig. Schleswig-Holstein
Tyrlaching,1080,12.668425,48.061068,20.55,Inn-Salzach
Eichigt,1080,12.173805,50.349408,32.73,Vogtland
Stavern,1080,7.433338,52.796854,50.95,Grafschaft Bentheim-Emsland-Osnabrücker Land
Bahrenborstel,1080,8.815121,52.57221,31.28,Mittelweser
Echem,1080,10.530693,53.338257,10.72,Lüneburger Heide
Burgschwalbach,1080,8.078489,50.283316,9.2,Lahntal
Lehe,1079,9.025334,54.344168,18.63,übrig. Schleswig-Holstein
Brehme,1078,10.361156,51.492631,5.3,Eichsfeld
Langenfeld,1078,10.514136,49.613982,7.2,Steigerwald
Neitersen,1077,7.584234,50.667456,7.14,Westerwald
Holzheim a.Forst,1077,11.997827,49.149359,15.65,Bayerischer Jura
Dormettingen,1076,8.771419,48.238093,6.55,Schwäbische Alb
Gödenstorf,1076,10.123465,53.228515,16.6,Lüneburger Heide
Höttingen,1076,11.005087,49.062695,19.26,Fränkisches Seenland
Mittelneufnach,1076,10.596678,48.175793,16.92,Bayerisch-Schwaben
Trittenheim,1075,6.900015,49.82398,10.09,Mosel-Saar
Wolsfeld,1074,6.467446,49.90632,9.28,Eifel
Mesekenhagen,1074,13.316622,54.149733,25.52,Vorpommern
"Ippesheim, M",1074,10.224031,49.602473,23.56,Steigerwald
Mettendorf,1074,6.330049,49.947693,14.98,Eifel
Bechtsrieth,1073,12.211688,49.64646,4.79,Oberpfälzer Wald
Oldendorf,1073,9.456166,53.954336,9.98,übrig. Schleswig-Holstein
Halsbach,1072,12.675709,48.125357,22.07,Inn-Salzach
Mühlhausen im Täle,1072,9.654452,48.577165,6.33,Region Stuttgart
Benz,1072,14.07031,53.940693,24.73,Vorpommern
Rechtenbach,1071,9.507095,49.983652,7.28,Spessart-Mainland
Windelsbach,1071,10.299785,49.398478,38.47,Romantisches Franken - vom Naturpark Frankenhöhe zur Romantischen Straße
Berkenbrück,1071,14.148048,52.352247,17.84,Seenland Oder-Spree
Ebersdorf,1071,9.052283,53.526451,28.93,Unterelbe-Unterweser
Bolsterlang,1071,10.232296,47.461085,20.37,Allgäu
Todesfelde,1071,10.176082,53.891939,17.25,übrig. Schleswig-Holstein
Großlittgen,1070,6.798634,50.02524,13.24,Eifel
Tagmersheim,1070,10.974232,48.824459,15.94,Bayerisch-Schwaben
Uelversheim,1069,8.288784,49.808851,7.5,Rheinhessen
"Neuhaus (Oste), Flecken",1069,9.036629,53.802219,9.85,Nordseeküste
Großschwabhausen,1068,11.483882,50.936779,12.2,Weimarer Land
Rattenkirchen,1068,12.312618,48.240752,19.87,Inn-Salzach
Witterda,1068,10.890092,51.034941,12.52,Welterberegion Wartburg-Hainich
Siebeldingen,1067,8.051552,49.209801,6.06,Pfalz
Jameln,1067,11.075472,53.04021,36.16,Lüneburger Heide
Jördenstorf,1066,12.613701,53.877142,27.68,Mecklenburgische Schweiz und Seenplatte
Todenbüttel,1066,9.555715,54.129824,11.78,übrig. Schleswig-Holstein
Üdersdorf,1065,6.803582,50.15288,17.48,Eifel
"Obermoschel, Stadt",1065,7.773886,49.727689,10.15,Pfalz
Dägeling,1065,9.531387,53.878818,7.53,übrig. Schleswig-Holstein
Masburg,1064,7.116888,50.241755,9.13,Eifel
Durchhausen,1063,8.674735,48.039692,9.0,Schwäbische Alb
Ockenfels,1061,7.272857,50.576721,1.66,Mittelrheintal
Unterroth,1061,10.169778,48.196151,15.39,Bayerisch-Schwaben
Bimöhlen,1061,9.953588,53.935914,17.24,übrig. Schleswig-Holstein
Vorbach,1061,11.742902,49.821393,13.54,Oberpfälzer Wald
Teichland/Gatojce,1061,14.403796,51.823951,35.17,Spreewald
Pölzig,1060,12.198794,50.952546,7.75,Thüringer Vogtland
"Seinsheim, M",1060,10.21951,49.641667,17.51,Fränkisches Weinland
Aach,1059,6.590527,49.789601,6.96,Eifel
Oppurg,1059,11.653439,50.710893,15.8,Thüringer Wald
Nievern,1059,7.680516,50.337414,4.27,Lahntal
Winden,1058,8.114207,49.098548,3.21,Pfalz
Pottum,1058,8.000709,50.597669,4.36,Westerwald
Schollene,1058,12.217038,52.677054,65.69,Altmark
Kirschweiler,1057,7.24255,49.753774,4.89,Naheland
Balgstädt,1057,11.732025,51.204907,32.8,"Halle, Saale, Unstrut"
Malberg,1056,7.814044,50.71485,4.31,Westerwald
Gielow,1056,12.74792,53.696542,23.55,Mecklenburgische Schweiz und Seenplatte
Wittmar,1055,10.640957,52.131201,4.67,Braunschweiger Land
Kinsau,1055,10.9085,47.877716,11.45,Ammersee-Lech
Bettingen,1055,6.398135,49.940984,7.25,Eifel
Bösenbrunn,1054,12.100476,50.39717,34.21,Vogtland
Langstedt,1054,9.385397,54.616941,13.17,übrig. Schleswig-Holstein
Ergersheim,1054,10.327624,49.510702,30.0,Steigerwald
Dunum,1054,7.643871,53.597359,26.84,Nordseeküste
Medelby,1053,9.173221,54.812464,9.75,übrig. Schleswig-Holstein
Engelthal,1053,11.398281,49.471886,13.63,Nürnberger Land
Höhenland,1053,13.885506,52.703291,53.95,Seenland Oder-Spree
Dranske,1053,13.230991,54.629914,20.75,Rügen/Hiddensee
Klein Trebbow,1053,11.373045,53.712715,25.38,Mecklenburgische Ostseeküste
Gries,1053,7.400731,49.418642,4.03,Pfalz
Auhausen,1052,10.621651,49.008065,15.55,Bayerisch-Schwaben
Neufraunhofen,1052,12.213536,48.391785,17.95,Bayerisches Thermenland
Dorfhain,1052,13.562036,50.935552,6.25,Elbland
Waxweiler,1052,6.362252,50.093104,5.96,Eifel
Klink,1052,12.62184,53.479306,25.04,Mecklenburgische Schweiz und Seenplatte
Schinkel,1051,9.954902,54.355838,10.21,übrig. Schleswig-Holstein
Tolk,1051,9.639368,54.578772,10.44,übrig. Schleswig-Holstein
Oberhonnefeld-Gierend,1051,7.516765,50.553865,3.97,Westerwald
Birresborn,1050,6.625574,50.175582,20.87,Eifel
Weinsheim,1050,6.471015,50.229984,24.07,Eifel
Leonberg,1050,12.28501,49.946542,51.34,Oberpfälzer Wald
Bark,1049,10.18504,53.910575,20.43,übrig. Schleswig-Holstein
"Kupferberg, St",1049,11.576725,50.139459,8.28,Frankenwald
Regesbostel,1049,9.645208,53.378518,16.35,Lüneburger Heide
Oberschönegg,1048,10.299785,48.107199,18.28,Allgäu
"Oberscheinfeld, M",1047,10.43155,49.709395,42.25,Steigerwald
Nordheim v.d.Rhön,1046,10.18169,50.478924,16.56,Rhön
Kindenheim,1046,8.161415,49.610384,8.96,Pfalz
Frei-Laubersheim,1046,7.899191,49.801498,9.88,Naheland
Groß Ippener,1046,8.618161,52.959055,28.18,Oldenburger Land
Wusterhusen,1046,13.616257,54.115003,19.17,Vorpommern
Flomborn,1046,8.151622,49.69181,7.94,Rheinhessen
Sankt Julian,1046,7.510407,49.608283,14.09,Pfalz
Heistenbach,1046,7.98542,50.379129,5.26,Lahntal
Geismar,1045,10.166646,51.231232,19.44,Eichsfeld
Dobbertin,1045,12.070443,53.622107,59.25,Westmecklenburg
Höchheim,1044,10.449855,50.363156,25.26,Haßberge
Gutenberg,1043,7.7993,49.880588,4.18,Naheland
Steigra,1043,11.661257,51.29923,29.78,"Halle, Saale, Unstrut"
Groß Plasten,1043,12.853673,53.544471,34.87,Mecklenburgische Schweiz und Seenplatte
Döllstädt,1043,10.816025,51.081961,13.34,Welterberegion Wartburg-Hainich
Witzwort,1043,8.984464,54.399484,28.14,übrig. Schleswig-Holstein
Achterwehr,1043,9.96576,54.313379,15.66,übrig. Schleswig-Holstein
Marienrachdorf,1041,7.713522,50.551588,5.03,Westerwald
Gerach,1041,10.805711,50.032443,7.78,Haßberge
Rhade,1041,9.115092,53.328359,24.56,Unterelbe-Unterweser
Hirschfeld,1040,12.459731,50.625377,18.98,Chemnitz Zwickau Region
Hartmannsdorf-Reichenau,1040,13.575004,50.793078,28.36,Erzgebirge
Klixbüll,1040,8.882448,54.805242,17.44,übrig. Schleswig-Holstein
Barver,1039,8.593598,52.620672,26.04,Mittelweser
Mellinghausen,1039,8.897384,52.707433,24.44,Mittelweser
"Markt Taschendorf, M",1039,10.554177,49.699912,27.68,Steigerwald
Schwifting,1039,10.928301,48.047477,11.45,Ammersee-Lech
Thomm,1038,6.806222,49.742679,4.49,Hunsrück
Hohenfelde,1038,10.496402,54.370898,10.54,Ostsee
Pollhagen,1038,9.18941,52.383784,12.87,Weserbergland
Beiersdorf,1038,14.541944,51.075898,6.45,Oberlausitz/Niederschlesien
Jerxheim,1038,10.898594,52.083452,17.51,Braunschweiger Land
Ferschweiler,1037,6.404686,49.863213,7.41,Eifel
Großeibstadt,1036,10.409736,50.300535,16.65,Rhön
Bodenrode-Westhausen,1036,10.192262,51.393262,14.63,Eichsfeld
Mörstadt,1036,8.254616,49.661712,5.62,Rheinhessen
Neu Zauche/Nowa Niwa,1036,14.090753,51.92858,39.02,Spreewald
Schwabbruck,1035,10.836155,47.826419,7.32,Pfaffenwinkel
Kinderbeuern,1035,7.024636,50.010208,5.56,Eifel
Faid,1034,7.120819,50.146147,8.21,Mosel-Saar
Jerrishoe,1034,9.3718,54.657224,16.0,übrig. Schleswig-Holstein
Crostwitz / Chrósćicy,1032,14.241766,51.238273,13.33,Oberlausitz/Niederschlesien
"Thierstein, M",1032,12.102803,50.105743,18.88,Fichtelgebirge
Struckum,1032,8.996888,54.584711,8.92,übrig. Schleswig-Holstein
Niedererbach,1032,7.977313,50.426841,4.44,Westerwald
Spantekow,1032,13.520425,53.779015,70.84,Vorpommern
Groß Düben / Dźěwin,1031,14.567785,51.566559,15.07,Oberlausitz/Niederschlesien
Raben Steinfeld,1031,11.504063,53.599561,9.6,Westmecklenburg
Seeth-Ekholt,1031,9.732775,53.742874,6.89,übrig. Schleswig-Holstein
Mammelzen,1031,7.66804,50.701896,4.11,Westerwald
Heretsried,1030,10.736938,48.459,17.3,Bayerisch-Schwaben
Asselfingen,1030,10.1914,48.529714,12.86,Schwäbische Alb
Heimbach,1029,7.250356,49.61458,6.78,Naheland
Hohenkirchen,1029,11.306226,53.915746,41.09,Mecklenburgische Ostseeküste
Frankenheim/Rhön,1029,10.066072,50.544346,9.16,Thüringer Rhön
Hülsede,1028,9.36141,52.25013,15.87,Weserbergland
Schülp b. Rendsburg,1028,9.629244,54.259318,10.72,übrig. Schleswig-Holstein
Roden,1028,9.626192,49.89529,20.05,Spessart-Mainland
Mittelhof,1028,7.804162,50.775051,11.13,Westerwald
Gattendorf,1028,11.997165,50.32122,22.19,Fichtelgebirge
"Wangerooge, Nordseebad",1026,7.899863,53.791535,4.97,Ostfriesische Inseln
"Ückeritz, Seebad",1026,14.046749,54.013567,13.69,Vorpommern
Bundenthal,1025,7.807569,49.096101,10.21,Pfalz
Gütenbach,1025,8.138596,48.044875,18.49,Mittlerer Schwarzwald
Oberwiera,1025,12.536763,50.892077,14.33,Chemnitz Zwickau Region
Arenshausen,1025,9.969598,51.377339,5.79,Eichsfeld
Stockheim,1025,10.27181,50.458635,19.68,Rhön
Seester,1024,9.598071,53.717709,11.57,übrig. Schleswig-Holstein
Wiesenbach,1024,10.313066,48.303642,11.48,Bayerisch-Schwaben
Rickert,1024,9.665546,54.331224,5.52,übrig. Schleswig-Holstein
Windberg,1023,12.745645,48.941699,7.97,Bayerischer Wald
Knittelsheim,1023,8.251143,49.191462,6.37,Pfalz
Kuhfelde,1023,11.114595,52.785222,45.82,Altmark
Freimersheim (Pfalz),1022,8.22076,49.2689,5.37,Pfalz
Sehlem,1022,6.835702,49.902554,11.25,Eifel
Ahnsen,1022,9.101227,52.254661,3.43,Weserbergland
Gutow,1021,12.134785,53.758901,23.45,Mecklenburgische Schweiz und Seenplatte
Gemünden,1021,8.017153,50.558252,5.19,Westerwald
Großkmehlen,1021,13.724272,51.378633,13.88,Lausitzer Seenland
Düdenbüttel,1021,9.347573,53.591355,10.24,Unterelbe-Unterweser
Breitscheidt,1020,7.661594,50.75426,3.66,Westerwald
"Schraplau, Stadt",1020,11.666911,51.439277,7.07,"Halle, Saale, Unstrut"
Bad Bertrich,1020,7.035498,50.071005,8.71,Eifel
Falkenfels,1019,12.595896,49.005191,11.49,Bayerischer Wald
Soltendieck,1019,10.75935,52.874845,34.28,Lüneburger Heide
Dettmannsdorf,1019,12.52875,54.111895,44.52,Vorpommern
Undeloh,1019,9.975782,53.197429,48.3,Lüneburger Heide
Breitbrunn,1019,10.70173,50.018072,12.4,Haßberge
Rosenow,1018,13.036318,53.627786,31.65,Mecklenburgische Schweiz und Seenplatte
Brunn,1018,13.372319,53.670242,47.76,Mecklenburgische Schweiz und Seenplatte
Wiesen,1018,9.363698,50.112221,5.64,Spessart-Mainland
Tannenberg,1018,12.950266,50.604862,7.97,Erzgebirge
Kölbingen,1016,7.934284,50.551956,4.07,Westerwald
Neunkhausen,1016,7.903587,50.706041,7.9,Westerwald
Hollingstedt,1016,9.336606,54.455932,17.51,übrig. Schleswig-Holstein
Dreikirchen,1016,7.955072,50.446109,3.71,Westerwald
Neverin,1016,13.338452,53.619149,13.32,Mecklenburgische Schweiz und Seenplatte
Olsbrücken,1016,7.657665,49.539192,7.23,Pfalz
Kurtscheid,1016,7.460901,50.533925,5.1,Westerwald
Krebeck,1015,10.122558,51.587922,12.26,Harz
Groß Wokern,1015,12.492998,53.748243,21.92,Mecklenburgische Schweiz und Seenplatte
Griesingen,1015,9.784023,48.266986,8.15,Schwäbische Alb
Bockhorst,1015,7.573971,53.035299,18.25,Grafschaft Bentheim-Emsland-Osnabrücker Land
Reddelich,1014,11.84936,54.089474,9.14,Mecklenburgische Ostseeküste
Klanxbüll,1014,8.679546,54.864348,10.63,Nordsee
Brekendorf,1014,9.630366,54.420681,20.47,übrig. Schleswig-Holstein
"Born a. Darß, Seebad",1013,12.527162,54.383318,63.56,Vorpommern
Sydower Fließ,1013,13.719273,52.7089,32.39,Barnimer Land
Pösing,1012,12.549032,49.229908,9.13,Bayerischer Wald
Derschen,1012,7.984461,50.712195,7.1,Westerwald
Höchstädt i.Fichtelgebirge,1011,12.087209,50.102341,14.95,Fichtelgebirge
Breddorf,1011,9.081513,53.291695,36.52,Unterelbe-Unterweser
Windeby,1011,9.763299,54.477817,14.77,übrig. Schleswig-Holstein
Hepstedt,1011,9.082648,53.258743,29.93,Unterelbe-Unterweser
Sudwalde,1010,8.842769,52.796913,27.22,Mittelweser
Lanitz-Hassel-Tal,1010,11.637056,51.125757,31.64,"Halle, Saale, Unstrut"
Holler,1009,7.834451,50.412335,4.53,Westerwald
Molschleben,1009,10.780123,51.005319,15.24,Welterberegion Wartburg-Hainich
Obermaiselstein,1009,10.239691,47.449379,25.01,Allgäu
Linsburg,1009,9.303647,52.593547,23.57,Mittelweser
Schönbach,1009,14.572336,51.060729,9.1,Oberlausitz/Niederschlesien
Gundheim,1008,8.237388,49.675599,4.61,Rheinhessen
Schleid,1008,9.952184,50.695362,27.72,Thüringer Rhön
Täferrot,1008,9.83689,48.849433,12.01,Schwäbische Alb
Finneland,1007,11.523513,51.215302,29.6,"Halle, Saale, Unstrut"
Rückholz,1007,10.539754,47.658218,17.22,Allgäu
Offenbach-Hundheim,1006,7.548454,49.624849,7.85,Pfalz
Bötersen,1006,9.31564,53.13671,19.93,Unterelbe-Unterweser
Impflingen,1006,8.112662,49.162213,5.18,Pfalz
Erharting,1005,12.574744,48.281024,13.68,Inn-Salzach
Lehe,1005,7.34349,53.002707,17.87,Grafschaft Bentheim-Emsland-Osnabrücker Land
Maxsain,1005,7.786441,50.543687,13.47,Westerwald
Oberroth,1005,10.19101,48.173533,9.94,Bayerisch-Schwaben
Kirchwald,1005,7.154183,50.373341,9.51,Eifel
Brokdorf,1000,9.329129,53.862201,19.79,übrig. Schleswig-Holstein
Wirdum,999,7.206717,53.479095,14.94,Ostfriesland
Emtmannsberg,998,11.646078,49.892082,22.33,Fichtelgebirge
Vorwerk,998,9.160767,53.186759,21.67,Unterelbe-Unterweser
Weisel,997,7.800533,50.118471,13.06,Mittelrheintal
Guckheim,997,7.947687,50.529277,3.77,Westerwald
Roggendorf,996,11.016911,53.694224,31.26,Mecklenburgische Ostseeküste
Dieterskirchen,995,12.41386,49.414098,24.14,Oberpfälzer Wald
Dalheim,995,8.294943,49.826595,6.34,Rheinhessen
Weisen,995,11.786137,53.021498,15.63,Prignitz
Heere,995,10.249768,52.065605,15.35,Braunschweiger Land
Drentwede,995,8.573205,52.743443,30.41,Mittelweser
Planebruch,993,12.659013,52.259962,65.39,Fläming
Wippingen,993,7.406911,52.924918,16.54,Grafschaft Bentheim-Emsland-Osnabrücker Land
Oberlangen,993,7.275066,52.849165,22.24,Grafschaft Bentheim-Emsland-Osnabrücker Land
Fürstenberg,993,9.399382,51.731487,3.29,Weserbergland
Friemar,992,10.788019,50.979661,9.38,Welterberegion Wartburg-Hainich
Kriebitzsch,992,12.33447,51.024743,13.29,Altenburger Land
Medlingen,992,10.318138,48.567599,17.09,Bayerisch-Schwaben
Buchholz,992,9.223774,53.987132,14.56,übrig. Schleswig-Holstein
Jagel,991,9.537499,54.457148,11.89,übrig. Schleswig-Holstein
Buchhofen,991,12.924025,48.697884,15.74,Bayerisches Thermenland
Willroth,991,7.529873,50.568987,1.96,Westerwald
Negernbötel,991,10.248764,53.982902,16.97,übrig. Schleswig-Holstein
Töpen,990,11.873361,50.389208,20.8,Fichtelgebirge
Burweg,989,9.26357,53.624639,16.24,Unterelbe-Unterweser
Kapellen-Drusweiler,988,8.031227,49.102769,5.77,Pfalz
Mastershausen,988,7.354759,50.064296,11.82,Hunsrück
Pronsfeld,987,6.341575,50.159814,15.35,Eifel
Buch a.Wald,986,10.333667,49.330095,26.43,Romantisches Franken - vom Naturpark Frankenhöhe zur Romantischen Straße
Goseck,986,11.870477,51.19643,14.61,"Halle, Saale, Unstrut"
Ottendorf,986,10.044532,54.340275,3.55,übrig. Schleswig-Holstein
Nordheim a.Main,986,10.18145,49.858395,5.35,Fränkisches Weinland
Holthusen,986,11.35391,53.542809,20.56,Westmecklenburg
Geisleden,985,10.196683,51.351586,16.58,Eichsfeld
"Clingen, Stadt",985,10.931259,51.233955,10.75,Südharz-Kyffhäuser
Thundorf i.UFr.,984,10.319093,50.200112,15.58,Rhön
Weigenheim,984,10.261001,49.575806,32.64,Steigerwald
Tutow,984,13.242592,53.918969,6.05,Mecklenburgische Schweiz und Seenplatte
Görgeshausen,983,7.955085,50.409197,3.25,Westerwald
Wettringen,983,10.156711,49.258406,21.41,Romantisches Franken - vom Naturpark Frankenhöhe zur Romantischen Straße
Wipfeld,982,10.178171,49.921203,5.23,Fränkisches Weinland
Elsoff (Westerwald),982,8.117083,50.574362,9.44,Westerwald
Lüssow,981,12.143124,53.838762,16.66,Mecklenburgische Schweiz und Seenplatte
Großthiemig,981,13.67473,51.381269,20.1,Elbe Elster Land
Norken,980,7.897919,50.671829,6.04,Westerwald
Dachsenhausen,980,7.726333,50.254452,10.13,Mittelrheintal
Kleinfurra,980,10.764227,51.412513,18.61,Südharz-Kyffhäuser
Frankenwinheim,979,10.313963,49.887039,14.73,Fränkisches Weinland
Treffelstein,979,12.615455,49.422201,20.86,Bayerischer Wald
Retschow,979,11.875228,54.045973,18.86,Mecklenburgische Ostseeküste
Dersau,979,10.33594,54.118055,7.5,Holsteinische Schweiz
Martinsheim,979,10.149589,49.62401,23.22,Steigerwald
Barwedel,978,10.777346,52.522997,19.8,Lüneburger Heide
Osterby,978,9.753799,54.453261,9.84,übrig. Schleswig-Holstein
Wonsheim,978,7.963894,49.782176,8.78,Rheinhessen
Issigau,978,11.721307,50.37648,18.69,Frankenwald
"Glowe, Ostseebad",977,13.471503,54.56972,22.29,Rügen/Hiddensee
Ober-Hilbersheim,977,8.02967,49.899138,7.38,Rheinhessen
Bruchhausen,976,7.251595,50.602142,2.58,Mittelrheintal
Veltheim (Ohe),975,10.682838,52.218112,8.49,Braunschweiger Land
Rochau,975,11.74164,52.707241,39.09,Altmark
Apfeltrach,974,10.494802,48.020061,15.01,Allgäu
Ascheffel,974,9.69823,54.430871,10.39,übrig. Schleswig-Holstein
Steindorf,973,11.001126,48.215553,16.2,Bayerisch-Schwaben
Mariental,973,10.98211,52.277065,6.55,Braunschweiger Land
Ramberg,973,8.009292,49.260612,7.75,Pfalz
Wallsbüll,972,9.23803,54.774478,13.23,übrig. Schleswig-Holstein
Stammham,972,12.882353,48.248353,5.68,Inn-Salzach
Brücken-Hackpfüffel,972,11.199536,51.444205,16.73,Harz und Harzvorland
Welschneudorf,971,7.797824,50.371558,7.77,Westerwald
Riethnordhausen,971,11.002108,51.085988,12.41,Welterberegion Wartburg-Hainich
Wilgartswiesen,970,7.87865,49.209601,58.34,Pfalz
Peenehagen,970,12.784025,53.578836,54.67,Mecklenburgische Schweiz und Seenplatte
Hohenbocka,969,14.007666,51.43189,15.6,Lausitzer Seenland
Oberbillig,969,6.504809,49.709823,5.36,Mosel-Saar
Achslach,969,12.935494,48.971237,30.04,Bayerischer Wald
Schönburg,968,11.868565,51.159915,14.66,"Halle, Saale, Unstrut"
Meineweh,967,11.98731,51.076521,25.36,"Halle, Saale, Unstrut"
Groß Miltzow,967,13.594998,53.535637,48.69,Mecklenburgische Schweiz und Seenplatte
Flacht,967,8.049755,50.343302,4.44,Lahntal
Altenhausen,967,11.253666,52.261877,43.38,"Magdeburg, Elbe-Börde-Heide"
Binnen,966,9.135239,52.618382,24.79,Mittelweser
"Schnabelwaid, M",966,11.583504,49.8123,22.84,Fränkische Schweiz
Groß Vollstedt,966,9.867712,54.234713,9.02,übrig. Schleswig-Holstein
Stetten,965,9.300569,47.692691,4.3,Bodensee
Strahlungen,965,10.232177,50.283115,13.43,Rhön
Tating,965,8.708512,54.325497,29.49,Nordsee
Allmannshofen,965,10.804495,48.612811,10.32,Bayerisch-Schwaben
Weede,965,10.372489,53.922028,16.41,übrig. Schleswig-Holstein
Bayerisch Eisenstein,965,13.20204,49.121947,47.32,Bayerischer Wald
Schwerin,965,13.637041,52.152793,6.71,Dahme-Seenland
Rohrberg,964,11.039679,52.70737,38.36,Altmark
Trechtingshausen,964,7.847667,50.010655,7.67,Mittelrheintal
Wendtorf,963,10.292376,54.409817,5.11,Ostsee
Weißenborn,963,10.113236,51.123424,15.56,Werra-Meissner Land
Altenpleen,963,12.956614,54.354376,20.1,Vorpommern
Havetoft,963,9.516189,54.649422,14.53,übrig. Schleswig-Holstein
Halbemond,962,7.290133,53.56786,6.55,Nordseeküste
Uckerfelde,962,13.983346,53.237783,46.27,Uckermark
Bekond,962,6.800506,49.850106,3.85,Mosel-Saar
Greimerath,962,6.681385,49.562706,12.26,Hunsrück
Neu-Bamberg,962,7.921698,49.797087,4.56,Naheland
Altdorf,962,8.215757,49.286213,6.37,Pfalz
Wiek,961,13.290399,54.621252,25.44,Rügen/Hiddensee
Großholbach,961,7.893295,50.447761,3.92,Westerwald
Beedenbostel,961,10.256786,52.64426,12.58,Lüneburger Heide
Westernohe,961,8.098794,50.587473,7.5,Westerwald
"Lichtenberg, St",961,11.675154,50.382765,9.47,Frankenwald
Hittbergen,961,10.59062,53.344572,14.62,Lüneburger Heide
Molauer Land,961,11.778859,51.05726,33.93,"Halle, Saale, Unstrut"
Lutzingen,961,10.544484,48.646718,24.97,Bayerisch-Schwaben
Poseritz,961,13.27603,54.297135,40.19,Rügen/Hiddensee
Thanstein,960,12.467758,49.378731,27.86,Oberpfälzer Wald
Mücka / Mikow,960,14.701532,51.317135,24.35,Oberlausitz/Niederschlesien
Müschenbach,959,7.78504,50.679895,3.51,Westerwald
Grebin,959,10.494272,54.195932,24.14,Holsteinische Schweiz
Mauchenheim,959,8.046435,49.717387,6.87,Rheinhessen
Harsdorf,959,11.56771,50.027984,11.25,Fichtelgebirge
Riepsdorf,958,10.969732,54.22536,25.81,übrig. Schleswig-Holstein
Hoyerhagen,957,9.08566,52.829149,22.67,Mittelweser
"Baabe, Ostseebad",957,13.702333,54.359106,2.26,Rügen/Hiddensee
Neustadt/Vogtl.,957,12.332177,50.460414,13.02,Vogtland
Rödelmaier,956,10.277472,50.319705,6.27,Rhön
Bargenstedt,956,9.144199,54.095594,11.9,übrig. Schleswig-Holstein
Grünow,956,13.94663,53.315663,34.92,Uckermark
Kriegsfeld,955,7.915738,49.709175,26.41,Pfalz
Unsleben,955,10.256482,50.377835,8.92,Rhön
Seestermühe,955,9.56628,53.704049,23.36,übrig. Schleswig-Holstein
Spiesheim,954,8.127948,49.809846,7.31,Rheinhessen
Neuhemsbach,954,7.923664,49.522457,6.66,Pfalz
Rambin,953,13.205549,54.355488,31.47,Rügen/Hiddensee
Theuma,953,12.220922,50.471616,9.94,Vogtland
Rehe,953,8.119798,50.634351,7.41,Westerwald
Klein Meckelsen,953,9.451117,53.30395,14.68,Lüneburger Heide
Reil,952,7.116138,50.022157,12.13,Mosel-Saar
Simmershofen,952,10.12469,49.531539,34.2,Romantisches Franken - vom Naturpark Frankenhöhe zur Romantischen Straße
Groß Rheide,952,9.438091,54.441211,15.37,übrig. Schleswig-Holstein
Niederfell,951,7.463325,50.290596,11.67,Mosel-Saar
Sankt Johann,951,7.196286,50.347576,4.32,Eifel
"Ludwigschorgast, M",951,11.560055,50.125956,5.94,Frankenwald
Börnichen/Erzgeb.,950,13.14174,50.7499,15.46,Erzgebirge
Nordleda,950,8.834004,53.763622,21.29,Nordseeküste
Welling,950,7.313444,50.328921,6.82,Eifel
Martensrade,949,10.392528,54.279612,19.54,übrig. Schleswig-Holstein
Herschbach (Oberwesterwald),949,7.926335,50.505286,4.63,Westerwald
Ruhwinkel,949,10.221823,54.094216,13.13,übrig. Schleswig-Holstein
Neuharlingersiel,949,7.704394,53.69927,24.56,Nordseeküste
Schneckenlohe,948,11.193223,50.21247,9.31,Frankenwald
Riedenberg,948,9.860312,50.319842,15.14,Rhön
Görsbach,947,10.939387,51.462524,7.9,Südharz-Kyffhäuser
Alesheim,947,10.866072,49.046568,20.45,Fränkisches Seenland
Veldenz,947,7.023266,49.889337,14.39,Mosel-Saar
Ilberstedt,947,11.670404,51.80105,14.91,"Magdeburg, Elbe-Börde-Heide"
Fresenburg,947,7.298413,52.883333,21.62,Grafschaft Bentheim-Emsland-Osnabrücker Land
"Rothenfels, St",947,9.589787,49.890749,12.07,Spessart-Mainland
Dreisen,946,8.011186,49.603055,9.03,Pfalz
Rothenbach,946,7.900827,50.564072,6.74,Westerwald
Braak,946,10.244579,53.610248,7.51,übrig. Schleswig-Holstein
Haag,946,11.561865,49.869477,15.89,Fränkische Schweiz
Wöbbelin,946,11.503027,53.399572,23.56,Westmecklenburg
Mühlen Eichsen,946,11.251535,53.758514,23.71,Mecklenburgische Ostseeküste
Illesheim,945,10.379299,49.480197,21.42,Steigerwald
Obernfeld,944,10.232938,51.555773,10.72,Harz
Prem,943,10.80441,47.678317,15.93,Pfaffenwinkel
Seehof,943,11.431035,53.693197,4.35,Mecklenburgische Ostseeküste
Giekau,942,10.506159,54.317441,32.81,übrig. Schleswig-Holstein
Grundhof,942,9.654546,54.773325,11.57,übrig. Schleswig-Holstein
Rimbach,942,12.662739,48.464825,22.9,Bayerisches Thermenland
Rugendorf,941,11.461437,50.200404,17.32,Frankenwald
Witzeeze,941,10.610144,53.452652,10.46,übrig. Schleswig-Holstein
Lohnsfeld,941,7.853688,49.551112,6.9,Pfalz
Behren-Lübchin,940,12.664874,54.02899,69.22,Mecklenburgische Schweiz und Seenplatte
Böhme,940,9.477413,52.790453,37.0,Lüneburger Heide
Ostereistedt,940,9.170931,53.302593,28.47,Unterelbe-Unterweser
Edersleben,939,11.291058,51.417553,9.11,Harz und Harzvorland
Pölchow,939,12.094378,54.009645,12.56,Mecklenburgische Ostseeküste
Beuren (Hochwald),939,6.916159,49.727301,18.5,Hunsrück
"Kyllburg, Stadt",939,6.591541,50.042113,4.62,Eifel
Badendorf,938,10.583066,53.869606,6.11,übrig. Schleswig-Holstein
Bonefeld,938,7.490326,50.524773,5.2,Westerwald
Niederdürenbach,938,7.18318,50.456954,6.82,Ahr
Prebitz,938,11.68494,49.833939,21.32,Fränkische Schweiz
Stadum,937,9.050473,54.736011,19.74,übrig. Schleswig-Holstein
Neuenkirchen,937,8.987884,54.235602,25.14,übrig. Schleswig-Holstein
Kirchtimke,936,9.150798,53.250963,16.15,Unterelbe-Unterweser
Helmenzen,936,7.623126,50.694927,4.15,Westerwald
Tetenhusen,936,9.494238,54.349121,23.19,übrig. Schleswig-Holstein
Holzkirchen,936,9.6806,49.782004,8.42,Fränkisches Weinland
Mohrkirch,936,9.716959,54.675972,14.42,übrig. Schleswig-Holstein
Eppenschlag,935,13.29973,48.889443,17.03,Bayerischer Wald
Kirchdorf,934,11.904181,48.770301,16.49,Bayerisches Thermenland
Mülheim an der Mosel,934,7.007224,49.911066,4.92,Mosel-Saar
Neulewin,934,14.278128,52.724922,41.0,Seenland Oder-Spree
Hinrichshagen,934,13.32391,54.066754,10.04,Vorpommern
Dissen-Striesow/Dešno-Strjažow,934,14.293614,51.825943,19.98,Spreewald
Winterrieden,933,10.224421,48.121675,9.79,Allgäu
Hasselberg,932,9.977353,54.715122,11.31,Ostsee
Bundorf,932,10.522238,50.214316,40.23,Haßberge
Walsdorf,932,6.710949,50.277842,10.83,Eifel
Löbichau,931,12.267306,50.894695,16.72,Altenburger Land
Großbardorf,931,10.36886,50.268767,16.54,Rhön
Haßleben,930,10.993689,51.107938,14.36,Welterberegion Wartburg-Hainich
Wittlingen,930,7.648466,47.65692,4.5,Südlicher Schwarzwald
Oldendorf (Luhe),930,10.213907,53.156905,32.94,Lüneburger Heide
Gorden-Staupitz,929,13.623827,51.534994,28.51,Elbe Elster Land
Pelm,929,6.688389,50.232461,10.05,Eifel
Königsfeld,929,11.026914,53.770677,32.75,Mecklenburgische Ostseeküste
Aura i.Sinngrund,929,9.574579,50.174553,12.07,Spessart-Mainland
Haselund,928,9.182961,54.591683,12.79,übrig. Schleswig-Holstein
Ochtersum,928,7.525015,53.605178,10.83,Ostfriesland
Wintrich,928,6.953207,49.882472,17.59,Mosel-Saar
Struvenhütten,928,10.054474,53.865944,12.88,übrig. Schleswig-Holstein
Kraftisried,927,10.469881,47.779165,16.24,Allgäu
Trebel,927,11.318234,52.995463,66.85,Lüneburger Heide
Mandel,927,7.768942,49.856824,6.33,Naheland
Darscheid,927,6.890826,50.213264,5.81,Eifel
Groß Laasch,926,11.553194,53.346185,27.42,Westmecklenburg
Giersleben,926,11.562105,51.763973,20.2,"Magdeburg, Elbe-Börde-Heide"
Andervenne,926,7.570871,52.508973,19.67,Grafschaft Bentheim-Emsland-Osnabrücker Land
Wolsdorf,925,10.941747,52.190723,13.18,Braunschweiger Land
Sterley,925,10.817631,53.620115,21.39,übrig. Schleswig-Holstein
Bornich,925,7.766158,50.126919,11.98,Mittelrheintal
Gerolfingen,925,10.510701,49.053038,12.59,Romantisches Franken - vom Naturpark Frankenhöhe zur Romantischen Straße
Oederquart,924,9.239116,53.804718,37.13,Unterelbe-Unterweser
Rettenbach a.Auerberg,924,10.749235,47.773654,12.87,Allgäu
Vierhöfen,924,10.221535,53.261045,13.95,Lüneburger Heide
Landkern,923,7.152986,50.193207,10.61,Eifel
Kleinniedesheim,923,8.322793,49.587855,3.88,Pfalz
Loitsche-Heinrichsberg,922,11.700751,52.296612,30.99,"Magdeburg, Elbe-Börde-Heide"
Walkendorf,922,12.551583,53.952946,68.67,Mecklenburgische Schweiz und Seenplatte
Leimen,922,7.768609,49.273504,29.23,Pfalz
"Obersinn, M",921,9.615206,50.209147,11.69,Spessart-Mainland
Koldenbüttel,921,9.065906,54.384849,25.8,übrig. Schleswig-Holstein
Trollenhagen,920,13.290378,53.605947,17.79,Mecklenburgische Schweiz und Seenplatte
"Falkenberg, M",920,12.224841,49.858584,39.26,Oberpfälzer Wald
Taarstedt,920,9.688728,54.567229,13.69,übrig. Schleswig-Holstein
Osterberg,919,10.170488,48.147788,13.79,Bayerisch-Schwaben
Eußerthal,919,7.970015,49.24392,12.51,Pfalz
Labenz,918,10.524596,53.708352,5.75,übrig. Schleswig-Holstein
Warnow,918,11.881828,53.784846,42.18,Mecklenburgische Schweiz und Seenplatte
Tiste,918,9.53299,53.286106,23.97,Lüneburger Heide
Dolgesheim,917,8.255764,49.794126,6.55,Rheinhessen
Schalkham,917,12.417759,48.489387,22.67,Bayerisches Thermenland
Fischbach,917,7.398916,49.74285,4.01,Naheland
Wahlrod,917,7.715533,50.651182,6.01,Westerwald
Straupitz (Spreewald)/Tšupc (Błota),916,14.120032,51.912102,21.71,Spreewald
Sondheim v.d.Rhön,916,10.158129,50.464136,18.58,Rhön
Gangloffsömmern,915,10.942803,51.19004,14.62,Welterberegion Wartburg-Hainich
Maßweiler,915,7.528069,49.271061,10.86,Pfalz
Bad Alexandersbad,914,12.015655,50.015409,8.94,Fichtelgebirge
Nebel,914,8.353658,54.650612,11.95,Nordsee
Ummendorf,914,11.181566,52.156434,15.7,"Magdeburg, Elbe-Börde-Heide"
Dagebüll,914,8.706381,54.730209,36.92,Nordsee
Dorn-Dürkheim,913,8.269173,49.768504,5.6,Rheinhessen
"Insel Hiddensee, Seebad",913,13.105547,54.568008,19.08,Rügen/Hiddensee
Spangdahlem,913,6.680342,49.983966,13.43,Eifel
Pinnow,913,14.085547,53.061525,12.94,Uckermark
Rohr,912,10.498474,50.57672,13.96,Thüringer Wald
Jühnde,911,9.801204,51.463704,24.54,Weserbergland
Barnstädt,911,11.643646,51.344942,18.38,"Halle, Saale, Unstrut"
Tautenhain,910,11.916557,50.923485,8.96,Saaleland
Weste,909,10.706469,53.059515,25.44,Lüneburger Heide
Unterstadion,909,9.690197,48.204552,8.83,Schwäbische Alb
Hörden am Harz,909,10.287111,51.668706,7.82,Harz
Schwesing,908,9.134622,54.493899,15.63,übrig. Schleswig-Holstein
Fünfseen,908,12.392639,53.389037,51.78,Mecklenburgische Schweiz und Seenplatte
Adelshofen,908,10.175,49.439981,27.18,Romantisches Franken - vom Naturpark Frankenhöhe zur Romantischen Straße
Bäk,908,10.787081,53.716345,4.3,übrig. Schleswig-Holstein
Wershofen,908,6.812933,50.444029,14.36,Ahr
Oberhausen bei Kirn,908,7.450709,49.809723,4.58,Naheland
Schnakenbek,907,10.50018,53.385426,13.02,übrig. Schleswig-Holstein
Kirchendemenreuth,907,12.092204,49.775975,39.32,Oberpfälzer Wald
Frankenstein,907,7.979846,49.438664,13.8,Pfalz
Daleiden,906,6.184132,50.070394,15.59,Eifel
Mühlenfließ,905,12.844257,52.145867,58.72,Fläming
Wensin,905,10.412545,53.980996,20.17,übrig. Schleswig-Holstein
Brahmenau,904,12.157549,50.921512,6.89,Thüringer Vogtland
Donsieders,904,7.64162,49.265789,9.02,Pfalz
Lahn,903,7.616105,52.81632,21.24,Grafschaft Bentheim-Emsland-Osnabrücker Land
Viereck,903,14.041202,53.550435,54.84,Vorpommern
Hainfeld,903,8.100789,49.257384,6.24,Pfalz
Oggelshausen,902,9.648628,48.070826,13.11,Oberschwaben-Allgäu
Schweppenhausen,901,7.80045,49.925801,3.05,Naheland
Hanstedt,901,10.375843,53.046471,55.54,Lüneburger Heide
Heuerßen,901,9.277037,52.329615,3.98,Weserbergland
Jürgenstorf,900,12.905849,53.661019,22.37,Mecklenburgische Schweiz und Seenplatte
"Werben (Elbe), Hansestadt",899,11.982379,52.860907,53.19,Altmark
Ürzig,899,7.003805,49.981694,6.04,Mosel-Saar
Wittenbeck,899,11.788644,54.124463,9.91,Mecklenburgische Ostseeküste
Ediger-Eller,898,7.156797,50.096867,19.18,Mosel-Saar
Trausnitz,897,12.265111,49.52197,17.63,Oberpfälzer Wald
Frankweiler,896,8.057838,49.227496,7.0,Pfalz
Meddewade,896,10.440757,53.810258,3.1,übrig. Schleswig-Holstein
Hassel,896,11.92681,52.640158,20.63,Altmark
Kapsweyer,896,8.020328,49.044923,8.26,Pfalz
Idstedt,894,9.511916,54.582071,13.35,übrig. Schleswig-Holstein
Helvesiek,894,9.490545,53.215831,21.79,Lüneburger Heide
Pleß,893,10.150899,48.093359,15.39,Allgäu
"Wiedensahl, Flecken",893,9.1198,52.383095,11.68,Weserbergland
Mixdorf,893,14.406866,52.195416,13.22,Seenland Oder-Spree
Venningen,893,8.173749,49.281787,9.86,Pfalz
Laumersheim,892,8.233583,49.55425,4.86,Pfalz
Schlöben,892,11.69093,50.892175,15.86,Saaleland
Pantelitz,892,12.968953,54.301425,14.42,Vorpommern
Ellern (Hunsrück),891,7.640758,49.986856,9.34,Hunsrück
Sehlen,891,13.38785,54.379793,20.6,Rügen/Hiddensee
Frankenthal,891,14.106568,51.131628,9.42,Oberlausitz/Niederschlesien
Bergen,891,12.27564,50.47149,8.34,Vogtland
Großbartloff,890,10.21063,51.249648,13.76,Eichsfeld
Breddin,890,12.22172,52.884617,44.97,Prignitz
Oberdreis,890,7.663439,50.627043,8.98,Westerwald
"Zempin, Seebad",889,13.953997,54.067387,3.32,Vorpommern
Hohenfelde,889,9.624106,53.844594,17.95,übrig. Schleswig-Holstein
Linthe,888,12.785999,52.154896,29.79,Fläming
Großnaundorf,888,13.9418,51.204424,14.99,Oberlausitz/Niederschlesien
Zernitz-Lohm,888,12.3167,52.860796,37.37,Prignitz
Moorweg,888,7.585892,53.592246,18.64,Nordseeküste
Göcklingen,888,8.0416,49.162018,7.27,Pfalz
Datzetal,888,13.492971,53.679046,41.23,Mecklenburgische Schweiz und Seenplatte
Görmin,888,13.271276,53.991357,35.19,Mecklenburgische Schweiz und Seenplatte
Emmelsbüll-Horsbüll,887,8.692601,54.811403,35.73,Nordsee
Börrstadt,887,7.944003,49.576821,15.09,Pfalz
Hanshagen,887,13.542309,54.046024,9.86,Vorpommern
Schönewörde,886,10.62824,52.633108,17.71,Lüneburger Heide
Golmbach,886,9.545419,51.900375,15.95,Weserbergland
Toddin,885,11.136422,53.418596,31.66,Westmecklenburg
Hamwarde,884,10.421397,53.452847,6.67,übrig. Schleswig-Holstein
Waldlaubersheim,884,7.830567,49.928123,8.05,Naheland
Elleben,884,11.092014,50.862945,17.0,Thüringer Wald
Gollhofen,883,10.192689,49.570716,17.02,Steigerwald
Pfeffelbach,883,7.32696,49.540856,11.28,Pfalz
Altendorf,882,12.28001,49.404846,23.17,Oberpfälzer Wald
Rathmannsdorf,882,14.140818,50.929714,4.37,Sächsische Schweiz
"Trappstadt, M",881,10.570697,50.319828,25.79,Haßberge
Schollbrunn,881,9.463565,49.835206,12.3,Spessart-Mainland
Lichterfeld-Schacksdorf,880,13.760694,51.61528,40.26,Lausitzer Seenland
Holzheim,880,8.048265,50.353803,4.99,Lahntal
Havelaue,880,12.310633,52.703673,74.81,Havelland
Loose,879,9.889039,54.519604,13.12,übrig. Schleswig-Holstein
Stedesand,879,8.925525,54.738139,15.19,übrig. Schleswig-Holstein
Dittweiler,879,7.336886,49.431184,5.63,Pfalz
Altenkirchen,879,13.341959,54.635674,22.66,Rügen/Hiddensee
Bülstringen,879,11.347652,52.320144,25.4,"Magdeburg, Elbe-Börde-Heide"
Dörrenbach,878,7.961354,49.089921,10.14,Pfalz
Salz,878,7.958497,50.508872,4.96,Westerwald
Waldsieversdorf,878,14.069325,52.542844,15.57,Seenland Oder-Spree
Grambow,877,14.335098,53.414224,35.3,Vorpommern
Planetal,877,12.669596,52.10196,42.76,Fläming
Podelzig,877,14.534429,52.471733,25.23,Seenland Oder-Spree
Stuvenborn,877,10.124679,53.851484,7.98,übrig. Schleswig-Holstein
Rüber,877,7.374654,50.292175,5.61,Eifel
Ettenstatt,877,11.055524,49.077933,15.85,Fränkisches Seenland
Randowtal,876,14.101115,53.29826,64.19,Uckermark
Elmenhorst,876,10.537551,53.544876,12.99,übrig. Schleswig-Holstein
Bundenbach,876,7.377149,49.842133,7.7,Naheland
Oersdorf,876,9.994875,53.840293,6.65,übrig. Schleswig-Holstein
Platten,876,6.953437,49.950863,6.63,Eifel
Bornheim,875,8.063722,49.781158,4.45,Rheinhessen
Schnaudertal,875,12.194753,50.97691,20.78,"Halle, Saale, Unstrut"
Sankt Johann,874,8.016253,49.867897,5.66,Rheinhessen
Waldorf,874,7.232105,50.486272,7.62,Ahr
Elpersbüttel,874,9.047156,54.072963,30.17,Nordsee
Imsbach,874,7.879713,49.582433,8.91,Pfalz
Stechow-Ferchesar,873,12.460703,52.630741,51.22,Havelland
Linden,873,9.182428,54.252623,11.62,übrig. Schleswig-Holstein
Neuenkirchen,873,9.60691,53.527407,8.04,Unterelbe-Unterweser
Jörl,872,9.271832,54.612615,19.69,übrig. Schleswig-Holstein
"Loddin, Seebad",872,14.006635,54.023088,6.12,Vorpommern
Behrenhoff,872,13.391812,54.005771,24.48,Vorpommern
Dannenfels,871,7.943643,49.628338,15.78,Pfalz
Sonderhofen,871,10.001698,49.59447,18.8,Fränkisches Weinland
Woltersdorf,871,11.22332,52.953664,28.05,Lüneburger Heide
Waddeweitz,871,10.959612,52.995923,49.28,Lüneburger Heide
Bentzin,870,13.272797,53.945787,38.87,Mecklenburgische Schweiz und Seenplatte
Schlammersdorf,870,11.735868,49.801953,20.33,Oberpfälzer Wald
Balje,870,9.131287,53.831601,58.09,Unterelbe-Unterweser
Lüssow,870,13.033698,54.282169,19.02,Vorpommern
Dunzweiler,870,7.305681,49.415923,5.52,Pfalz
Kühndorf,870,10.490681,50.60779,26.04,Thüringer Wald
Schackendorf,870,10.270569,53.957561,7.85,übrig. Schleswig-Holstein
Bergweiler,869,6.82427,49.965864,13.22,Eifel
Eldetal,869,12.518873,53.290162,71.9,Mecklenburgische Schweiz und Seenplatte
"Stößen, Stadt",869,11.925392,51.113929,7.33,"Halle, Saale, Unstrut"
Schillsdorf,868,10.123873,54.116231,26.73,übrig. Schleswig-Holstein
Horrweiler,868,7.964195,49.898103,4.39,Rheinhessen
Spessart,868,7.113305,50.439679,8.72,Ahr
Unterschwaningen,868,10.617982,49.08256,18.57,Fränkisches Seenland
Stolk,867,9.541865,54.598455,14.54,übrig. Schleswig-Holstein
Wendorf,867,13.07226,54.250386,15.79,Vorpommern
Roschbach,866,8.11789,49.246363,3.45,Pfalz
Urbach,866,10.90058,51.480778,26.53,Südharz-Kyffhäuser
Morscheid,865,6.751078,49.732095,5.49,Mosel-Saar
Sessenhausen,865,7.71502,50.52689,5.48,Westerwald
Cölpin,865,13.436026,53.519109,21.24,Mecklenburgische Schweiz und Seenplatte
Burow,865,13.273035,53.772725,17.34,Mecklenburgische Schweiz und Seenplatte
Bergfeld,864,10.845843,52.546012,10.62,Lüneburger Heide
Höhfröschen,864,7.562003,49.245712,4.17,Pfalz
Krembz,864,11.060801,53.651085,39.16,Mecklenburgische Ostseeküste
Steinbach am Glan,863,7.382937,49.452455,6.85,Pfalz
Amerdingen,863,10.486326,48.725457,19.11,Bayerisch-Schwaben
Stein,863,10.268846,54.414659,3.81,Ostsee
Schallodenbach,861,7.714968,49.544365,7.45,Pfalz
Ostrohe,861,9.130804,54.214,6.66,übrig. Schleswig-Holstein
Kirchbrak,860,9.57338,51.965529,18.47,Weserbergland
Reichenbach,860,11.876984,50.867937,4.78,Saaleland
Briedel,860,7.145792,50.022096,26.58,Mosel-Saar
Friedrichsruhe,860,11.754554,53.527215,34.67,Westmecklenburg
Holzdorf,860,9.896959,54.554372,17.35,übrig. Schleswig-Holstein
Buch,860,7.387139,50.077143,13.45,Hunsrück
Tiefenthal,860,8.105347,49.539877,4.21,Pfalz
Niederdreisbach,859,7.924683,50.74837,4.17,Westerwald
Seeblick,859,12.336942,52.666875,48.41,Havelland
Alfstedt,859,9.067399,53.548503,16.22,Unterelbe-Unterweser
Sehlde,858,10.262343,52.038745,20.39,Braunschweiger Land
Geratskirchen,858,12.663337,48.337529,12.88,Bayerisches Thermenland
Göhren-Lebbin,857,12.512716,53.477876,41.59,Mecklenburgische Schweiz und Seenplatte
Aura a.d.Saale,857,10.00738,50.164483,10.1,Rhön
Roßbach,856,7.682226,50.604538,7.48,Westerwald
Büttstedt,856,10.306661,51.260418,7.52,Eichsfeld
Schönberg,855,12.491538,50.8672,15.43,Chemnitz Zwickau Region
Schallbach,855,7.626845,47.654705,3.95,Südlicher Schwarzwald
Langewahl,854,14.104684,52.32712,13.45,Seenland Oder-Spree
Schweringen,854,9.181245,52.747532,19.53,Mittelweser
Rosenau,854,12.320434,52.325115,49.74,Havelland
Petersberg,854,7.565751,49.238948,3.84,Pfalz
Leuterod,853,7.819322,50.494222,3.88,Westerwald
"Gelchsheim, M",853,10.020985,49.572998,15.75,Fränkisches Weinland
Noer,852,10.005045,54.461334,13.89,Ostsee
Gebenbach,852,11.876108,49.537583,18.13,Bayerischer Jura
Uehrde,850,10.766094,52.10011,24.43,Braunschweiger Land
"Sulzthal, M",850,10.034484,50.131792,15.05,Rhön
"Rüdenhausen, M",850,10.342259,49.765202,6.88,Steigerwald
Cammin,849,12.357532,53.98997,32.22,Mecklenburgische Ostseeküste
Barnitz,849,10.500288,53.805978,11.8,übrig. Schleswig-Holstein
"Märkisch Buchholz, Stadt",849,13.761856,52.109763,24.86,Dahme-Seenland
Hontheim,848,6.992845,50.068801,24.78,Eifel
Neulehe,847,7.415015,53.006087,13.62,Grafschaft Bentheim-Emsland-Osnabrücker Land
"Grafengehaig, M",847,11.59313,50.204046,20.81,Frankenwald
Eversmeer,847,7.428893,53.561363,11.55,Ostfriesland
Neidenbach,846,6.551961,50.092243,9.35,Eifel
Drestedt,846,9.773823,53.327674,5.73,Lüneburger Heide
Groß Quenstedt,846,11.111712,51.929351,15.64,Harz und Harzvorland
Rollshausen,846,10.216588,51.569563,11.67,Harz
Bersteland,846,13.744925,51.96523,29.5,Spreewald
Alt-Mölln,845,10.658165,53.622775,6.44,übrig. Schleswig-Holstein
Joldelund,845,9.139662,54.652937,19.12,übrig. Schleswig-Holstein
Heede,845,9.802298,53.783499,15.48,übrig. Schleswig-Holstein
Bieberehren,845,10.008247,49.514836,14.82,Fränkisches Weinland
Eimke,845,10.313542,52.966872,83.4,Lüneburger Heide
Aspisheim,845,7.980973,49.906281,5.81,Rheinhessen
Kronprinzenkoog,844,8.964528,53.97171,28.84,Nordsee
Becherbach,844,7.680746,49.654089,10.84,Naheland
Hollnseth,844,9.103115,53.589311,20.82,Nordseeküste
Großfahner,844,10.827053,51.055901,11.45,Welterberegion Wartburg-Hainich
"Abtswind, M",843,10.372217,49.77071,12.81,Steigerwald
Deutschneudorf,843,13.463361,50.604595,8.05,Erzgebirge
Winterspelt,842,6.214596,50.213184,25.6,Eifel
Siggelkow,842,11.93779,53.386821,55.56,Westmecklenburg
Lohkirchen,841,12.445837,48.310318,14.94,Inn-Salzach
Hardert,840,7.518774,50.518101,3.44,Westerwald
Kühlenthal,840,10.820736,48.56553,7.13,Bayerisch-Schwaben
Niederahr,840,7.861098,50.491504,4.02,Westerwald
Untermarchtal,840,9.612757,48.24096,5.62,Schwäbische Alb
Plankenfels,840,11.334739,49.885785,14.0,Fränkische Schweiz
Kirf,839,6.480615,49.550991,19.16,Mosel-Saar
Bengel,839,7.064797,50.016289,27.44,Eifel
Schloen-Dratow,839,12.788142,53.533755,36.45,Mecklenburgische Schweiz und Seenplatte
Rollwitz,839,13.977457,53.47244,35.6,Vorpommern
Oberneukirchen,839,12.51971,48.172963,19.6,Inn-Salzach
Riedhausen,838,9.431359,47.908922,8.41,Oberschwaben-Allgäu
Moltzow,837,12.57638,53.630529,46.7,Mecklenburgische Schweiz und Seenplatte
Liebenscheid,837,8.094292,50.695669,10.56,Westerwald
Hausen ob Verena,837,8.722,48.053362,5.87,Schwäbische Alb
Pleckhausen,836,7.542036,50.595239,1.99,Westerwald
Handrup,836,7.570664,52.565882,14.6,Grafschaft Bentheim-Emsland-Osnabrücker Land
Pleisweiler-Oberhofen,836,8.005348,49.117909,5.05,Pfalz
Kleinkarlbach,836,8.154192,49.540002,2.69,Pfalz
Mandern,835,6.76953,49.60761,23.95,Hunsrück
Sprötau,835,11.202259,51.125004,8.01,Welterberegion Wartburg-Hainich
Eichstedt (Altmark),835,11.852323,52.680118,33.09,Altmark
Steinberg,835,9.782276,54.756137,16.29,Ostsee
Nisterau,834,7.989124,50.656884,3.26,Westerwald
Pohle,834,9.341642,52.265412,7.21,Weserbergland
Fellen,834,9.589888,50.152252,34.34,Spessart-Mainland
Hademstorf,833,9.631441,52.713325,9.22,Lüneburger Heide
Laubenheim,833,7.895042,49.919173,3.34,Naheland
Hendungen,833,10.353266,50.394282,22.79,Rhön
Frellstedt,832,10.915667,52.205617,6.15,Braunschweiger Land
Helse,832,9.010226,53.977556,11.44,übrig. Schleswig-Holstein
Harmstorf,832,9.987203,53.348173,5.99,Lüneburger Heide
Altmärkische Wische,831,11.876835,52.857082,67.43,Altmark
Rüscheid,831,7.565627,50.522824,4.9,Westerwald
Waldweiler,831,6.797231,49.61415,11.11,Hunsrück
Meinheim,830,10.813813,49.029251,16.35,Fränkisches Seenland
Oberdiebach,830,7.777213,50.03253,8.36,Mittelrheintal
Beidenfleth,830,9.40975,53.87951,13.6,übrig. Schleswig-Holstein
Breddenberg,830,7.607868,52.953742,8.94,Grafschaft Bentheim-Emsland-Osnabrücker Land
Alt Tucheband,829,14.511961,52.536635,30.68,Seenland Oder-Spree
Megesheim,829,10.649913,48.938941,12.54,Bayerisch-Schwaben
Castell,829,10.34926,49.743044,22.92,Steigerwald
Altenbamberg,829,7.83272,49.785381,7.54,Naheland
Fuhlendorf,829,12.601123,54.359903,17.19,Vorpommern
Jachenau,828,11.43382,47.605803,128.66,Tölzer Land
Illerich,827,7.179921,50.200602,7.75,Eifel
Neenstetten,827,10.021476,48.545493,8.3,Schwäbische Alb
Hallgarten,827,7.787736,49.760557,2.54,Naheland
Riekofen,827,12.349439,48.915578,23.92,Bayerisches Thermenland
Erkerode,827,10.707679,52.203267,13.39,Braunschweiger Land
Farschweiler,826,6.827152,49.716966,7.45,Hunsrück
Renquishausen,826,8.894462,48.083032,7.71,Schwäbische Alb
Fürsteneck,826,13.46234,48.717984,10.43,Bayerischer Wald
Alf,826,7.125977,50.056847,6.34,Mosel-Saar
Steinebach an der Wied,825,7.803557,50.610775,8.3,Westerwald
Konken,825,7.351078,49.508296,7.04,Pfalz
Bülkau,824,8.979034,53.747225,23.22,Nordseeküste
Hörnum (Sylt),824,8.287218,54.756098,5.64,Nordsee
Vastorf,824,10.545982,53.197671,21.97,Lüneburger Heide
Stipshausen,824,7.292212,49.849097,11.05,Naheland
Anderlingen,823,9.302152,53.372365,35.75,Unterelbe-Unterweser
Tramm,822,11.642541,53.521072,42.08,Westmecklenburg
Wethau,822,11.857316,51.137983,7.69,"Halle, Saale, Unstrut"
Engelbrechtsche Wildnis,822,9.44734,53.785831,5.13,übrig. Schleswig-Holstein
Bilsen,822,9.87625,53.769901,6.2,übrig. Schleswig-Holstein
Ballhausen,821,10.88678,51.155055,14.79,Welterberegion Wartburg-Hainich
Dahlheim,821,7.694005,50.210816,6.82,Mittelrheintal
Hümmerich,821,7.496106,50.568365,4.27,Westerwald
Kirchbarkau,821,10.142365,54.211515,2.16,übrig. Schleswig-Holstein
Bogel,821,7.799119,50.190492,5.34,Lahntal
Großlohra,821,10.644544,51.416639,18.45,Südharz-Kyffhäuser
Niederwörresbach,820,7.335887,49.768772,9.34,Naheland
Bohmstedt,820,9.043841,54.581229,13.35,übrig. Schleswig-Holstein
Dürrhennersdorf,820,14.607337,51.051327,10.71,Oberlausitz/Niederschlesien
Alflen,820,7.040537,50.177082,13.42,Eifel
Pünderich,820,7.128632,50.041044,5.43,Mosel-Saar
Merzdorf,820,13.535293,51.402367,12.8,Elbe Elster Land
Herschberg,820,7.546333,49.305887,11.55,Pfalz
Sülstorf,819,11.378026,53.510773,18.78,Westmecklenburg
Brinkum,819,7.558982,53.267565,5.52,Ostfriesland
Lüttow-Valluhn,819,10.888429,53.53056,24.54,Westmecklenburg
Heinrichsthal,819,9.344068,50.071523,4.52,Spessart-Mainland
Lübbow,819,11.181483,52.909636,19.52,Lüneburger Heide
Nortorf,819,9.290542,53.926535,20.2,übrig. Schleswig-Holstein
Neu Gülze,818,10.787932,53.381682,13.06,Westmecklenburg
Sassen-Trantow,818,13.187334,54.02358,45.35,Mecklenburgische Schweiz und Seenplatte
Wiendorf,818,12.151213,53.94856,17.65,Mecklenburgische Ostseeküste
Golzow,816,14.493029,52.573968,17.29,Seenland Oder-Spree
Emerkingen,816,9.656266,48.214609,7.4,Schwäbische Alb
"Gnotzheim, M",815,10.71384,49.059888,12.47,Fränkisches Seenland
Simonsberg,815,8.97196,54.436567,17.48,Nordsee
Frankeneck,815,8.052302,49.376384,4.76,Pfalz
Wallstawe,815,11.019325,52.796637,44.42,Altmark
Neroth,815,6.74611,50.195862,7.24,Eifel
Wellen,814,6.435928,49.668719,3.09,Mosel-Saar
Rumohr,814,10.024676,54.255177,8.6,übrig. Schleswig-Holstein
Lohmen,814,12.094615,53.682653,34.69,Mecklenburgische Schweiz und Seenplatte
Glasau,813,10.516777,54.056669,18.83,übrig. Schleswig-Holstein
Rabenstein/Fläming,813,12.624722,52.054311,79.18,Fläming
Sonnenberg,813,13.088633,53.019253,50.57,Ruppiner Seenland
Ellenz-Poltersdorf,812,7.224466,50.108953,7.42,Mosel-Saar
Mahlstetten,812,8.836187,48.075403,12.2,Schwäbische Alb
Frauenprießnitz,812,11.735422,51.016933,18.48,Saaleland
Kreba-Neudorf / Chrjebja-Nowa Wjes,812,14.684646,51.347784,31.65,Oberlausitz/Niederschlesien
Obernholz,812,10.581937,52.7545,37.94,Lüneburger Heide
Sankt Margarethen,812,9.256234,53.889309,12.79,übrig. Schleswig-Holstein
Heuchelheim-Klingen,811,8.053527,49.146644,7.38,Pfalz
Gierstädt,811,10.827866,51.043617,10.6,Welterberegion Wartburg-Hainich
Rüdershausen,811,10.26824,51.581182,9.44,Harz
Wallhalben,811,7.524156,49.316276,4.88,Pfalz
Samern,810,7.255962,52.299715,26.07,Grafschaft Bentheim-Emsland-Osnabrücker Land
Riesweiler,810,7.557005,49.959872,16.83,Hunsrück
Eimen,810,9.778045,51.875883,16.36,Weserbergland
Baumgarten,810,11.878243,53.812379,39.18,Mecklenburgische Schweiz und Seenplatte
Niederheimbach,810,7.804203,50.033522,7.55,Mittelrheintal
Häg-Ehrsberg,810,7.906265,47.742861,25.04,Südlicher Schwarzwald
Steinfeld,809,9.743805,54.598384,8.73,übrig. Schleswig-Holstein
Murchin,809,13.74274,53.905543,46.73,Vorpommern
Daiting,809,10.904183,48.791856,25.46,Bayerisch-Schwaben
Selk,809,9.566786,54.472501,10.07,übrig. Schleswig-Holstein
Schalkenbach,809,7.15143,50.495773,10.26,Ahr
Tauberrettersheim,808,9.935868,49.49422,8.56,Fränkisches Weinland
Nemsdorf-Göhrendorf,807,11.659873,51.36285,17.23,"Halle, Saale, Unstrut"
Neuendorf,807,9.645834,50.036072,9.64,Spessart-Mainland
Breydin,807,13.836028,52.777824,35.31,Barnimer Land
Lutzhorn,807,9.776787,53.825517,21.72,übrig. Schleswig-Holstein
Herrstein,807,7.337804,49.78073,4.81,Naheland
Wolfsheim,807,8.041189,49.873147,4.99,Rheinhessen
Segnitz,806,10.142531,49.673075,2.72,Fränkisches Weinland
Irmtraut,806,8.060456,50.554954,4.52,Westerwald
Affinghausen,805,8.87991,52.782963,12.28,Mittelweser
Schwartbuck,805,10.478063,54.358264,13.15,Ostsee
Wollin,805,12.46892,52.281348,28.0,Fläming
Schmogrow-Fehrow/Smogorjow-Prjawoz,804,14.211951,51.850577,30.42,Spreewald
Großlöbichau,804,11.678304,50.928901,6.24,Saaleland
Stemmen,804,9.554485,53.223891,24.73,Lüneburger Heide
Steinau,803,8.886576,53.683196,36.05,Nordseeküste
Greven,803,10.802258,53.478608,40.1,Westmecklenburg
Rondeshagen,803,10.629717,53.753642,9.51,übrig. Schleswig-Holstein
Firrel,803,7.662352,53.33058,8.25,Ostfriesland
Beendorf,803,11.085883,52.242316,6.84,"Magdeburg, Elbe-Börde-Heide"
Guteneck,802,12.274621,49.444811,35.07,Oberpfälzer Wald
Neidenfels,802,8.046029,49.388533,6.64,Pfalz
Quirnheim,802,8.126275,49.584989,4.45,Pfalz
Klein Belitz,802,11.965675,53.937799,39.14,Mecklenburgische Schweiz und Seenplatte
Oettersdorf,800,11.818541,50.599671,10.34,Thüringer Wald
Hüsby,800,9.484548,54.496335,9.68,übrig. Schleswig-Holstein
Haselbach,799,12.437043,51.068456,2.76,Altenburger Land
Wehrbleck,799,8.692263,52.628854,28.03,Mittelweser
Neuendorf b. Elmshorn,799,9.562834,53.737583,15.79,übrig. Schleswig-Holstein
Glasin,799,11.737231,53.911906,39.6,Mecklenburgische Ostseeküste
Bubenheim,799,8.080934,49.921709,4.38,Rheinhessen
Schöndorf,798,6.742401,49.680028,10.0,Hunsrück
Otting,797,10.798237,48.872038,13.39,Bayerisch-Schwaben
Bobenheim am Berg,797,8.152156,49.524001,6.33,Pfalz
"Sandau (Elbe), Stadt",796,12.046326,52.789726,18.55,Altmark
Wißmannsdorf,796,6.443817,49.987684,6.72,Eifel
"Geroda, M",796,9.893743,50.279954,16.8,Rhön
Cramme,796,10.44596,52.113068,12.45,Braunschweiger Land
Gleißenberg,796,12.740713,49.317058,15.38,Bayerischer Wald
Groß Nordende,796,9.649515,53.70207,5.64,übrig. Schleswig-Holstein
Wittbek,795,9.204139,54.473433,19.91,übrig. Schleswig-Holstein
Walsleben,795,12.668225,52.938938,31.91,Ruppiner Seenland
Einselthum,795,8.125637,49.652447,5.51,Pfalz
Mittelsinn,794,9.614814,50.193443,14.32,Spessart-Mainland
Bruchertseifen,794,7.713945,50.747563,2.89,Westerwald
Ruschberg,794,7.28833,49.619717,7.45,Naheland
Wohnste,794,9.523874,53.356376,19.23,Lüneburger Heide
Carpin,793,13.24319,53.356299,64.1,Mecklenburgische Schweiz und Seenplatte
Lebusa,793,13.416883,51.797024,33.79,Elbe Elster Land
Loissin,793,13.532163,54.112634,15.48,Vorpommern
Ratshausen,793,8.792083,48.195108,5.76,Schwäbische Alb
Fehl-Ritzhausen,792,8.000586,50.643336,4.02,Westerwald
Rom,792,11.949777,53.445358,33.71,Westmecklenburg
Neuleiningen,792,8.139768,49.542779,9.06,Pfalz
Horstedt,792,9.069038,54.525582,11.7,übrig. Schleswig-Holstein
Merzkirchen,792,6.476831,49.5789,18.47,Mosel-Saar
Friedrichswalde,791,13.707059,53.028652,45.08,Barnimer Land
Tantow,791,14.352565,53.271276,35.47,Uckermark
Häuslingen,791,9.392826,52.809645,13.69,Lüneburger Heide
Laufersweiler,791,7.305352,49.897258,6.79,Hunsrück
Süderhastedt,791,9.20886,54.04991,15.74,übrig. Schleswig-Holstein
Altenberga,791,11.540544,50.830629,17.33,Saaleland
Neetzow-Liepen,791,13.406568,53.881912,43.23,Vorpommern
Neuengörs,790,10.384085,53.899116,13.4,übrig. Schleswig-Holstein
Burrweiler,790,8.075454,49.248524,6.3,Pfalz
Altkalen,790,12.738972,53.898718,45.74,Mecklenburgische Schweiz und Seenplatte
Warberg,790,10.92011,52.182049,8.03,Braunschweiger Land
Nöda,789,11.018247,51.069675,6.44,Welterberegion Wartburg-Hainich
Höheischweiler,789,7.550352,49.231392,4.37,Pfalz
Eickeloh,789,9.60632,52.729265,13.31,Lüneburger Heide
Esgrus,789,9.782169,54.723422,18.07,übrig. Schleswig-Holstein
Hartenfels,789,7.785433,50.571724,8.2,Westerwald
Liepgarten,789,14.028097,53.720146,32.89,Vorpommern
Kroppach,789,7.737747,50.695784,4.01,Westerwald
Fischbach,789,7.911874,49.45412,15.06,Pfalz
Kattendorf,788,10.023721,53.843003,9.84,übrig. Schleswig-Holstein
Sandbostel,788,9.130098,53.408968,31.58,Unterelbe-Unterweser
"Kaub, Stadt",788,7.764933,50.089638,13.05,Mittelrheintal
Räbke,788,10.878602,52.194636,11.29,Braunschweiger Land
Göritz,788,13.913651,53.407652,25.56,Uckermark
Kaifenheim,787,7.226688,50.245693,6.17,Eifel
Halvesbostel,787,9.601215,53.359267,18.29,Lüneburger Heide
Bitzen,787,7.691484,50.794206,2.3,Westerwald
Groß Wüstenfelde,787,12.549267,53.874202,26.62,Mecklenburgische Schweiz und Seenplatte
Koberg,787,10.52596,53.639594,11.98,übrig. Schleswig-Holstein
Dreis-Brück,786,6.78985,50.264954,18.31,Eifel
Schülp b. Nortorf,786,9.885618,54.163643,9.86,übrig. Schleswig-Holstein
Hohwacht (Ostsee),786,10.67371,54.320922,8.75,Ostsee
Colnrade,785,8.475271,52.822051,18.48,Oldenburger Land
Ivenack,785,12.969859,53.710632,39.63,Mecklenburgische Schweiz und Seenplatte
Taben-Rodt,784,6.592764,49.546414,16.28,Mosel-Saar
Wustrow,784,12.9698,53.225785,43.29,Mecklenburgische Schweiz und Seenplatte
Zehrental,784,11.609055,52.934283,72.79,Altmark
Westerdeichstrich,783,8.863517,54.162006,7.5,Nordsee
Schwabhausen,783,10.727987,50.888244,9.36,Thüringer Wald
Brunstorf,783,10.425938,53.491554,13.76,übrig. Schleswig-Holstein
Belum,782,8.994205,53.816223,25.72,Nordseeküste
Puschwitz / Bóšicy,782,14.291743,51.250033,11.79,Oberlausitz/Niederschlesien
Kausen,781,7.865199,50.740757,3.62,Westerwald
Mündersbach,781,7.732788,50.605346,9.24,Westerwald
Selbach (Sieg),780,7.768108,50.745269,3.66,Westerwald
Bargstedt,780,9.769024,54.162433,25.35,übrig. Schleswig-Holstein
Rippershausen,780,10.348448,50.605071,11.49,Thüringer Rhön
Brest,779,9.382623,53.450913,24.59,Unterelbe-Unterweser
Delve,779,9.252365,54.303978,15.84,übrig. Schleswig-Holstein
Geiselberg,779,7.695681,49.327329,6.33,Pfalz
Kremitzaue,779,13.315825,51.725756,23.59,Elbe Elster Land
Klingelbach,778,7.969677,50.273541,5.14,Lahntal
Winterbach,778,10.488332,48.464226,14.83,Bayerisch-Schwaben
Rastorf,778,10.289064,54.272603,20.01,übrig. Schleswig-Holstein
Westerau,778,10.489307,53.77882,15.37,übrig. Schleswig-Holstein
Fischingen,778,7.597834,47.650526,1.89,Südlicher Schwarzwald
Reifenberg,778,7.507453,49.282721,7.73,Pfalz
Lohbarbek,777,9.636016,53.945682,6.24,übrig. Schleswig-Holstein
Buchheim,777,8.986749,48.010647,18.3,Schwäbische Alb
Kammerforst,776,10.431127,51.121835,16.93,Welterberegion Wartburg-Hainich
Briesen/Brjazyna,776,14.244488,51.814903,9.13,Spreewald
Beckeln,776,8.582048,52.861461,33.54,Oldenburger Land
Deesen,775,7.700114,50.50982,3.4,Westerwald
Heinade,775,9.632864,51.839233,9.09,Weserbergland
Forst an der Weinstraße,774,8.188905,49.426125,3.59,Pfalz
Tiefenbach,774,7.540052,49.935869,5.78,Hunsrück
Hilkenbrook,774,7.70807,52.984367,11.12,Grafschaft Bentheim-Emsland-Osnabrücker Land
Gunningen,773,8.69527,48.045705,5.44,Schwäbische Alb
Bornstedt,773,11.482934,51.482251,9.38,Harz und Harzvorland
Groß Mohrdorf,773,12.948373,54.389128,41.47,Vorpommern
Blumenholz,772,13.122289,53.414065,41.84,Mecklenburgische Schweiz und Seenplatte
Korlingen,772,6.725526,49.727635,2.08,Hunsrück
Sehestedt,772,9.818375,54.366001,15.25,übrig. Schleswig-Holstein
Weilar,772,10.15542,50.761567,14.32,Thüringer Rhön
Oberlahr,772,7.516934,50.621584,2.83,Westerwald
Tüttleben,771,10.785645,50.945881,7.26,Welterberegion Wartburg-Hainich
Borsfleth,770,9.430284,53.825372,15.2,übrig. Schleswig-Holstein
Mayschoß,770,7.01933,50.523486,5.63,Ahr
Vierden,770,9.506093,53.329175,21.34,Lüneburger Heide
Barnstedt,769,10.372485,53.135816,19.77,Lüneburger Heide
Windbergen,768,9.117779,54.044978,17.31,übrig. Schleswig-Holstein
Lülsfeld,768,10.320149,49.867669,11.2,Fränkisches Weinland
Böhen,767,10.300894,47.881258,20.55,Allgäu
Thalhausen,767,7.582813,50.502913,3.65,Westerwald
Temmels,767,6.463247,49.690213,6.65,Mosel-Saar
Gleiszellen-Gleishorbach,766,8.004089,49.125009,5.32,Pfalz
Wiesenaue,766,12.62743,52.727519,46.94,Havelland
Bodensee,766,10.1319,51.604298,7.47,Harz
Kempfeld,766,7.242394,49.791206,9.72,Naheland
Dreschvitz,766,13.294442,54.40372,22.64,Rügen/Hiddensee
Mühlenberge,765,12.640341,52.672338,39.63,Havelland
Zöschingen,765,10.324288,48.673287,14.63,Bayerisch-Schwaben
Bedesbach,765,7.459448,49.567802,4.43,Pfalz
Möllenbeck,765,13.34296,53.390227,36.32,Mecklenburgische Schweiz und Seenplatte
Barum,764,10.516724,53.052039,22.33,Lüneburger Heide
Schülldorf,764,9.729268,54.300204,12.99,übrig. Schleswig-Holstein
Odenbach,763,7.650783,49.685129,7.94,Pfalz
Jettenbach,763,12.382539,48.169593,9.18,Inn-Salzach
Burgen,763,7.391389,50.210682,11.38,Mosel-Saar
Ellingstedt,763,9.409623,54.477733,21.49,übrig. Schleswig-Holstein
Zölkow,763,11.822657,53.562753,38.91,Westmecklenburg
Schoden,763,6.577197,49.638919,5.15,Mosel-Saar
Bülstedt,762,9.151253,53.210127,25.59,Unterelbe-Unterweser
Moschheim,762,7.841315,50.478498,3.44,Westerwald
Kuhlen-Wendorf,762,11.664236,53.670364,49.91,Westmecklenburg
Mudenbach,762,7.733366,50.66828,4.78,Westerwald
Beetzseeheide,762,12.629564,52.494945,37.6,Havelland
Sponheim,762,7.725906,49.843799,14.35,Naheland
Böbingen,761,8.237219,49.284163,6.91,Pfalz
Bunsoh,761,9.320225,54.165522,11.75,übrig. Schleswig-Holstein
Kinheim,760,7.05552,49.975676,9.08,Mosel-Saar
Scholen,760,8.769239,52.740308,20.47,Mittelweser
Nenndorf,760,7.434157,53.590137,6.86,Ostfriesland
"Trassenheide, Ostseebad",760,13.862318,54.086968,6.88,Vorpommern
Kneitlingen,759,10.760789,52.174777,17.66,Braunschweiger Land
Oberbettingen,759,6.62547,50.286013,6.21,Eifel
Klein Wesenberg,759,10.545462,53.811108,8.74,übrig. Schleswig-Holstein
Güllesheim,758,7.529069,50.598367,2.2,Westerwald
Bischheim,758,8.03307,49.670622,6.61,Pfalz
Reinholterode,758,10.195173,51.422954,8.73,Eichsfeld
Humptrup,758,8.864538,54.863199,16.99,übrig. Schleswig-Holstein
Niedertrebra,757,11.582261,51.070155,8.99,Weimarer Land
Mestlin,757,11.92708,53.580544,32.8,Westmecklenburg
Südmüritz,757,12.66452,53.378734,69.51,Mecklenburgische Schweiz und Seenplatte
Temnitzquell,756,12.645607,53.013421,65.76,Ruppiner Seenland
Oldersbek,756,9.166728,54.446436,10.82,übrig. Schleswig-Holstein
Grabau,755,10.274484,53.804138,9.14,übrig. Schleswig-Holstein
Ohmbach,755,7.350284,49.448712,3.9,Pfalz
Udestedt,755,11.128739,51.049374,16.32,Welterberegion Wartburg-Hainich
Kirchheilingen,754,10.709358,51.181918,16.67,Welterberegion Wartburg-Hainich
Poppendorf,754,12.288015,54.131233,14.03,Mecklenburgische Ostseeküste
Röckingen,754,10.560231,49.057243,10.91,Romantisches Franken - vom Naturpark Frankenhöhe zur Romantischen Straße
Engelschoff,754,9.323504,53.661807,19.68,Unterelbe-Unterweser
Epenwöhrden,754,9.052894,54.112805,13.52,übrig. Schleswig-Holstein
Römstedt,753,10.650651,53.095509,19.1,Lüneburger Heide
Obersülzen,753,8.21131,49.5684,3.52,Pfalz
Rosenheim (Landkreis Altenkirchen),753,7.849012,50.712504,4.09,Westerwald
Ehingen a.Ries,752,10.554899,48.965136,15.64,Bayerisch-Schwaben
Rubenow,752,13.6989,54.099356,35.4,Vorpommern
Nünschweiler,752,7.503186,49.223401,9.97,Pfalz
Setzingen,752,10.126705,48.538048,8.42,Schwäbische Alb
Fockendorf,752,12.465781,51.04865,8.78,Altenburger Land
Gallmersgarten,751,10.279387,49.458198,15.18,Romantisches Franken - vom Naturpark Frankenhöhe zur Romantischen Straße
Zierow,751,11.374861,53.925289,10.11,Mecklenburgische Ostseeküste
Fargau-Pratjau,751,10.379022,54.318981,23.53,übrig. Schleswig-Holstein
Mittelreidenbach,750,7.441943,49.726505,5.06,Naheland
Tettau,750,13.727191,51.432007,8.84,Lausitzer Seenland
Gottesgabe,750,11.246323,53.631272,22.21,Mecklenburgische Ostseeküste
Erzenhausen,749,7.617397,49.499657,5.63,Pfalz
Morschheim,749,8.025694,49.697034,6.51,Pfalz
Schmalenberg,749,7.730362,49.333977,10.39,Pfalz
Monreal,749,7.157962,50.29901,14.64,Eifel
Langenwolschendorf,749,11.953584,50.634631,6.82,Thüringer Vogtland
Gutweiler,748,6.725361,49.719197,2.51,Hunsrück
Betzenweiler,747,9.574404,48.117754,9.68,Oberschwaben-Allgäu
Wilhelmsburg,747,13.859025,53.64175,47.2,Vorpommern
Reher,747,9.573588,54.065856,15.3,übrig. Schleswig-Holstein
Hohenfelde,746,11.909261,54.0779,9.51,Mecklenburgische Ostseeküste
Riedenheim,746,9.974407,49.556588,23.99,Fränkisches Weinland
Luckaitztal,746,14.006457,51.691991,41.91,Lausitzer Seenland
Wachenheim,746,8.166655,49.636666,3.55,Rheinhessen
Engelstadt,745,8.065522,49.903044,7.76,Rheinhessen
Bosenbach,745,7.529129,49.539629,8.14,Pfalz
Steinefrenz,745,7.933161,50.459262,4.85,Westerwald
Eggstedt,744,9.25927,54.054535,12.79,übrig. Schleswig-Holstein
Lindenau,744,13.717932,51.400004,11.17,Lausitzer Seenland
Jelmstorf,743,10.522747,53.100994,13.94,Lüneburger Heide
Daxweiler,743,7.752092,49.965906,16.65,Naheland
Sommerland,743,9.538265,53.803001,18.76,übrig. Schleswig-Holstein
Schwerinsdorf,743,7.659246,53.310114,5.59,Ostfriesland
Kranenburg,743,9.207459,53.605166,14.18,Unterelbe-Unterweser
Wrohm,743,9.379505,54.212642,11.45,übrig. Schleswig-Holstein
Schweindorf,742,7.474601,53.600919,5.44,Ostfriesland
Kleinsteinhausen,742,7.469911,49.200141,5.74,Pfalz
Tensfeld,742,10.320723,54.042171,7.65,übrig. Schleswig-Holstein
Plaaz,742,12.345611,53.842881,34.34,Mecklenburgische Schweiz und Seenplatte
Heidersdorf,742,13.406375,50.675204,9.51,Erzgebirge
Drachhausen/Hochoza,742,14.323575,51.890673,38.4,Spreewald
Dielmissen,741,9.607235,51.971155,7.52,Weserbergland
Byhleguhre-Byhlen/Beła Góra-Bělin,741,14.172163,51.879267,35.8,Spreewald
Westerholz,741,9.668774,54.817328,14.71,Ostsee
Alt Krenzlin,741,11.309672,53.3174,37.9,Westmecklenburg
Reurieth,741,10.652607,50.453435,16.2,Thüringer Wald
Holldorf,740,13.272109,53.465463,15.67,Mecklenburgische Schweiz und Seenplatte
Mustin,740,10.886235,53.68453,11.88,übrig. Schleswig-Holstein
Parchtitz,740,13.398463,54.439132,25.1,Rügen/Hiddensee
Vachdorf,740,10.534369,50.525959,15.89,Thüringer Rhön
Börm,740,9.378249,54.4033,18.71,übrig. Schleswig-Holstein
Karwitz,739,11.015675,53.087565,31.73,Lüneburger Heide
Waltenhausen,739,10.363351,48.189497,13.43,Bayerisch-Schwaben
Stahlhofen,739,7.857828,50.392752,2.98,Westerwald
Birkweiler,738,8.038079,49.204087,4.94,Pfalz
Vogelsang,738,14.663918,52.181972,5.86,Seenland Oder-Spree
Westerwalsede,738,9.363692,53.032894,20.18,Lüneburger Heide
Jettenbach,737,7.55688,49.53576,10.24,Pfalz
Breitenau,737,7.689527,50.497404,6.03,Westerwald
Prebberede,737,12.488542,53.90974,42.94,Mecklenburgische Schweiz und Seenplatte
Rivenich,737,6.846223,49.876219,7.77,Eifel
Dorsheim,737,7.873309,49.926155,2.22,Naheland
Spatzenhausen,737,11.198474,47.722431,7.74,Zugspitz-Region
Obere Warnow,736,11.864852,53.515875,46.69,Westmecklenburg
Peterswald-Löffelscheid,736,7.319492,50.008511,15.33,Hunsrück
Meyn,736,9.22191,54.758389,12.4,übrig. Schleswig-Holstein
Hoßkirch,736,9.446033,47.940508,15.81,Oberschwaben-Allgäu
Unterspreewald,735,13.902915,52.108315,26.02,Spreewald
Ventschow,735,11.578071,53.785613,13.63,Mecklenburgische Ostseeküste
Mörschied,735,7.306744,49.789117,10.7,Naheland
Ludwigswinkel,735,7.662747,49.075556,21.28,Pfalz
Wittdün auf Amrum,734,8.392971,54.626534,2.61,Nordsee
Preist,734,6.629806,49.90595,6.42,Eifel
Borrentin,734,12.967709,53.808779,48.28,Mecklenburgische Schweiz und Seenplatte
Herxheim am Berg,734,8.17949,49.509464,4.35,Pfalz
Kretz,734,7.361895,50.394106,4.18,Eifel
Winden,734,7.830885,50.338186,6.94,Lahntal
Hohenstadt,733,9.663973,48.54445,11.64,Region Stuttgart
Hohen-Sülzen,733,8.226648,49.619342,3.78,Rheinhessen
Hermsdorf,733,13.894611,51.404965,33.03,Lausitzer Seenland
Erlenbach bei Kandel,733,8.186629,49.110993,5.47,Pfalz
Ettersburg,733,11.278166,51.033026,2.92,Weimarer Land
Köhn,733,10.455111,54.34444,13.15,übrig. Schleswig-Holstein
Hambuch,732,7.181888,50.225697,4.81,Eifel
Rendswühren,732,10.17974,54.074276,19.75,übrig. Schleswig-Holstein
Alperstedt,732,11.046054,51.093519,8.93,Welterberegion Wartburg-Hainich
Baierbach,732,12.207176,48.415797,16.76,Bayerisches Thermenland
Aubstadt,731,10.434479,50.334541,11.92,Haßberge
Sponholz,731,13.365739,53.552413,26.96,Mecklenburgische Schweiz und Seenplatte
Dellstedt,730,9.369143,54.237892,21.77,übrig. Schleswig-Holstein
Eppenrod,730,7.930933,50.405428,6.98,Lahntal
Pruchten,730,12.674234,54.377452,8.23,Vorpommern
Biebelsheim,730,7.938844,49.87331,3.1,Naheland
Niederroßbach,729,8.032252,50.640389,4.39,Westerwald
Hasenmoor,729,9.981344,53.899913,17.76,übrig. Schleswig-Holstein
Baar,728,7.048848,50.353598,11.74,Eifel
Milda,728,11.461872,50.855199,22.05,Saaleland
Rennau,728,10.911285,52.296009,22.76,Braunschweiger Land
Dörphof,728,9.981577,54.606279,15.02,Ostsee
Lütetsburg,728,7.246801,53.600545,16.72,Nordseeküste
Mittelbrunn,727,7.550494,49.372679,8.96,Pfalz
Kalenborn,727,6.993044,50.548295,4.32,Ahr
Iden,726,11.910947,52.779812,37.7,Altmark
Süderau,726,9.512541,53.821612,8.86,übrig. Schleswig-Holstein
Barlt,726,9.058002,54.012444,22.88,Nordsee
Mescherin,726,14.430128,53.247318,31.04,Uckermark
Wentorf (Amt Sandesneben),725,10.474911,53.67663,4.99,übrig. Schleswig-Holstein
Niersbach,725,6.741066,49.940626,12.85,Eifel
Groß Schacksdorf-Simmersdorf,725,14.633589,51.688001,25.17,Lausitzer Seenland
Hermsdorf/Erzgeb.,725,13.630105,50.76075,20.06,Erzgebirge
Rüdenau,724,9.180702,49.711322,4.01,Spessart-Mainland
Beringstedt,724,9.534981,54.110562,14.29,übrig. Schleswig-Holstein
Marl,724,8.364876,52.484483,9.84,Mittelweser
Dörrebach,724,7.719363,49.945638,13.14,Naheland
Friesenheim,723,8.257524,49.83616,3.47,Rheinhessen
Lödla,723,12.386368,50.996746,4.32,Altenburger Land
Bergenhusen,723,9.316107,54.376351,18.22,übrig. Schleswig-Holstein
Silz,723,7.949765,49.147437,8.5,Pfalz
Mönkebude,723,13.962886,53.766944,34.98,Vorpommern
Hirschhorn/ Pfalz,723,7.678926,49.519289,3.32,Pfalz
Heckelberg-Brunow,722,13.837146,52.737857,35.78,Seenland Oder-Spree
Emmendorf,722,10.567913,53.023893,10.95,Lüneburger Heide
Neuhütten,721,7.011908,49.642835,10.52,Hunsrück
Goosefeld,721,9.815036,54.429737,9.63,übrig. Schleswig-Holstein
Sitzendorf,720,11.172599,50.632744,2.52,Thüringer Wald
Mengerschied,720,7.505604,49.912549,9.53,Hunsrück
Schildetal,719,11.15033,53.625299,19.38,Mecklenburgische Ostseeküste
Oberneisen,719,8.072855,50.326391,4.53,Lahntal
Kreimbach-Kaulbach,719,7.632979,49.553828,9.03,Pfalz
Wallersheim,718,6.526914,50.204753,14.51,Eifel
Rehhorst,718,10.469489,53.876682,16.18,übrig. Schleswig-Holstein
Winnert,718,9.201381,54.433243,18.88,übrig. Schleswig-Holstein
Cumlosen,718,11.657758,53.031317,22.18,Prignitz
Seedorf,717,9.226775,53.348588,18.75,Unterelbe-Unterweser
Böchingen,717,8.092554,49.2373,5.35,Pfalz
Königsfeld,717,7.177298,50.498734,7.2,Ahr
Höchstenbach,717,7.743499,50.63191,5.74,Westerwald
Boms,717,9.508511,47.969713,9.55,Oberschwaben-Allgäu
Dragun,716,11.224446,53.70775,20.62,Mecklenburgische Ostseeküste
Oberickelsheim,715,10.136126,49.599867,18.22,Steigerwald
Berge,715,11.873277,53.239045,26.61,Prignitz
Weinolsheim,715,8.272267,49.816134,5.93,Rheinhessen
Freilingen,714,7.834712,50.55917,3.67,Westerwald
Buchholz,714,9.118945,52.225073,1.77,Weserbergland
Greimersburg,712,7.142134,50.184828,10.16,Mosel-Saar
Werdum,712,7.715879,53.65867,18.45,Nordseeküste
Neversdorf,712,10.285862,53.86477,7.22,übrig. Schleswig-Holstein
Großwoltersdorf,712,13.096307,53.069534,52.66,Ruppiner Seenland
Schönborn,712,7.997004,50.302256,11.71,Lahntal
Dillstädt,711,10.53591,50.584056,13.97,Thüringer Rhön
Prislich,711,11.62174,53.272869,29.3,Westmecklenburg
Neuenbrook,711,9.532922,53.861734,14.32,übrig. Schleswig-Holstein
Oberheldrungen,711,11.245388,51.279086,12.46,Südharz-Kyffhäuser
Bottenbach,710,7.496015,49.182046,6.15,Pfalz
Ottenbüttel,710,9.506342,53.972124,9.91,übrig. Schleswig-Holstein
Borgwedel,710,9.666821,54.500272,9.95,übrig. Schleswig-Holstein
Groß Berßen,709,7.494905,52.775071,20.76,Grafschaft Bentheim-Emsland-Osnabrücker Land
Heiligenstedtenerkamp,709,9.466889,53.898674,0.85,übrig. Schleswig-Holstein
Zedlitz,709,12.031068,50.814305,13.07,Thüringer Vogtland
Hohen Viecheln,709,11.510574,53.784554,18.72,Mecklenburgische Ostseeküste
Dickenschied,709,7.418535,49.90156,5.86,Hunsrück
Dorstadt,708,10.561876,52.094949,10.38,Braunschweiger Land
"Lohheide, gemfr. Bezirk",708,9.930034,52.811551,91.48,Lüneburger Heide
Burbach,708,6.518362,50.106196,17.04,Eifel
Stemshorn,708,8.362587,52.45209,8.84,Mittelweser
Blankenhof,707,13.131115,53.576937,18.22,Mecklenburgische Schweiz und Seenplatte
Krummwisch,707,9.897593,54.335159,13.91,übrig. Schleswig-Holstein
Golmsdorf,707,11.668406,50.972545,7.63,Saaleland
Minderlittgen,707,6.837759,50.007457,8.18,Eifel
Unterweißbach,707,11.166552,50.615485,13.21,Thüringer Wald
Heuthen,706,10.220946,51.33269,10.08,Eichsfeld
Kroppen,706,13.799154,51.384458,15.25,Lausitzer Seenland
Gabsheim,706,8.174974,49.827822,8.1,Rheinhessen
Frauendorf,705,13.769359,51.416001,20.83,Lausitzer Seenland
Eschenbergen,705,10.758794,51.02693,12.68,Welterberegion Wartburg-Hainich
Berka v. d. Hainich,703,10.385777,51.043968,14.96,Welterberegion Wartburg-Hainich
Sarzbüttel,703,9.184027,54.118843,13.39,übrig. Schleswig-Holstein
Brünzow,703,13.565365,54.104731,16.16,Vorpommern
Harmsdorf,703,10.828509,54.243787,17.82,übrig. Schleswig-Holstein
Brodenbach,703,7.446804,50.226302,9.67,Mosel-Saar
Horbach,703,7.85137,50.373894,3.93,Westerwald
Wiesenthal,703,10.169147,50.702214,13.63,Thüringer Rhön
Leiningen,702,7.568797,50.131512,5.75,Hunsrück
Lübberstedt,702,8.808543,53.334956,12.37,Unterelbe-Unterweser
Ulsnis,702,9.747452,54.56921,19.81,übrig. Schleswig-Holstein
Warder,700,9.886518,54.213277,8.71,übrig. Schleswig-Holstein
Grande,700,10.386682,53.58,7.86,übrig. Schleswig-Holstein
Osterzell,700,10.743709,47.878055,10.8,Allgäu
Lanz,700,11.601957,53.074161,60.35,Prignitz
Gevenich,700,7.085695,50.153309,7.12,Eifel
Messenkamp,700,9.380084,52.260048,6.82,Weserbergland
Freirachdorf,699,7.713416,50.582821,4.28,Westerwald
Wieck a. Darß,698,12.571865,54.410101,9.02,Vorpommern
Trebendorf / Trjebin,698,14.56065,51.52671,32.05,Oberlausitz/Niederschlesien
Böel,698,9.72216,54.647752,13.66,übrig. Schleswig-Holstein
Heinsen,697,9.434358,51.883855,18.62,Weserbergland
Ballendorf,696,10.07723,48.554937,14.22,Schwäbische Alb
Bannberscheid,696,7.837632,50.472029,1.87,Westerwald
Ecklingerode,696,10.310221,51.503662,8.12,Eichsfeld
Elmenhorst,695,13.064277,54.217602,22.52,Vorpommern
Veitsrodt,695,7.300754,49.755281,7.95,Naheland
Rehlingen,695,10.220029,53.106401,66.25,Lüneburger Heide
Lambsborn,694,7.428122,49.367433,4.73,Pfalz
Hohenselchow-Groß Pinnow,694,14.279904,53.204435,41.5,Uckermark
Löwenstedt,693,9.174887,54.621612,19.62,übrig. Schleswig-Holstein
Steinbach am Donnersberg,693,7.956675,49.597783,4.43,Pfalz
Salem,693,10.827965,53.656405,25.1,übrig. Schleswig-Holstein
Mölschow,691,13.833997,54.078161,15.45,Vorpommern
Hausen,690,10.12623,50.505343,24.23,Rhön
Heidenburg,690,6.917787,49.800618,9.49,Hunsrück
Bremm,690,7.115357,50.10033,9.14,Mosel-Saar
Armstorf,689,9.073937,53.597506,39.73,Nordseeküste
Günstedt,689,11.080345,51.222335,12.63,Welterberegion Wartburg-Hainich
Kasel-Golzig,689,13.698458,51.934426,34.39,Spreewald
Großvargula,689,10.785044,51.11802,15.33,Welterberegion Wartburg-Hainich
Lübesse,689,11.459329,53.487188,19.92,Westmecklenburg
Negenborn,688,9.567476,51.890628,9.92,Weserbergland
Binningen,688,7.244584,50.204897,6.66,Mosel-Saar
Klausdorf,688,13.015028,54.40473,11.78,Vorpommern
Sarow,688,13.102113,53.794622,33.75,Mecklenburgische Schweiz und Seenplatte
Haynrode,688,10.443275,51.445261,15.07,Eichsfeld
Lüdersburg,687,10.573799,53.32065,19.04,Lüneburger Heide
Luckenbach,687,7.833957,50.704226,3.61,Westerwald
Rehborn,687,7.685776,49.734663,10.13,Naheland
Drahnsdorf,687,13.576087,51.91603,26.94,Spreewald
Vahlde,687,9.63205,53.184661,17.62,Lüneburger Heide
Meggerdorf,686,9.398122,54.349214,24.11,übrig. Schleswig-Holstein
Rodenbach bei Puderbach,686,7.648999,50.638506,6.61,Westerwald
Brodersby,686,9.979854,54.634629,9.79,Ostsee
Passow,686,12.053533,53.506577,24.81,Westmecklenburg
Kuhstorf,686,11.24792,53.384197,15.09,Westmecklenburg
Schiphorst,685,10.461627,53.708361,8.15,übrig. Schleswig-Holstein
Wedendorfersee,684,11.093657,53.766171,24.92,Mecklenburgische Ostseeküste
Immenstedt,683,9.162503,54.541449,14.61,übrig. Schleswig-Holstein
Irndorf,683,8.971759,48.066334,14.56,Schwäbische Alb
Heidmühlen,682,10.083729,53.972482,17.83,übrig. Schleswig-Holstein
Tauer/Turjej,682,14.455995,51.896992,42.22,Spreewald
Warpe,682,9.104535,52.740808,20.14,Mittelweser
Heiningen,682,10.554777,52.070091,8.41,Braunschweiger Land
Ettal,681,11.092707,47.568975,14.74,Zugspitz-Region
Kröppen,681,7.529534,49.15136,10.48,Pfalz
Alken,681,7.448283,50.248557,8.06,Mosel-Saar
Königseggwald,681,9.419302,47.929613,6.86,Oberschwaben-Allgäu
Urbar,681,7.719432,50.130798,3.55,Mittelrheintal
Kleinich,681,7.186822,49.893436,20.31,Hunsrück
Krien,680,13.446462,53.830228,21.94,Vorpommern
Stoltebüll,680,9.878988,54.700688,16.4,übrig. Schleswig-Holstein
Marienfließ,680,12.141508,53.318158,77.7,Prignitz
Bettenfeld,679,6.759889,50.085477,17.29,Eifel
Norderbrarup,679,9.768542,54.655735,3.98,übrig. Schleswig-Holstein
Brahlstorf,679,10.954396,53.365236,21.96,Westmecklenburg
Schwanheide,678,10.684142,53.42934,26.62,Westmecklenburg
Langenfeld,678,7.093493,50.375899,4.71,Eifel
Ramin,678,14.289734,53.414092,46.97,Vorpommern
Rinnthal,678,7.92414,49.218764,13.81,Pfalz
Haschbach am Remigiusberg,677,7.43105,49.525166,4.02,Pfalz
Bienstädt,677,10.847944,51.016531,8.16,Welterberegion Wartburg-Hainich
Struxdorf,677,9.63854,54.632416,13.4,übrig. Schleswig-Holstein
Dockweiler,676,6.779696,50.252409,6.09,Eifel
Klein Vielen,676,13.03222,53.452909,45.64,Mecklenburgische Schweiz und Seenplatte
Gieleroth,676,7.680652,50.667034,5.92,Westerwald
Uersfeld,676,7.010519,50.254112,4.26,Eifel
Theisbergstegen,675,7.449974,49.518188,5.0,Pfalz
Willmenrod,675,7.979439,50.540284,3.63,Westerwald
Althüttendorf,675,13.806665,52.962341,18.81,Barnimer Land
Hillesheim,675,8.256303,49.77799,5.54,Rheinhessen
Braderup,674,8.890308,54.835624,13.35,übrig. Schleswig-Holstein
Basedow,674,12.68118,53.696842,35.46,Mecklenburgische Schweiz und Seenplatte
Rückersdorf,674,12.220647,50.821344,12.45,Thüringer Vogtland
Emmerzhausen,674,8.025081,50.720813,7.07,Westerwald
Emleben,673,10.694229,50.892858,10.99,Thüringer Wald
Drage,673,9.160731,54.354509,16.33,übrig. Schleswig-Holstein
Klein Pampau,673,10.586656,53.512681,4.17,übrig. Schleswig-Holstein
Sieversdorf-Hohenofen,673,12.396063,52.820337,20.02,Prignitz
Rosa,673,10.250238,50.711522,9.47,Thüringer Rhön
Freimersheim,673,8.088388,49.708089,6.41,Rheinhessen
Reinsdorf,672,11.274067,51.336824,11.17,Südharz-Kyffhäuser
Winnigstedt,672,10.765292,52.065285,12.08,Braunschweiger Land
Lietzen,671,14.342499,52.470767,29.25,Seenland Oder-Spree
Ulmet,671,7.45624,49.58774,7.1,Pfalz
Bröbberow,671,12.05248,53.964527,14.39,Mecklenburgische Ostseeküste
Steinhagen,671,11.926991,53.842626,10.14,Mecklenburgische Schweiz und Seenplatte
Natendorf,671,10.470696,53.079751,34.58,Lüneburger Heide
Rommersheim,671,6.443613,50.193874,16.98,Eifel
Dabergotz,670,12.723063,52.902483,12.66,Ruppiner Seenland
Biebelnheim,670,8.170386,49.796214,6.2,Rheinhessen
Falkenhagen (Mark),670,14.31639,52.428725,27.23,Seenland Oder-Spree
Mechtersen,670,10.31886,53.280228,14.44,Lüneburger Heide
Braunshorn,670,7.516958,50.090792,6.99,Hunsrück
Oster-Ohrstedt,669,9.227445,54.514539,11.29,übrig. Schleswig-Holstein
Müllenbach,669,7.063283,50.221236,4.27,Eifel
Oberdürenbach,669,7.159219,50.468699,6.94,Ahr
Caan,669,7.612809,50.472762,3.45,Westerwald
Umpferstedt,669,11.412159,50.977021,7.4,Weimarer Land
Klein Bünzow,669,13.632334,53.931421,34.69,Vorpommern
Brodersby-Goltoft,669,9.714558,54.538183,13.45,übrig. Schleswig-Holstein
Eixen,668,12.723712,54.161303,56.16,Vorpommern
Kuchelmiß,668,12.361912,53.680909,37.45,Mecklenburgische Schweiz und Seenplatte
Boden,668,7.856785,50.472876,2.3,Westerwald
Renkenberge,668,7.377889,52.90842,18.98,Grafschaft Bentheim-Emsland-Osnabrücker Land
Orbis,667,7.994174,49.695819,5.68,Pfalz
Diekhusen-Fahrstedt,667,9.023165,53.946249,7.46,übrig. Schleswig-Holstein
Oberraden,666,7.533766,50.549844,4.33,Westerwald
Serba,665,11.81495,50.941826,7.07,Saaleland
Kuden,665,9.192822,53.967853,11.37,übrig. Schleswig-Holstein
Auderath,665,7.002278,50.186485,6.19,Eifel
Niendorf/ Stecknitz,665,10.609244,53.587228,8.41,übrig. Schleswig-Holstein
Barbelroth,664,8.07179,49.101569,4.05,Pfalz
Langendorf,664,11.253904,53.102229,41.05,Lüneburger Heide
Nomborn,664,7.913328,50.427613,4.0,Westerwald
Hemmersheim,664,10.095223,49.562474,23.83,Steigerwald
Damscheid,663,7.682381,50.101952,15.15,Mittelrheintal
Nordsehl,663,9.18224,52.357575,5.97,Weserbergland
Oberrod,663,8.125137,50.584862,6.72,Westerwald
Krausnick-Groß Wasserburg,662,13.829042,52.031752,54.79,Spreewald
Schwienau,662,10.445514,53.005291,31.59,Lüneburger Heide
Vahlberg,661,10.69808,52.13739,18.09,Braunschweiger Land
Birnbach,661,7.585002,50.703364,3.11,Westerwald
Userin,660,12.982267,53.340265,46.61,Mecklenburgische Schweiz und Seenplatte
Pokrent,660,11.142943,53.646213,15.65,Mecklenburgische Ostseeküste
Panten,659,10.61977,53.664571,13.83,übrig. Schleswig-Holstein
Ailertchen,659,7.940135,50.59846,5.58,Westerwald
Bargum,659,8.947267,54.704209,17.29,übrig. Schleswig-Holstein
Thulendorf,658,12.301936,54.094992,10.72,Mecklenburgische Ostseeküste
Neuengönna,658,11.649201,50.987215,6.2,Saaleland
Techentin,658,11.986955,53.587766,41.71,Westmecklenburg
Etschberg,658,7.424781,49.512923,3.45,Pfalz
Hartmannsdorf,657,11.976132,50.961115,1.62,Saaleland
Teldau,657,10.802537,53.330132,27.55,Westmecklenburg
Kirch Jesar,657,11.277452,53.44055,18.95,Westmecklenburg
Beuron,657,8.970068,48.050828,35.1,Schwäbische Alb
Groß Niendorf,657,10.245204,53.845975,10.68,übrig. Schleswig-Holstein
Veelböken,657,11.182889,53.74821,32.62,Mecklenburgische Ostseeküste
Osterstedt,656,9.574606,54.111751,10.95,übrig. Schleswig-Holstein
Habscheid,656,6.268236,50.188747,17.6,Eifel
Becheln,656,7.71838,50.293057,4.42,Lahntal
Reichenbach,656,11.413805,50.424693,8.66,Frankenwald
Niederburg,656,7.695669,50.117225,6.81,Mittelrheintal
Hochstätten,656,7.83198,49.764613,5.49,Naheland
Kruckow,656,13.236376,53.90128,35.54,Mecklenburgische Schweiz und Seenplatte
Nieder-Hilbersheim,655,8.042252,49.913509,4.59,Rheinhessen
Döttesfeld,655,7.548866,50.623425,5.84,Westerwald
Schwarzbach,654,13.936142,51.45178,15.84,Lausitzer Seenland
Kletzin,654,13.156878,53.923868,27.28,Mecklenburgische Schweiz und Seenplatte
Gauersheim,654,8.07236,49.659769,5.25,Pfalz
Höringen,654,7.797746,49.555054,10.73,Pfalz
Lütau,654,10.545404,53.435861,11.24,übrig. Schleswig-Holstein
Stetten,653,8.092494,49.670488,6.54,Pfalz
Laubach,653,7.075774,50.231725,3.58,Eifel
Grethem,652,9.579109,52.724259,16.44,Lüneburger Heide
Dingen,652,9.125804,53.960888,7.01,übrig. Schleswig-Holstein
Halle,652,6.91795,52.453233,21.16,Grafschaft Bentheim-Emsland-Osnabrücker Land
Klein Gladebrügge,652,10.317432,53.914441,4.68,übrig. Schleswig-Holstein
Egesheim,652,8.85666,48.116065,7.67,Schwäbische Alb
Utarp,652,7.483348,53.611076,6.38,Ostfriesland
Zirkow,652,13.539106,54.388252,25.76,Rügen/Hiddensee
Warsow,652,11.302118,53.531366,14.94,Westmecklenburg
Zettlitz,651,12.837831,51.073229,15.68,Chemnitz Zwickau Region
Tensbüttel-Röst,651,9.228605,54.105741,19.36,übrig. Schleswig-Holstein
Fleischwangen,651,9.477566,47.879063,5.81,Oberschwaben-Allgäu
Vogelsberg,651,11.24267,51.133758,12.84,Welterberegion Wartburg-Hainich
Stein-Bockenheim,650,7.956071,49.774295,5.55,Rheinhessen
Spiekeroog,650,7.696086,53.770745,18.15,Ostfriesische Inseln
Kotzen,650,12.520248,52.637012,42.87,Havelland
Lauterbach,650,10.350339,51.070717,6.62,Welterberegion Wartburg-Hainich
Hanroth,650,7.641999,50.587891,2.43,Westerwald
Quendorf,650,7.208063,52.33849,14.13,Grafschaft Bentheim-Emsland-Osnabrücker Land
Dahlum,649,10.8491,52.140229,15.18,Braunschweiger Land
Stockum-Püschen,649,7.901037,50.6056,3.54,Westerwald
Allenbach,649,7.167563,49.755712,27.7,Naheland
Birkenhördt,649,7.931301,49.114678,8.58,Pfalz
Althornbach,649,7.37523,49.20325,5.58,Pfalz
Eschbach,649,8.019262,49.175016,3.66,Pfalz
Fließem,648,6.540597,50.023777,8.38,Eifel
Gönnersdorf,648,7.267225,50.481464,5.04,Ahr
Lehesten,648,11.578291,50.981349,12.14,Saaleland
Mönkhagen,647,10.560928,53.901066,7.31,übrig. Schleswig-Holstein
Grambow,647,11.276599,53.620815,19.82,Mecklenburgische Ostseeküste
Herzberg (Mark),646,12.96994,52.902818,18.73,Ruppiner Seenland
Elxleben,645,11.05421,50.866515,9.47,Thüringer Wald
Groß Teetzleben,645,13.227867,53.647201,21.77,Mecklenburgische Schweiz und Seenplatte
Hupperath,645,6.83347,49.99659,4.11,Eifel
Hettenrodt,644,7.254544,49.73953,5.31,Naheland
Spirkelbach,644,7.884118,49.197168,6.88,Pfalz
Kogel,643,10.943267,53.499281,29.94,Westmecklenburg
Badenheim,643,7.968923,49.841585,4.33,Rheinhessen
Filsen,643,7.584199,50.238021,1.85,Mittelrheintal
Fluterschen,642,7.62623,50.665235,3.46,Westerwald
Benz,642,11.584457,53.911201,22.77,Mecklenburgische Ostseeküste
Güby,642,9.66656,54.48596,11.9,übrig. Schleswig-Holstein
Landensberg,642,10.5234,48.43447,7.94,Bayerisch-Schwaben
Süpplingenburg,642,10.908192,52.250906,14.32,Braunschweiger Land
Grömbach,641,8.545469,48.57075,12.18,Nördlicher Schwarzwald
Dörpling,641,9.301925,54.260654,7.82,übrig. Schleswig-Holstein
Wahnwegen,641,7.375483,49.484789,4.64,Pfalz
Tonndorf,641,11.202251,50.888011,10.12,Weimarer Land
Steffeln,641,6.567378,50.287351,20.95,Eifel
Alsbach,640,7.662053,50.464108,4.73,Westerwald
Zehna,639,12.137274,53.717302,25.8,Mecklenburgische Schweiz und Seenplatte
Zotzenheim,639,7.968293,49.873661,3.18,Rheinhessen
Müden (Mosel),639,7.338027,50.18695,7.49,Mosel-Saar
Farven,639,9.321113,53.433712,25.53,Unterelbe-Unterweser
Karbach,639,7.616308,50.159074,4.97,Hunsrück
Wisch,639,10.344122,54.411023,9.18,Ostsee
Atzelgift,639,7.824783,50.696325,2.74,Westerwald
Isterberg,637,7.175623,52.360206,20.32,Grafschaft Bentheim-Emsland-Osnabrücker Land
Diensdorf-Radlow,636,14.063444,52.241128,9.35,Seenland Oder-Spree
Großneuhausen,636,11.286208,51.159123,11.9,Welterberegion Wartburg-Hainich
Wittgert,636,7.698238,50.496697,4.68,Westerwald
Testorf-Steinfort,636,11.269001,53.777427,23.87,Mecklenburgische Ostseeküste
Kestert,636,7.649006,50.182764,6.88,Mittelrheintal
Rabenkirchen-Faulück,635,9.87348,54.635833,14.21,übrig. Schleswig-Holstein
Loitzendorf,635,12.65522,49.086028,12.03,Bayerischer Wald
Werningshausen,635,11.000314,51.139395,12.8,Welterberegion Wartburg-Hainich
Walsheim,634,8.123906,49.237563,5.15,Pfalz
Wiesbaum,633,6.669197,50.341207,15.18,Eifel
Daldorf,633,10.248643,54.017015,15.16,übrig. Schleswig-Holstein
Wattendorf,632,11.125439,50.032431,22.24,Obermain.Jura
Schenkelberg,632,7.781031,50.580571,3.51,Westerwald
Picher,632,11.346389,53.348163,39.09,Westmecklenburg
Battweiler,631,7.461753,49.277614,5.67,Pfalz
Semlow,631,12.656883,54.181293,34.69,Vorpommern
Offenheim,631,8.031502,49.725483,13.86,Rheinhessen
Ohne,631,7.283482,52.272738,9.03,Grafschaft Bentheim-Emsland-Osnabrücker Land
Klinkrade,631,10.55033,53.716092,7.4,übrig. Schleswig-Holstein
Zechin,631,14.452063,52.608839,27.85,Seenland Oder-Spree
Trent,631,13.255514,54.522126,35.43,Rügen/Hiddensee
Damflos,630,6.982002,49.668659,5.33,Hunsrück
Ihlow,630,13.338552,51.866956,47.69,Fläming
Lehmrade,630,10.752721,53.5947,11.4,übrig. Schleswig-Holstein
Großheringen,630,11.665163,51.101883,6.04,Weimarer Land
Warnow,630,11.211446,53.887462,16.07,Mecklenburgische Ostseeküste
Stoetze,630,10.781488,53.067789,38.15,Lüneburger Heide
Schenkenberg,630,13.947967,53.363791,30.16,Uckermark
Linkenbach,630,7.553575,50.572953,5.43,Westerwald
Nossendorf,629,12.956329,53.961796,35.13,Mecklenburgische Schweiz und Seenplatte
Wawern,629,6.550154,49.653906,5.27,Mosel-Saar
Hörup,629,9.104012,54.740497,18.15,übrig. Schleswig-Holstein
Höhbeck,629,11.403614,53.069938,19.49,Lüneburger Heide
Gleiritsch,629,12.313455,49.499148,10.94,Oberpfälzer Wald
Bösleben-Wüllersleben,629,11.0589,50.826083,16.13,Thüringer Wald
Bellingen,628,7.905495,50.592051,4.29,Westerwald
Bebensee,628,10.298549,53.875193,6.68,übrig. Schleswig-Holstein
Kargow,628,12.780172,53.51158,69.39,Mecklenburgische Schweiz und Seenplatte
Ranschbach,628,8.028919,49.19656,1.19,Pfalz
Heilberscheid,628,7.892491,50.411216,6.36,Westerwald
Braunweiler,628,7.747306,49.866836,4.76,Naheland
Wollbrandshausen,628,10.161618,51.586754,6.26,Harz
Bliestorf,627,10.602527,53.768797,10.35,übrig. Schleswig-Holstein
Tröbitz,627,13.429498,51.596654,10.59,Elbe Elster Land
Beiersdorf-Freudenberg,627,13.816021,52.69905,25.35,Seenland Oder-Spree
Behrensdorf (Ostsee),626,10.603736,54.346515,20.91,Ostsee
Liepe,626,13.968217,52.861098,10.85,Barnimer Land
"Ziegenrück, Stadt",626,11.651319,50.615172,8.25,Thüringer Wald
Lenne,625,9.682356,51.891069,5.68,Weserbergland
Graach an der Mosel,625,7.064328,49.935493,8.62,Mosel-Saar
Holsthum,625,6.414135,49.892397,9.31,Eifel
Zwingenberg,625,9.047849,49.412627,4.72,Nördliches Baden-Württemberg
Irmenach,624,7.187218,49.924122,16.38,Hunsrück
Großseifen,624,7.968292,50.633923,1.52,Westerwald
Plein,624,6.873931,50.027548,7.22,Eifel
Kanzem,624,6.576779,49.66577,4.29,Mosel-Saar
Kollig,624,7.277262,50.264382,5.01,Eifel
Boldekow,622,13.593523,53.725082,48.52,Vorpommern
Rothselberg,622,7.591146,49.546078,8.75,Pfalz
Dohr,622,7.118513,50.12766,5.03,Mosel-Saar
"Ahrenshoop, Ostseebad",622,12.418624,54.379565,5.27,Vorpommern
Nindorf,622,9.699683,54.131914,14.03,übrig. Schleswig-Holstein
Trimbs,622,7.299672,50.323107,4.45,Eifel
Vorderweidenthal,622,7.878793,49.127223,10.12,Pfalz
Prinzhöfte,621,8.563587,52.949921,42.07,Oldenburger Land
Königsheim,621,8.86116,48.101089,4.37,Schwäbische Alb
Traisen,621,7.818329,49.821321,2.88,Naheland
Trockenborn-Wolfersdorf,621,11.708043,50.787487,18.79,Saaleland
Deinstedt,621,9.225923,53.408604,20.27,Unterelbe-Unterweser
Biedesheim,621,8.106913,49.604788,6.32,Pfalz
Hohenbucko,620,13.47168,51.763612,43.04,Elbe Elster Land
Mörsdorf,620,7.344371,50.102787,17.37,Hunsrück
Nannhausen,620,7.477895,49.974856,6.05,Hunsrück
Lautersheim,619,8.098261,49.58789,3.71,Pfalz
Dolgen am See,619,12.214155,53.947182,33.21,Mecklenburgische Schweiz und Seenplatte
Krottelbach,619,7.331176,49.467013,5.56,Pfalz
Ebershausen,619,10.313389,48.204561,9.09,Bayerisch-Schwaben
Gumbsheim,619,7.986293,49.811876,3.34,Rheinhessen
Mistorf,619,12.144715,53.88245,24.26,Mecklenburgische Schweiz und Seenplatte
Gresse,619,10.745801,53.430286,21.08,Westmecklenburg
Cambs,619,11.527133,53.696104,20.77,Westmecklenburg
Philippsreut,618,13.676821,48.865539,10.22,Bayerischer Wald
Rubkow,617,13.722246,53.936343,35.03,Vorpommern
Wundersleben,617,11.037484,51.154855,6.96,Welterberegion Wartburg-Hainich
Klempau,616,10.660387,53.762851,10.07,übrig. Schleswig-Holstein
Schöneberg,616,7.749605,49.920559,7.13,Naheland
Obersimten,616,7.581641,49.167249,2.26,Pfalz
Pfalzfeld,616,7.578784,50.113145,5.27,Hunsrück
Berod bei Hachenburg,616,7.691746,50.648152,5.06,Westerwald
Bevern,616,9.771042,53.755719,8.04,übrig. Schleswig-Holstein
Forst,615,7.682865,50.803933,4.24,Westerwald
Lünebach,615,6.348062,50.138692,10.26,Eifel
Schlepzig/Słopišća,615,13.895191,52.028481,30.65,Spreewald
Rietzneuendorf-Staakow,614,13.666971,52.010784,28.11,Spreewald
Witzleben,614,11.112346,50.824122,22.61,Thüringer Wald
Hennstedt,614,9.718676,54.030506,10.33,übrig. Schleswig-Holstein
Heiligenmoschel,614,7.757549,49.555985,8.68,Pfalz
Gorleben,614,11.356745,53.048304,21.35,Lüneburger Heide
Basedow,614,10.583592,53.416151,7.47,übrig. Schleswig-Holstein
Herbstadt,614,10.501167,50.330664,20.7,Haßberge
Wernburg,614,11.600496,50.677443,6.9,Thüringer Wald
Bürdenbach,613,7.515434,50.603625,2.84,Westerwald
Ohrum,613,10.563531,52.119288,8.38,Braunschweiger Land
Damlos,613,10.907708,54.243016,9.24,übrig. Schleswig-Holstein
Gehlert,613,7.828521,50.640175,5.2,Westerwald
Rühn,612,11.938898,53.820803,14.41,Mecklenburgische Schweiz und Seenplatte
Rabel,612,9.950086,54.690345,8.84,übrig. Schleswig-Holstein
Rögling,612,10.94659,48.847454,10.74,Bayerisch-Schwaben
Braunichswalde,611,12.222768,50.799928,5.2,Thüringer Vogtland
Buch,611,7.87519,50.204749,4.15,Lahntal
Jabel,611,12.543819,53.537352,80.01,Mecklenburgische Schweiz und Seenplatte
Gau-Weinheim,611,8.04777,49.846756,3.91,Rheinhessen
Schwaigen,611,11.117577,47.647194,23.57,Zugspitz-Region
Käshofen,610,7.414971,49.327954,8.8,Pfalz
Pessin,610,12.666402,52.642745,20.39,Havelland
Caaschwitz,610,11.994737,50.947665,4.19,Thüringer Vogtland
Blumenthal,610,10.003257,54.226064,7.8,übrig. Schleswig-Holstein
Esche,610,6.959226,52.541454,11.0,Grafschaft Bentheim-Emsland-Osnabrücker Land
Lindholz,609,12.674012,54.067181,40.02,Vorpommern
Krackow,608,14.265689,53.343613,44.18,Vorpommern
Scheibenhardt,608,8.139887,48.981189,2.88,Pfalz
Dichtelbach,608,7.696081,50.009524,5.37,Hunsrück
Averlak,608,9.182663,53.941154,9.06,übrig. Schleswig-Holstein
Oberirsen,608,7.582777,50.722857,9.44,Westerwald
Boos,607,7.016496,50.313123,10.38,Eifel
Kutzleben,607,10.870633,51.194429,18.45,Welterberegion Wartburg-Hainich
Girkenroth,607,7.969091,50.5208,2.77,Westerwald
Silbitz,607,11.998733,50.95628,11.2,Saaleland
Krempel,607,9.027607,54.320019,4.82,übrig. Schleswig-Holstein
Schuld,606,6.889529,50.446881,5.93,Ahr
Kollow,606,10.458784,53.463155,8.21,übrig. Schleswig-Holstein
Hasborn,606,6.909976,50.053217,6.18,Eifel
Gevensleben,605,10.822148,52.07727,15.25,Braunschweiger Land
Hummelshain,605,11.629954,50.767023,17.36,Saaleland
Wiebelsheim,604,7.636819,50.076697,7.34,Mittelrheintal
Maasholm,604,9.990992,54.684233,8.42,Ostsee
Kirburg,604,7.923292,50.676458,4.06,Westerwald
Kalbe,604,9.550106,53.295093,10.27,Lüneburger Heide
Ehndorf,604,9.893993,54.05327,14.68,übrig. Schleswig-Holstein
Märkische Höhe,603,14.112168,52.611019,34.26,Seenland Oder-Spree
Großfischlingen,603,8.175008,49.268817,4.31,Pfalz
Zirchow,603,14.140752,53.891203,9.53,Vorpommern
Gerbershausen,603,9.9847,51.33692,7.55,Eichsfeld
Ahlbeck,603,14.185341,53.669524,18.76,Vorpommern
Faulenrost,602,12.78668,53.638189,33.74,Mecklenburgische Schweiz und Seenplatte
Bischofroda,602,10.363591,51.057658,10.05,Welterberegion Wartburg-Hainich
Kisselbach,602,7.610701,50.05099,9.13,Hunsrück
Herxheimweyher,601,8.254224,49.152162,3.57,Pfalz
Auw bei Prüm,601,6.338534,50.300214,22.11,Eifel
Lonsheim,601,8.077502,49.779175,4.56,Rheinhessen
Andisleben,600,10.926862,51.082589,6.82,Welterberegion Wartburg-Hainich
Krusenhagen,600,11.531895,53.944805,11.25,Mecklenburgische Ostseeküste
Latendorf,600,10.0639,53.995195,17.94,übrig. Schleswig-Holstein
Gehofen,599,11.317655,51.323722,13.49,Südharz-Kyffhäuser
Bokel,598,9.794093,54.215588,15.27,übrig. Schleswig-Holstein
Schalkenmehren,598,6.858851,50.165588,10.34,Eifel
Nienborstel,598,9.613481,54.136911,16.48,übrig. Schleswig-Holstein
Tosterglope,598,10.82076,53.208648,19.6,Lüneburger Heide
Karstädt,597,11.489899,53.286786,19.79,Westmecklenburg
Ziegendorf,597,11.809046,53.295443,36.78,Westmecklenburg
Schweighofen,597,7.996095,49.039667,11.23,Pfalz
Nordermeldorf,596,9.013736,54.112068,34.1,Nordsee
Kirchgandern,596,9.960293,51.385016,4.39,Eichsfeld
Löbnitz,596,12.719334,54.295391,22.32,Vorpommern
Utzenfeld,596,7.916875,47.801761,7.4,Südlicher Schwarzwald
Langeln,596,9.85372,53.795088,10.28,übrig. Schleswig-Holstein
Detzem,595,6.844914,49.822968,5.56,Mosel-Saar
Zemitz,595,13.754778,53.978658,30.92,Vorpommern
Niedergebra,595,10.600674,51.42309,9.99,Südharz-Kyffhäuser
Boock,594,14.247195,53.49377,12.89,Vorpommern
Holzbach,594,7.531642,49.955319,5.03,Hunsrück
Gokels,594,9.468744,54.112001,10.64,übrig. Schleswig-Holstein
Bollewick,594,12.579987,53.359038,26.71,Mecklenburgische Schweiz und Seenplatte
Kasseburg,594,10.415399,53.567213,7.89,übrig. Schleswig-Holstein
Erdesbach,593,7.442763,49.573682,3.93,Pfalz
Katzow,593,13.672854,54.048988,26.22,Vorpommern
Gölenkamp,593,6.91598,52.510203,20.95,Grafschaft Bentheim-Emsland-Osnabrücker Land
Rothenklempenow,592,14.202804,53.515988,58.4,Vorpommern
Lohrheim,592,8.049653,50.318264,4.03,Lahntal
Gleisweiler,592,8.067564,49.242242,3.73,Pfalz
Fichtwald,592,13.471073,51.697732,31.76,Elbe Elster Land
Kaden,591,7.914787,50.547667,2.24,Westerwald
Kuckssee,591,13.130169,53.520499,19.19,Mecklenburgische Schweiz und Seenplatte
Kalbsrieth,591,11.337353,51.342646,11.97,Südharz-Kyffhäuser
Tetenbüll,591,8.828234,54.352013,36.42,Nordsee
Siebenbäumen,591,10.525162,53.749557,8.82,übrig. Schleswig-Holstein
Leopoldshagen,590,13.896567,53.774464,19.57,Vorpommern
Cursdorf,590,11.127782,50.571828,13.95,Thüringer Wald
Matzenbach,589,7.458909,49.495326,7.05,Pfalz
Drognitz,588,11.572004,50.588022,24.02,Thüringer Wald
Blomesche Wildnis,588,9.45082,53.80577,6.91,übrig. Schleswig-Holstein
Krunkel,588,7.502305,50.579521,2.81,Westerwald
Ilbesheim,587,8.074159,49.690394,6.11,Pfalz
Wahlheim,587,8.105047,49.717146,3.26,Rheinhessen
Barsbek,587,10.320134,54.404132,8.73,übrig. Schleswig-Holstein
Oberreidenbach,586,7.462463,49.705734,10.92,Naheland
Hatzenport,586,7.419168,50.228389,3.75,Mosel-Saar
Lauterach,586,9.579242,48.256068,13.76,Schwäbische Alb
Allendorf,585,7.998345,50.26803,3.03,Lahntal
Ockfen,585,6.585245,49.624189,2.46,Mosel-Saar
Niederfinow,585,13.928078,52.833886,13.29,Barnimer Land
Nossentiner Hütte,585,12.424283,53.535058,40.25,Mecklenburgische Schweiz und Seenplatte
Weilen unter den Rinnen,584,8.76575,48.189327,3.08,Schwäbische Alb
Dörpstedt,584,9.362474,54.434054,16.61,übrig. Schleswig-Holstein
Klamp,584,10.534124,54.296417,9.72,übrig. Schleswig-Holstein
Nostorf,583,10.653967,53.406837,20.1,Westmecklenburg
Gremersdorf-Buchholz,583,12.870873,54.109446,50.1,Vorpommern
Ostenfeld (Rendsburg),582,9.785113,54.31452,7.27,übrig. Schleswig-Holstein
Altheim,582,9.770679,48.327677,7.8,Schwäbische Alb
Burgen,582,7.000219,49.880668,7.78,Mosel-Saar
Winnemark,582,9.922134,54.615886,9.58,übrig. Schleswig-Holstein
Nieder-Wiesen,582,7.977195,49.730045,4.89,Rheinhessen
Stüdenitz-Schönermark,581,12.279773,52.889374,24.35,Prignitz
Siemz-Niendorf,581,10.926909,53.816591,26.36,Mecklenburgische Ostseeküste
Mucheln,581,10.442687,54.246421,14.28,übrig. Schleswig-Holstein
Wrixum,581,8.549002,54.699012,7.56,Nordsee
Neufeld,581,9.017576,53.907495,10.4,übrig. Schleswig-Holstein
Kircheib,581,7.458566,50.709359,6.55,Westerwald
Olzheim,581,6.456789,50.272988,16.22,Eifel
Niederhausen,580,7.779915,49.80379,5.33,Naheland
Mittelstenahe,580,9.037981,53.651268,33.75,Nordseeküste
Dreisbach,580,7.932419,50.616898,4.62,Westerwald
Welgesheim,580,7.961555,49.881123,2.03,Rheinhessen
Legde/Quitzöbel,580,11.984255,52.892056,41.82,Prignitz
Steinhorst,580,10.48343,53.719989,16.29,übrig. Schleswig-Holstein
Isenburg,579,7.58845,50.476039,4.17,Westerwald
Königsmoor,578,9.639963,53.232097,10.01,Lüneburger Heide
Wokuhl-Dabelow,578,13.20154,53.285911,46.3,Mecklenburgische Schweiz und Seenplatte
Oechsen,578,10.065576,50.745069,12.53,Thüringer Rhön
Groß Roge,578,12.498591,53.779929,24.37,Mecklenburgische Schweiz und Seenplatte
Derental,578,9.429724,51.694959,9.23,Weserbergland
Kloster Tempzin,577,11.673399,53.758799,24.96,Westmecklenburg
Großsteinhausen,577,7.454333,49.19186,4.85,Pfalz
Balduinstein,577,7.973636,50.343768,5.16,Lahntal
Barnekow,577,11.372593,53.867101,15.63,Mecklenburgische Ostseeküste
Saara,577,11.975979,50.856248,8.55,Thüringer Vogtland
Schneckenhausen,576,7.744368,49.538595,3.72,Pfalz
Moselkern,576,7.368823,50.191047,4.72,Mosel-Saar
Hoppenrade,576,12.273269,53.727797,28.79,Mecklenburgische Schweiz und Seenplatte
Nattenheim,576,6.518152,50.019761,6.93,Eifel
Schwanheim,576,7.881223,49.167601,6.96,Pfalz
Seedorf,575,10.866858,53.619223,27.88,übrig. Schleswig-Holstein
Grambek,575,10.68068,53.574025,12.66,übrig. Schleswig-Holstein
Dätgen,575,9.934284,54.181105,10.62,übrig. Schleswig-Holstein
Nack,575,8.002122,49.746998,5.56,Rheinhessen
Kühren,575,10.258367,54.198376,16.81,Holsteinische Schweiz
Lind,575,6.938481,50.495592,12.37,Ahr
Raa-Besenbek,575,9.597611,53.747963,12.99,übrig. Schleswig-Holstein
Behrendorf,574,9.223509,54.565192,15.29,übrig. Schleswig-Holstein
Vielbach,574,7.773307,50.509285,4.52,Westerwald
Korswandt,573,14.162694,53.918098,12.9,Vorpommern
Oelsberg,573,7.835725,50.198624,4.02,Lahntal
Gönnebek,573,10.177905,54.049007,14.86,übrig. Schleswig-Holstein
Meinborn,573,7.561302,50.496661,4.39,Westerwald
Göhrde,573,10.957537,53.129893,40.75,Lüneburger Heide
Groß Rönnau,573,10.311886,53.972406,6.38,übrig. Schleswig-Holstein
Breege,572,13.366538,54.616185,16.02,Rügen/Hiddensee
Barkhagen,572,12.210565,53.496939,30.39,Westmecklenburg
Schlesen,571,10.328605,54.321544,8.0,übrig. Schleswig-Holstein
Büdesheim,571,6.556787,50.217364,13.64,Eifel
Frücht,571,7.676422,50.312805,5.53,Lahntal
Eckstedt,570,11.145003,51.071374,6.57,Welterberegion Wartburg-Hainich
Lug,570,7.897053,49.182002,2.31,Pfalz
Carmzow-Wallmow,570,14.085626,53.342885,32.06,Uckermark
Blankensee,570,14.307369,53.511812,34.2,Vorpommern
Oberkail,570,6.679024,50.037031,24.37,Eifel
Luckau (Wendland),569,11.04936,52.927846,22.36,Lüneburger Heide
Gustow,569,13.212968,54.3021,28.42,Rügen/Hiddensee
Neustadt/ Westerwald,569,8.039972,50.630679,2.8,Westerwald
Dornheim,568,10.994645,50.835336,7.99,Thüringer Wald
Schalkholz,567,9.257028,54.246244,12.52,übrig. Schleswig-Holstein
Beschendorf,567,10.873043,54.182743,8.54,übrig. Schleswig-Holstein
Völkersweiler,567,7.931465,49.169034,4.1,Pfalz
Hüven,567,7.551923,52.785938,15.24,Grafschaft Bentheim-Emsland-Osnabrücker Land
Schmilau,566,10.75597,53.664589,11.55,übrig. Schleswig-Holstein
Groß Stieten,566,11.4496,53.812366,6.54,Mecklenburgische Ostseeküste
Neu Boltenhagen,566,13.610231,54.065439,24.52,Vorpommern
Züsch,565,7.007401,49.649081,8.06,Hunsrück
Roßdorf,564,10.215447,50.702535,17.27,Thüringer Rhön
Oberwiesen,564,7.961243,49.698948,1.61,Pfalz
Heinersbrück/Móst,564,14.507622,51.817153,23.98,Spreewald
Duvensee,564,10.568351,53.693029,12.39,übrig. Schleswig-Holstein
Hoort,564,11.360243,53.483489,22.25,Westmecklenburg
Bahrenfleth,564,9.42837,53.864318,14.76,übrig. Schleswig-Holstein
Kalübbe,563,10.283107,54.118146,11.8,übrig. Schleswig-Holstein
Dannau,563,10.541132,54.240905,9.12,übrig. Schleswig-Holstein
Hohengandern,563,9.948252,51.374713,6.84,Eichsfeld
Dierbach,562,8.068135,49.080809,5.48,Pfalz
Oberweis,562,6.420957,49.962962,9.73,Eifel
Groß Schenkenberg,562,10.56488,53.793492,6.52,übrig. Schleswig-Holstein
Weroth,562,7.949261,50.459377,2.53,Westerwald
Ernst,561,7.225633,50.144666,4.19,Mosel-Saar
Glees,561,7.243155,50.433358,11.45,Ahr
Kördorf,561,7.919677,50.286957,7.81,Lahntal
Bandelin,561,13.378573,53.964782,17.19,Vorpommern
Bodelwitz,561,11.622875,50.686955,4.61,Thüringer Wald
Westhausen,560,10.659516,50.316624,15.43,Thüringer Wald
Senheim,560,7.212788,50.086387,12.51,Mosel-Saar
Hamersen,560,9.481584,53.253123,13.61,Lüneburger Heide
Dillendorf,560,7.383443,49.92535,6.49,Hunsrück
Dalberg-Wendelstorf,560,11.285589,53.725778,9.58,Mecklenburgische Ostseeküste
Wieden,560,7.88345,47.841721,12.25,Südlicher Schwarzwald
Neunkirchen,560,8.103406,50.545474,6.61,Westerwald
Hefersweiler,559,7.687967,49.603087,7.2,Pfalz
Ahrenshöft,559,9.068097,54.559394,8.79,übrig. Schleswig-Holstein
Bickendorf,559,6.499815,50.033869,5.49,Eifel
Ummanz,559,13.181849,54.464901,43.09,Rügen/Hiddensee
Weidenhahn,559,7.835251,50.544236,3.23,Westerwald
Ohrenbach,558,10.210426,49.469719,22.74,Romantisches Franken - vom Naturpark Frankenhöhe zur Romantischen Straße
Pingelshagen,558,11.337987,53.683161,2.08,Mecklenburgische Ostseeküste
Mörsdorf,558,11.80095,50.871171,6.85,Saaleland
Lampaden,558,6.700376,49.649393,8.13,Hunsrück
Hämelhausen,558,9.277964,52.780784,9.09,Mittelweser
Talkau,557,10.568741,53.576852,4.88,übrig. Schleswig-Holstein
Woldert,557,7.647602,50.602477,5.03,Westerwald
Mölsheim,557,8.170733,49.647101,4.62,Rheinhessen
Dümpelfeld,557,6.932339,50.443082,11.86,Ahr
Galmsbüll,555,8.732055,54.775694,49.05,Nordsee
Hohenaltheim,555,10.534662,48.78423,17.78,Bayerisch-Schwaben
Reichenow-Möglin,555,14.107646,52.664784,22.81,Seenland Oder-Spree
Willmars,555,10.241892,50.501247,12.18,Rhön
Blunk,555,10.315789,54.007567,10.69,übrig. Schleswig-Holstein
Bokel,555,9.733886,53.864194,16.02,übrig. Schleswig-Holstein
Gallin,555,10.832835,53.493652,22.71,Westmecklenburg
Hamfelde,555,10.44893,53.597194,3.47,übrig. Schleswig-Holstein
Nachtsheim,554,7.063098,50.318131,7.22,Eifel
Gau-Heppenheim,554,8.173988,49.741867,5.53,Rheinhessen
Nußbach,554,7.695774,49.629137,8.11,Pfalz
Dörth,554,7.588973,50.148471,5.15,Hunsrück
Berod bei Wallmerod,554,7.936828,50.480168,3.92,Westerwald
Steffenshagen,554,11.82306,54.104818,9.41,Mecklenburgische Ostseeküste
Hainspitz,554,11.836937,50.963929,5.29,Saaleland
Rüssingen,553,8.086456,49.616298,4.84,Pfalz
Kesseling,553,7.02495,50.482055,31.13,Ahr
Oberahr,553,7.866713,50.503102,4.27,Westerwald
Biersdorf am See,553,6.451954,50.015772,3.22,Eifel
Lüdershagen,553,12.608704,54.30414,13.98,Vorpommern
Gemmerich,552,7.755509,50.228035,6.79,Lahntal
Borod,552,7.708861,50.666359,3.17,Westerwald
Oldsum,552,8.447735,54.732075,13.31,Nordsee
Lebrade,552,10.422164,54.216652,18.59,Holsteinische Schweiz
Kaltenholzhausen,552,8.104056,50.300507,6.06,Lahntal
Imsweiler,551,7.798783,49.601854,9.89,Pfalz
Rehm-Flehde-Bargen,551,9.036287,54.303981,14.63,übrig. Schleswig-Holstein
Hottenbach,550,7.2988,49.824068,11.21,Naheland
Sien,550,7.502405,49.693175,8.48,Naheland
Michelbach (Westerwald),550,7.666829,50.6833,4.43,Westerwald
Lüblow,550,11.451855,53.416399,21.6,Westmecklenburg
Wolde,549,13.078258,53.678311,22.63,Mecklenburgische Schweiz und Seenplatte
Haby,549,9.822077,54.395389,5.79,übrig. Schleswig-Holstein
Wied,548,7.755416,50.637823,4.68,Westerwald
Kratzeburg,548,12.94392,53.429184,55.5,Mecklenburgische Schweiz und Seenplatte
Volkesfeld,548,7.150074,50.390082,2.58,Eifel
Dargen,548,14.065379,53.886857,28.23,Vorpommern
Tützpatz,547,13.145769,53.72329,21.66,Mecklenburgische Schweiz und Seenplatte
Obererbach (Westerwald),547,7.65685,50.724745,3.63,Westerwald
Ludwigshöhe,547,8.343016,49.817338,2.99,Rheinhessen
Feldhorst,547,10.419596,53.860382,15.48,übrig. Schleswig-Holstein
Ringsberg,547,9.598332,54.807139,5.25,übrig. Schleswig-Holstein
Gamlen,546,7.200836,50.239214,5.59,Eifel
Lawitz,546,14.635461,52.106323,6.07,Seenland Oder-Spree
Göhlen,546,11.369618,53.307337,34.02,Westmecklenburg
Neu-Seeland/Nowa Jazorina,546,14.111179,51.57861,37.99,Lausitzer Seenland
Messerich,546,6.480948,49.935009,6.52,Eifel
Tiefenbach,546,9.6525,48.089033,6.94,Oberschwaben-Allgäu
Heilshoop,546,10.530579,53.887659,8.5,übrig. Schleswig-Holstein
Sietow,545,12.557348,53.446312,18.87,Mecklenburgische Schweiz und Seenplatte
Gackenbach,545,7.856213,50.367145,4.75,Westerwald
Malberg,545,6.581542,50.047131,6.65,Eifel
Almdorf,545,9.015622,54.581075,5.7,übrig. Schleswig-Holstein
Wenzlow,545,12.445311,52.30047,20.54,Fläming
"Kummerow, Seegemeinde",544,12.831469,53.768639,57.71,Mecklenburgische Schweiz und Seenplatte
Stadlern,544,12.61282,49.504875,10.55,Oberpfälzer Wald
Süderheistedt,544,9.148463,54.23483,8.44,übrig. Schleswig-Holstein
Nehms,544,10.352354,54.021025,15.32,übrig. Schleswig-Holstein
Geschendorf,544,10.441563,53.921999,5.7,übrig. Schleswig-Holstein
Vendersheim,543,8.066819,49.866596,4.17,Rheinhessen
Rethwisch,543,9.591715,53.866516,9.84,übrig. Schleswig-Holstein
Brevörde,543,9.427301,51.912233,13.63,Weserbergland
Nieblum,542,8.489439,54.691947,7.86,Nordsee
Rüting,542,11.222723,53.792951,15.16,Mecklenburgische Ostseeküste
Puls,542,9.515658,54.083808,10.9,übrig. Schleswig-Holstein
Mörlen,542,7.883815,50.697504,3.08,Westerwald
Öllingen,542,10.148065,48.527741,8.09,Schwäbische Alb
Erbenhausen,541,10.145807,50.575898,20.7,Thüringer Rhön
Krempermoor,541,9.480149,53.877501,1.55,übrig. Schleswig-Holstein
Freistatt,540,8.648938,52.623062,12.54,Mittelweser
Berschweiler bei Baumholder,540,7.29281,49.577998,6.66,Naheland
Leisel,540,7.201636,49.718974,8.82,Naheland
Lütjenwestedt,540,9.490806,54.140616,22.32,übrig. Schleswig-Holstein
Roseburg,540,10.624215,53.530505,16.24,übrig. Schleswig-Holstein
Warmsroth,540,7.790007,49.956029,5.9,Naheland
Steineroth,540,7.852485,50.761517,2.53,Westerwald
Niesgrau,539,9.812919,54.744112,9.89,Ostsee
Monzernheim,539,8.227847,49.72214,3.95,Rheinhessen
Möhnsen,539,10.469197,53.559974,7.47,übrig. Schleswig-Holstein
Prümzurlay,539,6.43654,49.868727,3.89,Eifel
Schwerstedt,538,10.921088,51.157648,12.64,Welterberegion Wartburg-Hainich
Grebs-Niendorf,538,11.318115,53.241086,31.26,Westmecklenburg
Krumstedt,538,9.177954,54.068684,15.89,übrig. Schleswig-Holstein
Völschow,537,13.33623,53.878459,21.72,Mecklenburgische Schweiz und Seenplatte
Duchroth,537,7.738868,49.782921,9.68,Naheland
Pragsdorf,537,13.39698,53.539052,14.32,Mecklenburgische Schweiz und Seenplatte
Laufeld,537,6.863497,50.079085,6.11,Eifel
Molzhain,536,7.85354,50.749431,2.9,Westerwald
Eichen,536,7.53179,50.635294,4.27,Westerwald
Alt Schwerin,535,12.351571,53.512197,44.44,Mecklenburgische Schweiz und Seenplatte
Schönfeld,535,13.985899,53.414757,29.26,Uckermark
Lauschied,535,7.619608,49.740586,4.78,Naheland
Markvippach,535,11.176747,51.078718,9.13,Welterberegion Wartburg-Hainich
Lorscheid,535,6.848289,49.738439,5.09,Hunsrück
Knorrendorf,534,13.067439,53.631781,28.66,Mecklenburgische Schweiz und Seenplatte
Wangelnstedt,534,9.687795,51.87064,15.19,Weserbergland
Topfstedt,534,10.965178,51.247506,10.78,Südharz-Kyffhäuser
Weyher in der Pfalz,534,8.084106,49.267871,5.16,Pfalz
Metterich,534,6.587026,49.979132,5.6,Eifel
Wettrup,533,7.59702,52.589256,13.82,Grafschaft Bentheim-Emsland-Osnabrücker Land
Hahnenbach,533,7.418344,49.810445,2.79,Naheland
Groß Meckelsen,533,9.447514,53.288323,12.36,Lüneburger Heide
Eichstegen,533,9.498845,47.938739,14.25,Oberschwaben-Allgäu
Bruchweiler,533,7.225235,49.798781,8.13,Naheland
Kerben,532,7.359005,50.31049,4.71,Eifel
Laasdorf,532,11.671921,50.872418,4.02,Saaleland
Redefin,532,11.199955,53.348849,17.71,Westmecklenburg
Grünewald,532,13.994866,51.400232,13.45,Lausitzer Seenland
Nazza,531,10.337202,51.114666,12.68,Welterberegion Wartburg-Hainich
Bandenitz,531,11.28473,53.494516,17.43,Westmecklenburg
Alleshausen,531,9.621543,48.102679,11.29,Oberschwaben-Allgäu
Densborn,530,6.602165,50.126268,14.4,Eifel
Rech,530,7.038551,50.512518,4.72,Ahr
Reichweiler,529,7.290911,49.543178,3.87,Pfalz
Hövels,529,7.780245,50.788259,7.88,Westerwald
Lingerhahn,529,7.563734,50.093946,5.99,Hunsrück
Steinbach,528,10.21702,51.417863,8.46,Eichsfeld
Thallichtenberg,528,7.351221,49.558013,5.72,Pfalz
Guteborn,528,13.929125,51.420759,16.69,Lausitzer Seenland
Ahrenviöl,528,9.206895,54.531254,10.11,übrig. Schleswig-Holstein
Ermershausen,528,10.625056,50.208875,9.21,Haßberge
Kleve,528,9.404044,53.965863,5.57,übrig. Schleswig-Holstein
Halenbeck-Rohlsdorf,527,12.31074,53.247396,39.91,Prignitz
Bronkow,527,13.916569,51.670289,38.54,Lausitzer Seenland
Luckow,527,14.156459,53.7068,37.33,Vorpommern
Nordhofen,526,7.751683,50.516866,3.86,Westerwald
Harbach,526,7.843559,50.862106,5.64,Westerwald
Norddorf auf Amrum,526,8.332935,54.679638,5.89,Nordsee
Perasdorf,526,12.801636,48.950042,16.04,Bayerischer Wald
Glewitz,526,12.931712,54.019865,41.99,Vorpommern
Karby,525,9.974822,54.623058,2.09,übrig. Schleswig-Holstein
Langenscheid,525,7.949559,50.356858,8.93,Lahntal
Winkelsett,524,8.528063,52.872468,39.23,Oldenburger Land
Hohenfinow,524,13.925103,52.809713,21.84,Barnimer Land
Christes,524,10.479588,50.66081,15.53,Thüringer Rhön
Klein Bennebek,524,9.456571,54.402006,25.63,übrig. Schleswig-Holstein
Siedenbollentin,524,13.379735,53.732882,18.82,Mecklenburgische Schweiz und Seenplatte
Rustenfelde,524,10.003443,51.394321,6.15,Eichsfeld
Jesendorf,524,11.598868,53.804278,21.25,Mecklenburgische Ostseeküste
Papenhagen,524,12.98195,54.146231,21.0,Vorpommern
Schnarup-Thumby,523,9.642282,54.646805,10.72,übrig. Schleswig-Holstein
Hemsloh,523,8.509428,52.601629,26.82,Mittelweser
Divitz-Spoldershagen,523,12.695114,54.332951,27.56,Vorpommern
Forheim,523,10.448158,48.758933,23.26,Bayerisch-Schwaben
Hohen Wangelin,522,12.426222,53.611121,43.97,Mecklenburgische Schweiz und Seenplatte
Neubrunn,522,10.469248,50.498995,9.22,Thüringer Rhön
Cramonshagen,522,11.276128,53.698991,10.2,Mecklenburgische Ostseeküste
Hohenhorn,522,10.367611,53.475734,6.93,übrig. Schleswig-Holstein
Wendisch Baggendorf,521,12.943523,54.074132,21.51,Vorpommern
Mühbrook,521,10.010108,54.157143,5.3,übrig. Schleswig-Holstein
Hemme,521,9.010966,54.28021,16.53,übrig. Schleswig-Holstein
Staffhorst,521,8.980126,52.721512,14.66,Mittelweser
Gandesbergen,521,9.223013,52.760767,7.02,Mittelweser
Pogeez,520,10.729435,53.750929,4.51,übrig. Schleswig-Holstein
Selpin,520,12.495558,53.991342,33.1,Mecklenburgische Ostseeküste
Grünebach,520,7.906184,50.778622,2.52,Westerwald
Hamfelde,520,10.449254,53.604796,2.72,übrig. Schleswig-Holstein
Ferna,519,10.309032,51.456644,4.43,Eichsfeld
Schindhard,519,7.820682,49.141842,4.35,Pfalz
Bühren,519,9.677991,51.484852,14.0,Weserbergland
Traventhal,519,10.317731,53.895331,5.37,übrig. Schleswig-Holstein
Stinstedt,519,8.973002,53.660207,30.43,Nordseeküste
Gundersweiler,518,7.782996,49.592153,10.44,Pfalz
Gehlsbach,518,12.130857,53.394281,33.18,Westmecklenburg
Heidekamp,518,10.501018,53.854309,3.49,übrig. Schleswig-Holstein
Sessenbach,517,7.64577,50.475772,2.79,Westerwald
Winnen,517,8.010154,50.571978,3.26,Westerwald
Bünsdorf,517,9.742555,54.369536,13.24,übrig. Schleswig-Holstein
Kenz-Küstrow,516,12.734802,54.326153,17.76,Vorpommern
Werder,516,13.357057,53.71616,30.21,Mecklenburgische Schweiz und Seenplatte
Winterbach (Pfalz),516,7.474195,49.303332,7.03,Pfalz
Herborn,516,7.294177,49.766709,2.46,Naheland
Zickhusen,516,11.414398,53.757546,12.49,Mecklenburgische Ostseeküste
Retzow,516,12.685425,52.624672,14.84,Havelland
Kemmenau,516,7.75062,50.346524,3.78,Lahntal
Karrenzin,516,11.801777,53.338856,26.44,Westmecklenburg
Schöngleina,515,11.724019,50.908341,6.76,Saaleland
Schwarzburg,515,11.195357,50.641931,14.67,Thüringer Wald
Oberstadtfeld,515,6.7655,50.175902,10.21,Eifel
Untershausen,515,7.844629,50.400524,1.92,Westerwald
Eichelhardt,514,7.700015,50.717909,2.84,Westerwald
Hübingen,514,7.843481,50.35855,3.56,Westerwald
Osthausen-Wülfershausen,514,11.103862,50.852321,14.75,Thüringer Wald
Neuendeich,514,9.600258,53.676281,8.54,übrig. Schleswig-Holstein
Weiler,513,7.120208,50.310352,7.5,Eifel
Wohlde,513,9.294745,54.404782,14.43,übrig. Schleswig-Holstein
Gaugrehweiler,512,7.861787,49.707758,9.92,Pfalz
Ragow-Merz,512,14.300804,52.195296,43.75,Seenland Oder-Spree
Am Salzhaff,512,11.621001,54.039444,15.51,Mecklenburgische Ostseeküste
Triglitz,512,12.101667,53.210928,31.82,Prignitz
Gransebieth,512,12.882628,54.064848,23.33,Vorpommern
Alt Bukow,512,11.60964,53.997533,15.28,Mecklenburgische Ostseeküste
Garzau-Garzin,512,13.945498,52.533872,26.1,Seenland Oder-Spree
Drehnow/Drjenow,511,14.358076,51.866479,10.97,Spreewald
Gültz,510,13.185195,53.750087,23.69,Mecklenburgische Schweiz und Seenplatte
Guhrow/Góry,510,14.227923,51.817596,6.68,Spreewald
Weitersweiler,510,7.997144,49.614915,4.52,Pfalz
Dobbin-Linstow,510,12.333192,53.616837,65.39,Mecklenburgische Schweiz und Seenplatte
Schraden,510,13.694503,51.425191,16.5,Elbe Elster Land
Reichenbach,510,7.285438,49.641057,11.12,Naheland
Berndorf,510,6.697495,50.304821,9.16,Eifel
Woggersin,510,13.230296,53.608107,6.44,Mecklenburgische Schweiz und Seenplatte
Parsteinsee,510,14.07355,52.932981,17.06,Barnimer Land
Rankwitz,510,13.928004,53.946939,30.9,Vorpommern
Päwesin,509,12.714854,52.511131,23.65,Havelland
Bartow,509,13.345022,53.816358,34.61,Mecklenburgische Schweiz und Seenplatte
Frankenfeld,509,9.428854,52.768678,24.52,Lüneburger Heide
Ausacker,508,9.574858,54.73908,9.13,übrig. Schleswig-Holstein
Kanzach,508,9.558743,48.07669,11.15,Oberschwaben-Allgäu
Empfertshausen,507,10.098294,50.664091,4.9,Thüringer Rhön
Leinsweiler,507,8.019337,49.182902,5.8,Pfalz
Thonhausen,507,12.323861,50.831612,9.42,Altenburger Land
Fiefbergen,506,10.34277,54.379311,5.8,übrig. Schleswig-Holstein
Hohen Sprenz,506,12.195504,53.912664,22.54,Mecklenburgische Schweiz und Seenplatte
Ellerdorf,505,9.838495,54.194754,10.2,übrig. Schleswig-Holstein
Liebshausen,505,7.628917,50.032866,5.85,Hunsrück
Sukow-Levitzow,505,12.610398,53.857642,20.23,Mecklenburgische Schweiz und Seenplatte
Quirnbach/ Pfalz,505,7.421073,49.473015,6.1,Pfalz
Schretstaken,505,10.539293,53.586533,8.47,übrig. Schleswig-Holstein
Berzhahn,504,8.004398,50.538756,3.27,Westerwald
Seesbach,504,7.546044,49.845695,6.06,Naheland
Grammendorf,504,12.879109,54.033808,35.92,Vorpommern
Klappholz,504,9.539317,54.621371,8.22,übrig. Schleswig-Holstein
Tschirn,504,11.450201,50.39682,20.14,Frankenwald
Medow,504,13.532946,53.838438,28.99,Vorpommern
Gammelby,503,9.793238,54.500342,8.34,übrig. Schleswig-Holstein
Oberheimbach,503,7.784279,50.022174,8.73,Mittelrheintal
Obererbach,503,7.966948,50.442095,2.6,Westerwald
Müllenbach,502,6.912793,50.319944,8.02,Eifel
Hergenfeld,502,7.762822,49.904556,5.89,Naheland
Sankt Aldegund,502,7.130204,50.082206,6.19,Mosel-Saar
Großharrie,501,10.049861,54.119087,13.17,übrig. Schleswig-Holstein
Sarmstorf,500,12.218139,53.842857,10.99,Mecklenburgische Schweiz und Seenplatte
Horbach,500,7.653301,49.331443,5.31,Pfalz
Kollweiler,500,7.577818,49.514656,5.57,Pfalz
Hambach,499,7.980571,50.397631,2.76,Lahntal
Gerbach,498,7.870869,49.673724,7.32,Pfalz
Reifferscheid,498,6.884131,50.405805,14.24,Ahr
Quernheim,498,8.392323,52.463247,6.24,Mittelweser
Lösnich,498,7.043308,49.973649,2.53,Mosel-Saar
Streithausen,498,7.816587,50.690211,3.93,Westerwald
Neu Poserin,497,12.165222,53.552514,47.38,Westmecklenburg
Mölln,497,13.084726,53.590153,29.73,Mecklenburgische Schweiz und Seenplatte
Gonbach,497,7.906153,49.547874,2.94,Pfalz
Dahlem,497,10.74816,53.203262,17.09,Lüneburger Heide
Lipprechterode,497,10.556742,51.459242,9.78,Südharz-Kyffhäuser
Brandscheid,496,7.919086,50.55899,3.03,Westerwald
Remmels,496,9.652041,54.116584,9.49,übrig. Schleswig-Holstein
Jamlitz,495,14.354101,51.991607,43.42,Spreewald
Querenhorst,495,10.961857,52.336909,4.78,Braunschweiger Land
Ingelbach,495,7.709536,50.681079,5.08,Westerwald
Lengenbostel,495,9.514765,53.29823,5.06,Lüneburger Heide
Haale,495,9.548925,54.174256,13.03,übrig. Schleswig-Holstein
Getelo,494,6.841933,52.469548,20.25,Grafschaft Bentheim-Emsland-Osnabrücker Land
Feusdorf,494,6.610288,50.348903,4.42,Eifel
Boiensdorf,493,11.562368,54.017033,12.77,Mecklenburgische Ostseeküste
Burglahr,493,7.496733,50.617639,2.89,Westerwald
Högel,493,9.056667,54.643538,16.28,übrig. Schleswig-Holstein
Norath,492,7.57922,50.125564,3.3,Hunsrück
Schellweiler,492,7.389569,49.515369,4.31,Pfalz
Kampen (Sylt),492,8.342294,54.955508,8.43,Nordsee
Rotenhain,492,7.882879,50.599148,4.1,Westerwald
Eimsheim,492,8.289365,49.79574,4.61,Rheinhessen
Hardebek,491,9.868731,53.988376,10.01,übrig. Schleswig-Holstein
Hausen am Tann,491,8.836598,48.198362,8.49,Schwäbische Alb
Horath,491,6.986249,49.811594,11.89,Hunsrück
Gönnersdorf,491,6.594609,50.32644,5.19,Eifel
Storbeck-Frankendorf,490,12.700449,53.012389,42.69,Ruppiner Seenland
Bärenbach,490,7.443275,49.748601,5.6,Naheland
Ensheim,490,8.116022,49.806914,3.93,Rheinhessen
Dickel,490,8.472542,52.644554,16.98,Mittelweser
Mürlenbach,490,6.599024,50.150551,21.68,Eifel
Kerpen (Eifel),489,6.729582,50.309689,8.24,Eifel
Thelkow,489,12.559617,54.039334,25.86,Mecklenburgische Ostseeküste
Flieth-Stegelitz,488,13.849704,53.127904,46.92,Uckermark
Cramberg,488,7.940055,50.342013,5.25,Lahntal
Quirnbach,488,7.796347,50.519858,3.08,Westerwald
Brenz,488,11.663717,53.380452,12.51,Westmecklenburg
"Ankershagen, Schliemanngemeinde",488,12.95775,53.484206,28.23,Mecklenburgische Schweiz und Seenplatte
Pillig,488,7.311966,50.239667,6.29,Eifel
Niederbrombach,488,7.246408,49.686543,7.28,Naheland
Bergen,487,7.418004,49.78091,10.42,Naheland
Grunow-Dammendorf,487,14.394097,52.157661,45.14,Seenland Oder-Spree
Aitern,487,7.894621,47.803346,9.21,Südlicher Schwarzwald
Dürnau,487,9.554803,48.060403,7.28,Oberschwaben-Allgäu
Beulich,487,7.451943,50.173525,13.28,Hunsrück
Bärenthal,487,8.926748,48.072882,12.69,Schwäbische Alb
Fröhnd,487,7.883067,47.758286,16.19,Südlicher Schwarzwald
Temmen-Ringenwalde,486,13.714647,53.05712,63.31,Uckermark
Splietsdorf,486,12.930708,54.12351,26.39,Vorpommern
Hümmel,485,6.778824,50.461408,15.84,Ahr
Kümbdchen,485,7.508393,49.992121,3.21,Hunsrück
Breesen,484,13.163388,53.629945,24.64,Mecklenburgische Schweiz und Seenplatte
Holzen,484,9.666365,51.933805,6.61,Weserbergland
Groß Offenseth-Aspern,484,9.73009,53.817783,10.56,übrig. Schleswig-Holstein
Niedermoschel,484,7.794614,49.73318,6.61,Pfalz
Stelle-Wittenwurth,484,9.066849,54.254357,10.71,übrig. Schleswig-Holstein
Strohn,484,6.922709,50.110367,8.6,Eifel
Gräben,483,12.427084,52.233327,40.62,Fläming
Nienwohld,483,10.193688,53.786824,9.19,übrig. Schleswig-Holstein
Weyer,483,7.722196,50.196457,5.99,Mittelrheintal
Wielen,483,6.733946,52.546959,23.09,Grafschaft Bentheim-Emsland-Osnabrücker Land
Külz (Hunsrück),483,7.493526,50.006308,6.92,Hunsrück
Roes,483,7.25779,50.244568,6.74,Mosel-Saar
Uelitz,482,11.438695,53.475682,15.09,Westmecklenburg
Bengerstorf,482,10.846982,53.416733,32.96,Westmecklenburg
Bruch,482,6.785289,49.956465,8.64,Eifel
Niederhofen,482,7.600552,50.562176,1.38,Westerwald
Kella,481,10.078401,51.229319,5.06,Eichsfeld
Bocka,481,11.966612,50.820323,6.05,Thüringer Vogtland
Gammelin,481,11.241684,53.512028,15.64,Westmecklenburg
Lohme,480,13.610953,54.582863,13.8,Rügen/Hiddensee
Eulenbis,480,7.637496,49.506579,3.97,Pfalz
Dedenbach,479,7.174074,50.484495,7.65,Ahr
Metelsdorf,479,11.432941,53.853472,8.21,Mecklenburgische Ostseeküste
Gondenbrett,479,6.416174,50.237107,23.14,Eifel
Stakendorf,479,10.422791,54.388445,7.97,Ostsee
Zichow,479,14.038335,53.190169,32.22,Uckermark
Ahlefeld-Bistensee,479,9.698907,54.398725,10.04,übrig. Schleswig-Holstein
Großenwörden,479,9.258854,53.679436,12.35,Unterelbe-Unterweser
Nordhackstedt,479,9.166985,54.7334,12.47,übrig. Schleswig-Holstein
Schauren,478,7.236209,49.806734,7.13,Naheland
Herchweiler,478,7.29075,49.514034,2.85,Pfalz
Daubach,478,7.84655,50.392699,2.51,Westerwald
Alsdorf,477,6.465431,49.887732,6.38,Eifel
Insul,477,6.915705,50.439971,5.01,Ahr
Münsterappel,477,7.876047,49.734924,6.33,Pfalz
Wiesbach,476,7.45343,49.333828,4.07,Pfalz
Antweiler,476,6.830811,50.403755,4.46,Ahr
Buckautal,476,12.327259,52.222278,39.32,Fläming
Krummendeich,476,9.207587,53.830008,30.03,Unterelbe-Unterweser
Hollenbek,476,10.819794,53.592298,7.21,übrig. Schleswig-Holstein
Süderfahrenstedt,476,9.584252,54.585386,9.15,übrig. Schleswig-Holstein
Höhndorf,476,10.370674,54.372619,5.63,übrig. Schleswig-Holstein
Schmalensee,476,10.270751,54.082608,8.68,Holsteinische Schweiz
Lötzbeuren,475,7.220679,49.936501,10.2,Hunsrück
Twedt,475,9.676062,54.597883,12.52,übrig. Schleswig-Holstein
Herresbach,475,7.020963,50.357341,8.47,Eifel
Oberweid,475,10.063674,50.590544,10.25,Thüringer Rhön
Warlow,475,11.407922,53.344082,13.91,Westmecklenburg
Alt Zauche-Wußwerk/Stara Niwa-Wózwjerch,475,14.016045,51.917765,33.31,Spreewald
Winterbach,474,7.634957,49.876243,14.74,Naheland
Nußbaum,474,7.61402,49.800064,5.86,Naheland
Wobbenbüll,474,8.992516,54.530418,1.69,Nordsee
Beggerow,473,13.053886,53.828397,29.82,Mecklenburgische Schweiz und Seenplatte
Langen Brütz,473,11.547842,53.65749,15.43,Westmecklenburg
Sollerup,473,9.320146,54.572957,12.98,übrig. Schleswig-Holstein
Geisfeld,473,6.957005,49.715399,8.87,Hunsrück
Rühstädt,473,11.870346,52.91894,29.15,Prignitz
Pudagla,472,14.068495,53.9682,13.27,Vorpommern
Wölferlingen,472,7.852519,50.563703,8.25,Westerwald
Minheim,472,6.933853,49.86622,5.4,Mosel-Saar
Glanbrücken,472,7.527457,49.61327,4.66,Pfalz
Schulendorf,472,10.561815,53.47331,11.38,übrig. Schleswig-Holstein
Heddesbach,472,8.827181,49.480066,8.21,Nördliches Baden-Württemberg
Marienhausen,471,7.691564,50.563076,4.86,Westerwald
Baltrum,471,7.369884,53.727447,6.5,Ostfriesische Inseln
Wakendorf I,471,10.357027,53.864458,5.34,übrig. Schleswig-Holstein
Buhlenberg,471,7.121037,49.654269,8.47,Naheland
Krugsdorf,471,14.084454,53.524969,8.34,Vorpommern
Ringleben,471,10.953632,51.104478,6.56,Welterberegion Wartburg-Hainich
Hüffler,471,7.391341,49.495123,3.65,Pfalz
Rathjensdorf,470,10.427748,54.185702,12.58,Holsteinische Schweiz
Laudert,470,7.600893,50.076863,6.17,Mittelrheintal
Ruthweiler,470,7.366647,49.55285,3.31,Pfalz
Nochern,470,7.723661,50.176802,7.11,Mittelrheintal
Zarnewanz,470,12.496269,54.05699,15.24,Mecklenburgische Ostseeküste
Moraas,470,11.302311,53.421816,16.78,Westmecklenburg
Mutterschied,469,7.568114,49.981531,3.07,Hunsrück
Urmersbach,469,7.132263,50.256494,4.33,Eifel
Guttenberg,469,11.564189,50.154765,10.66,Frankenwald
Schönbeck,468,13.571824,53.57953,24.47,Mecklenburgische Schweiz und Seenplatte
Großenrade,468,9.223435,54.02206,10.4,übrig. Schleswig-Holstein
Bissersheim,468,8.203761,49.536556,2.57,Pfalz
Hundsdorf,468,7.702876,50.470276,1.4,Westerwald
Osterbruch,467,8.941582,53.778337,10.21,Nordseeküste
Niederhorbach,467,8.03153,49.116141,4.32,Pfalz
Lierschied,466,7.745039,50.16989,5.95,Mittelrheintal
Barnin,466,11.695487,53.59356,17.02,Westmecklenburg
Zepelin,466,12.046056,53.834796,22.91,Mecklenburgische Schweiz und Seenplatte
Siedenbrünzow,466,13.146757,53.897383,27.6,Mecklenburgische Schweiz und Seenplatte
Mehren,465,7.509986,50.685646,3.66,Westerwald
Fichtenhöhe,465,14.42896,52.44673,22.91,Seenland Oder-Spree
Rätzlingen,465,10.675921,52.975896,8.54,Lüneburger Heide
Dörnberg,465,7.884152,50.325181,5.83,Lahntal
Bilkheim,465,7.948266,50.49721,2.66,Westerwald
Berglangenbach,465,7.253626,49.5995,5.72,Naheland
Rückeroth,465,7.743748,50.560058,3.47,Westerwald
Olderup,464,9.112117,54.538167,9.94,übrig. Schleswig-Holstein
Lancken-Granitz,464,13.632229,54.367323,13.79,Rügen/Hiddensee
Welterod,464,7.888793,50.132342,9.95,Lahntal
Buhla,464,10.487571,51.440258,8.74,Eichsfeld
Warlitz,463,11.147364,53.377053,23.91,Westmecklenburg
Abtsbessingen,463,10.762472,51.259592,14.09,Südharz-Kyffhäuser
Berglicht,463,6.96824,49.788148,7.55,Hunsrück
Oberhausen,463,8.057771,49.097988,4.5,Pfalz
Katzenbach,462,7.812228,49.645269,6.05,Pfalz
"Neumark, Stadt",462,11.245271,51.079029,8.67,Weimarer Land
Prasdorf,462,10.296264,54.378679,4.77,übrig. Schleswig-Holstein
Gerstenberg,462,12.438619,51.032184,3.13,Altenburger Land
Rettert,462,7.938249,50.230979,5.79,Lahntal
Vielitzsee,462,13.014725,52.932593,22.18,Ruppiner Seenland
Hedeper,462,10.680737,52.066225,15.7,Braunschweiger Land
Mörsfeld,461,7.935081,49.744122,5.25,Pfalz
Boksee,461,10.127708,54.242982,5.52,übrig. Schleswig-Holstein
Breunigweiler,461,7.96332,49.569415,3.24,Pfalz
Fincken,461,12.438218,53.353063,34.95,Mecklenburgische Schweiz und Seenplatte
Bendorf,461,9.382283,54.087214,20.47,übrig. Schleswig-Holstein
Heideland,461,13.670059,51.603797,31.74,Elbe Elster Land
Weiding,461,12.570352,49.484396,22.43,Oberpfälzer Wald
Odisheim,461,8.940683,53.694134,13.52,Nordseeküste
Nohn,460,6.786624,50.330111,11.03,Eifel
Grumbach,460,7.556339,49.659034,3.34,Pfalz
Grimburg,460,6.884156,49.621197,10.17,Hunsrück
Lärz,459,12.740067,53.294415,43.14,Mecklenburgische Schweiz und Seenplatte
Neu Kosenow,459,13.755412,53.791434,25.02,Vorpommern
Wildberg,459,13.121768,53.652363,22.55,Mecklenburgische Schweiz und Seenplatte
Dautmergen,459,8.741018,48.242737,4.54,Schwäbische Alb
Ensch,459,6.831554,49.82541,6.82,Mosel-Saar
Niederwambach,459,7.597364,50.632052,6.9,Westerwald
Gülitz-Reetz,459,11.967389,53.200474,24.33,Prignitz
Leizen,458,12.475782,53.367842,27.64,Mecklenburgische Schweiz und Seenplatte
Medard,458,7.612366,49.666689,5.98,Pfalz
Reitwein,458,14.580288,52.501045,23.9,Seenland Oder-Spree
Schwirzheim,458,6.526599,50.231981,13.68,Eifel
Kritzow,457,12.131564,53.445984,25.13,Westmecklenburg
Lippersdorf-Erdmannsdorf,457,11.797136,50.827722,9.96,Saaleland
Midlum,457,8.518625,54.714878,8.5,Nordsee
Hentern,457,6.693105,49.61707,6.15,Hunsrück
Hergenroth,457,7.972902,50.581311,1.89,Westerwald
Rascheid,457,6.936226,49.712775,8.05,Hunsrück
Bärenbach,457,7.302424,49.947223,4.83,Hunsrück
Mözen,457,10.258366,53.91095,7.72,übrig. Schleswig-Holstein
Frohnhofen,456,7.299935,49.453407,3.87,Pfalz
Lankau,456,10.665636,53.667879,19.12,übrig. Schleswig-Holstein
Hardt,456,7.917314,50.634415,1.88,Westerwald
Rüthnick,456,12.994752,52.881027,17.69,Ruppiner Seenland
"Ummerstadt, Stadt",455,10.811126,50.259225,15.73,Thüringer Wald
Damendorf,455,9.735166,54.423496,7.48,übrig. Schleswig-Holstein
Hahn bei Marienberg,455,7.941251,50.632633,2.2,Westerwald
Dackenheim,454,8.185566,49.521316,3.33,Pfalz
Hammer a.d. Uecker,454,13.978606,53.599818,21.62,Vorpommern
Seelbach,454,7.872599,50.308433,7.25,Lahntal
Sahms,454,10.532723,53.525807,5.94,übrig. Schleswig-Holstein
Reinstädt,453,11.474515,50.809301,17.91,Saaleland
Naunheim,453,7.318767,50.253536,6.12,Eifel
Krogaspe,453,9.929382,54.131573,11.82,übrig. Schleswig-Holstein
Reichenbach am Heuberg,453,8.841077,48.133533,6.1,Schwäbische Alb
Mudershausen,453,8.040103,50.27893,4.72,Lahntal
Roggenstorf,452,11.066925,53.913159,20.01,Mecklenburgische Ostseeküste
Niederstadtfeld,451,6.761043,50.159387,9.13,Eifel
Westerrade,451,10.45969,53.935884,5.62,übrig. Schleswig-Holstein
Kalt,451,7.393724,50.267065,5.36,Eifel
Hamweddel,451,9.618873,54.190502,9.67,übrig. Schleswig-Holstein
Basthorst,450,10.47139,53.576616,10.82,übrig. Schleswig-Holstein
Dittersdorf,450,11.81633,50.643488,15.67,Thüringer Wald
Altlay,449,7.270413,49.988472,5.75,Hunsrück
Vollmersbach,449,7.307631,49.742099,2.44,Naheland
Hagen,449,9.826977,53.946622,8.2,übrig. Schleswig-Holstein
Schwollen,449,7.181501,49.704536,8.82,Naheland
Hohenmocker,449,13.177869,53.820859,27.02,Mecklenburgische Schweiz und Seenplatte
Lautzenbrücken,448,7.964996,50.672639,4.28,Westerwald
Langenbach,448,7.329208,49.49298,6.59,Pfalz
Sarlhusen,448,9.792793,54.023134,10.86,übrig. Schleswig-Holstein
Gödenroth,447,7.487284,50.087303,6.81,Hunsrück
Oevenum,447,8.530541,54.710109,10.87,Nordsee
Holzerath,447,6.760971,49.680445,6.79,Hunsrück
"Schnackenburg, Stadt",447,11.566732,53.037209,23.7,Lüneburger Heide
Dersenow,447,10.888402,53.380292,22.51,Westmecklenburg
Bütow,446,12.483362,53.346298,26.45,Mecklenburgische Schweiz und Seenplatte
Wartenberg-Rohrbach,445,7.849541,49.525584,4.48,Pfalz
Tröbnitz,445,11.727727,50.838457,2.14,Saaleland
Gerdshagen,445,12.198549,53.244381,22.99,Prignitz
Mellenthin,445,14.01198,53.923404,19.16,Vorpommern
Hohenzieritz,444,13.09924,53.444498,20.53,Mecklenburgische Schweiz und Seenplatte
Goddert,444,7.744725,50.548259,2.39,Westerwald
Einhaus,444,10.725697,53.714136,2.53,übrig. Schleswig-Holstein
Kauern,444,12.144833,50.844258,8.31,Thüringer Vogtland
Unzenberg,444,7.434555,49.970402,5.49,Hunsrück
Rötsweiler-Nockenthal,444,7.249592,49.711913,3.19,Naheland
Wachstedt,443,10.250934,51.293047,17.47,Eichsfeld
Gilzem,443,6.519413,49.868413,4.98,Eifel
Besitz,443,10.859512,53.341635,22.26,Westmecklenburg
Zerrenthin,443,14.092893,53.495312,14.42,Vorpommern
Rodenbek,443,10.01972,54.276657,7.09,übrig. Schleswig-Holstein
Rossow,443,14.123524,53.474896,23.15,Vorpommern
Utscheid,442,6.354338,49.994583,5.75,Eifel
Nettelsee,442,10.189086,54.174112,6.47,übrig. Schleswig-Holstein
Honigsee,442,10.187224,54.228283,11.27,übrig. Schleswig-Holstein
Kehmstedt,442,10.609569,51.472501,11.41,Südharz-Kyffhäuser
Stein-Neukirch,442,8.047186,50.673939,7.18,Westerwald
Kappel,441,7.359467,49.999714,12.41,Hunsrück
Reiferscheid,441,7.547291,50.654403,2.13,Westerwald
Gorlosen,441,11.460874,53.185667,53.22,Westmecklenburg
Kaaks,441,9.469405,53.990091,8.56,übrig. Schleswig-Holstein
Merkelbach,441,7.769361,50.644132,2.56,Westerwald
Drackenstein,441,9.679776,48.556609,5.68,Region Stuttgart
Posterstein,441,12.253483,50.86399,5.53,Altenburger Land
Niedersohren,440,7.332233,49.928124,3.9,Hunsrück
Deyelsdorf,440,12.822027,54.044637,29.85,Vorpommern
Hallschlag,440,6.437988,50.354821,12.74,Eifel
Roth bei Prüm,440,6.385369,50.307971,19.08,Eifel
Weinähr,440,7.843955,50.319766,3.4,Lahntal
Oberarnbach,439,7.587841,49.385184,5.08,Pfalz
Weiler bei Monzingen,439,7.560496,49.809477,5.87,Naheland
Laubach,439,7.510684,50.05388,10.02,Hunsrück
Maasen,439,8.885683,52.692321,18.72,Mittelweser
Kükels,438,10.238915,53.894887,8.45,übrig. Schleswig-Holstein
Ehlenz,438,6.47082,50.04121,5.95,Eifel
Lohe-Föhrden,438,9.54437,54.334238,16.03,übrig. Schleswig-Holstein
Riedelberg,438,7.446201,49.177576,5.21,Pfalz
Niederöfflingen,438,6.88752,50.058553,8.17,Eifel
Walow,438,12.466377,53.4234,19.92,Mecklenburgische Schweiz und Seenplatte
Weesby,437,9.152975,54.829731,21.44,übrig. Schleswig-Holstein
Ostramondra,437,11.328576,51.198795,18.43,Welterberegion Wartburg-Hainich
Witzin,437,11.919943,53.723695,18.79,Westmecklenburg
Butzow,437,13.647054,53.834881,12.85,Vorpommern
Pritzier,436,11.07885,53.378689,19.55,Westmecklenburg
Zapel,436,11.666057,53.55257,11.63,Westmecklenburg
Ziethen,436,13.894945,52.95847,24.36,Barnimer Land
Beuren,436,7.07939,50.094449,10.67,Eifel
Heinzenbach,436,7.415982,49.975394,3.42,Hunsrück
Valwig,436,7.209373,50.143695,5.7,Mosel-Saar
Zimmern unter der Burg,436,8.718808,48.220374,5.04,Schwäbische Alb
Röhl,435,6.582719,49.937287,10.65,Eifel
Holstenniendorf,435,9.348113,54.041651,12.09,übrig. Schleswig-Holstein
Dielkirchen,435,7.818448,49.660387,8.1,Pfalz
Börsborn,435,7.398232,49.440416,3.9,Pfalz
Erden,435,7.023064,49.977555,3.69,Mosel-Saar
Jakobsdorf,435,12.933137,54.233454,17.71,Vorpommern
Sargenroth,434,7.51334,49.932263,12.9,Hunsrück
Geichlingen,434,6.268233,49.952116,5.32,Eifel
Westertimke,433,9.132836,53.239068,12.04,Unterelbe-Unterweser
Harschbach,433,7.59522,50.572919,2.18,Westerwald
Wollershausen,433,10.256335,51.596047,9.15,Harz
Jämlitz-Klein Düben,433,14.661683,51.56729,28.72,Lausitzer Seenland
Nusbaum,433,6.346602,49.914649,17.16,Eifel
Sulzbachtal,433,7.65734,49.522147,6.7,Pfalz
Pölich,432,6.847245,49.797163,3.21,Mosel-Saar
Raumbach,432,7.655595,49.722934,4.41,Naheland
Birgel,432,6.620407,50.321503,6.52,Eifel
Quarnstedt,432,9.784677,53.953878,10.59,übrig. Schleswig-Holstein
Postfeld,432,10.21641,54.211309,8.33,übrig. Schleswig-Holstein
Schwasdorf,432,12.626908,53.894,24.36,Mecklenburgische Schweiz und Seenplatte
Lütow,432,13.878694,54.012528,16.34,Vorpommern
Lindenkreuz,431,11.913396,50.84241,8.99,Thüringer Vogtland
Kleinneuhausen,431,11.284952,51.15224,8.49,Welterberegion Wartburg-Hainich
Knöringen,431,8.143643,49.236203,2.52,Pfalz
Wahlstorf,431,10.294716,54.178083,14.83,Holsteinische Schweiz
Gallin-Kuppentin,431,12.168335,53.501509,29.72,Westmecklenburg
Elbingerode,431,10.275669,51.659428,5.65,Harz
Peuschen,430,11.642559,50.658948,7.55,Thüringer Wald
Molsberg,430,7.969194,50.483071,3.65,Westerwald
Pirow,430,11.900884,53.218136,37.81,Prignitz
Hangen-Weisheim,430,8.183478,49.710099,4.6,Rheinhessen
Flußbach,430,6.92629,50.016914,6.86,Eifel
Birkenbeul,430,7.623469,50.739507,4.76,Westerwald
Dahmen,429,12.582493,53.66043,36.51,Mecklenburgische Schweiz und Seenplatte
Lenzerwische,429,11.359147,53.066744,42.07,Prignitz
Fisch,429,6.486112,49.62074,6.86,Mosel-Saar
Blievenstorf,428,11.660515,53.362153,21.6,Westmecklenburg
Stockhausen-Illfurth,428,7.988135,50.646293,3.24,Westerwald
Fuhlendorf,428,9.885482,53.943215,6.49,übrig. Schleswig-Holstein
Göhren,428,12.366231,50.96715,8.61,Altenburger Land
Grambin,428,14.01457,53.756939,18.39,Vorpommern
Dernbach,428,8.005928,49.247262,3.86,Pfalz
Münchehofe,428,13.836398,52.147148,62.32,Dahme-Seenland
Großderschau,427,12.369177,52.791655,20.15,Havelland
Borgdorf-Seedorf,427,9.878799,54.178086,6.62,übrig. Schleswig-Holstein
Dahmetal,427,13.486724,51.904238,41.56,Fläming
Süderdeich,427,8.91131,54.201711,6.64,übrig. Schleswig-Holstein
Abentheuer,427,7.100474,49.65142,6.12,Naheland
Obergröningen,427,9.909802,48.893895,5.86,Schwäbische Alb
Waldrohrbach,426,7.965477,49.170357,5.9,Pfalz
Leimbach,426,6.927406,50.404122,15.64,Ahr
Oberwambach,426,7.658434,50.658458,3.99,Westerwald
Knopp-Labach,426,7.506229,49.333843,5.96,Pfalz
Baustert,425,6.392135,49.978488,4.48,Eifel
Strotzbüsch,425,6.965163,50.110391,6.45,Eifel
Bubenheim,425,8.11865,49.628173,2.94,Pfalz
Nottleben,425,10.844599,50.965687,8.57,Welterberegion Wartburg-Hainich
Ollendorf,424,11.184709,51.036301,9.16,Welterberegion Wartburg-Hainich
Wimbach,424,6.906728,50.361391,6.84,Ahr
Gudendorf,424,9.1082,54.024736,6.04,übrig. Schleswig-Holstein
Goldelund,423,9.107425,54.678411,12.02,übrig. Schleswig-Holstein
Idenheim,423,6.570084,49.898055,7.71,Eifel
Spreewaldheide/Błośańska Góla,423,14.168133,51.930504,36.16,Spreewald
Sonnenberg-Winnenberg,423,7.280097,49.671306,2.87,Naheland
Esch,422,6.848887,49.896357,2.29,Eifel
Sierksrade,422,10.600344,53.736555,4.0,übrig. Schleswig-Holstein
Roklum,422,10.739548,52.065366,8.35,Braunschweiger Land
Steinreich,421,13.442532,51.941927,41.96,Spreewald
Neuendorf-Sachsenbande,421,9.327107,53.961336,19.3,übrig. Schleswig-Holstein
Schöneberg,421,7.602522,50.664859,3.11,Westerwald
Patzig,421,13.395633,54.466052,8.06,Rügen/Hiddensee
Brodersdorf,420,10.249254,54.385481,3.63,übrig. Schleswig-Holstein
Schleifreisen,420,11.824196,50.888943,6.95,Saaleland
Engden,420,7.175182,52.391482,44.3,Grafschaft Bentheim-Emsland-Osnabrücker Land
Neunkirchen am Potzberg,419,7.488303,49.508395,5.01,Pfalz
Sinspelt,419,6.320599,49.972029,2.44,Eifel
Schilda,419,13.387897,51.606556,8.69,Elbe Elster Land
Ziethen,419,13.672308,53.887998,18.39,Vorpommern
Niederweiler,419,7.283718,49.9094,4.81,Hunsrück
Dörsdorf,419,8.009729,50.247175,4.87,Lahntal
Utzedel,419,13.117717,53.856604,25.98,Mecklenburgische Schweiz und Seenplatte
Blaubach,418,7.396821,49.557294,3.13,Pfalz
Utendorf,418,10.439723,50.608034,8.09,Thüringer Rhön
Karlshausen,417,6.227939,50.022448,7.05,Eifel
Norddeich,417,8.899964,54.218049,6.9,übrig. Schleswig-Holstein
Lelkendorf,417,12.730638,53.842673,29.88,Mecklenburgische Schweiz und Seenplatte
Rehweiler,416,7.439371,49.487649,6.74,Pfalz
Linda b. Weida,416,12.192276,50.806312,8.84,Thüringer Vogtland
Meckel,416,6.515841,49.89023,10.83,Eifel
Prezelle,416,11.401146,52.963312,41.76,Lüneburger Heide
Kleinbundenbach,416,7.438586,49.310593,5.0,Pfalz
Ramstedt,416,9.167101,54.399905,5.42,übrig. Schleswig-Holstein
Kapellendorf,415,11.468126,50.975426,5.39,Weimarer Land
Groß Molzahn,415,10.86905,53.734527,6.31,Mecklenburgische Ostseeküste
Niederwallmenach,415,7.811672,50.164381,6.85,Lahntal
Bleyen-Genschmar,415,14.511907,52.613691,29.68,Seenland Oder-Spree
Borkow,415,11.951301,53.663979,28.15,Westmecklenburg
Kastel-Staadt,415,6.559328,49.564873,5.31,Mosel-Saar
Hagermarsch,415,7.294128,53.643639,22.32,Nordseeküste
Attenhausen,414,7.877157,50.291971,5.85,Lahntal
Malk Göhren,414,11.376556,53.214629,22.57,Westmecklenburg
Renthendorf,414,11.84649,50.800991,11.59,Saaleland
Gering,414,7.262053,50.273774,2.9,Eifel
Schauren,413,7.268834,50.021426,3.05,Hunsrück
Watzerath,413,6.36063,50.184377,4.62,Eifel
Riveris,413,6.764008,49.72636,2.1,Mosel-Saar
Dickesbach,412,7.423229,49.718813,4.93,Naheland
Schorssow,412,12.566081,53.683274,31.18,Mecklenburgische Schweiz und Seenplatte
Mertesheim,412,8.132155,49.571468,2.2,Pfalz
Limbach,412,7.799778,50.701462,3.69,Westerwald
Glasewitz,412,12.283503,53.820216,15.59,Mecklenburgische Schweiz und Seenplatte
Idesheim,412,6.573613,49.874626,6.72,Eifel
Dobitschen,411,12.280353,50.956532,6.55,Altenburger Land
Korbußen,411,12.171231,50.890607,7.21,Thüringer Vogtland
Pommern,411,7.274022,50.171582,5.64,Mosel-Saar
Bechenheim,411,8.002618,49.729069,2.55,Rheinhessen
Sensweiler,410,7.197318,49.774449,8.47,Naheland
Sommerloch,410,7.761197,49.877229,2.52,Naheland
Einhausen,410,10.461929,50.529737,5.33,Thüringer Rhön
Ernzen,410,6.426237,49.841434,9.99,Eifel
Torgelow am See,410,12.77337,53.557544,14.29,Mecklenburgische Schweiz und Seenplatte
Osterhorn,410,9.698588,53.868679,6.38,übrig. Schleswig-Holstein
Heimweiler,410,7.486976,49.755668,9.07,Naheland
Holdorf,409,11.064526,53.728156,13.57,Mecklenburgische Ostseeküste
Welmbüttel,409,9.246826,54.196873,7.6,übrig. Schleswig-Holstein
Janneby,409,9.300482,54.625583,14.49,übrig. Schleswig-Holstein
Aventoft,409,8.822142,54.901249,14.47,übrig. Schleswig-Holstein
Hochborn,409,8.200787,49.724196,3.56,Rheinhessen
Becherbach bei Kirn,409,7.499688,49.740977,8.41,Naheland
Eckelsheim,409,7.983959,49.794712,4.92,Rheinhessen
Hirschberg,409,7.922446,50.378067,2.5,Lahntal
Mittelstrimmig,408,7.283093,50.090136,11.47,Hunsrück
Wallendorf,408,6.287902,49.876651,8.71,Eifel
Schaprode,407,13.166426,54.514628,19.76,Rügen/Hiddensee
Sülm,407,6.57467,49.921198,7.04,Eifel
Schönermark,406,13.120006,53.007176,11.91,Ruppiner Seenland
"Altwarp, Fischerdorf",406,14.262179,53.743961,32.75,Vorpommern
Kratzenburg,406,7.554894,50.186864,7.07,Hunsrück
Benitz,405,12.104643,53.976706,9.72,Mecklenburgische Ostseeküste
Paitzdorf,405,12.222577,50.845858,8.67,Thüringer Vogtland
Högsdorf,405,10.615055,54.251994,10.93,übrig. Schleswig-Holstein
Kleve,405,9.123229,54.295706,12.81,übrig. Schleswig-Holstein
Kabelhorst,405,10.921118,54.215844,5.79,übrig. Schleswig-Holstein
Fleringen,405,6.498935,50.208878,8.5,Eifel
Groß Buchwald,404,10.085963,54.162947,8.96,übrig. Schleswig-Holstein
Utersum,404,8.407243,54.714455,5.26,Nordsee
Alkersum,404,8.511244,54.708245,9.07,Nordsee
Pätow-Steegen,404,11.138559,53.397896,10.65,Westmecklenburg
Ottendorf,404,11.822659,50.82676,4.38,Saaleland
Levenhagen,403,13.272006,54.08832,13.28,Vorpommern
Osterrade,403,9.353264,54.190212,17.09,übrig. Schleswig-Holstein
Heyen,403,9.504859,52.008111,8.35,Weserbergland
Schmitshausen,403,7.511618,49.307094,4.49,Pfalz
Uelsby,403,9.596649,54.63128,10.59,übrig. Schleswig-Holstein
Neef,403,7.137711,50.091002,6.48,Mosel-Saar
Mehlbek,403,9.434367,54.004849,8.92,übrig. Schleswig-Holstein
Krokau,402,10.341593,54.402446,4.45,übrig. Schleswig-Holstein
Almersbach,402,7.628807,50.674542,0.61,Westerwald
Esch,402,6.61127,50.364947,10.17,Eifel
Stocksee,401,10.343274,54.089631,11.38,übrig. Schleswig-Holstein
Marisfeld,401,10.570774,50.555509,11.51,Thüringer Wald
Dreitzsch,401,11.797266,50.739567,7.26,Thüringer Wald
Bullenkuhlen,401,9.751552,53.768586,3.93,übrig. Schleswig-Holstein
Wallenborn,401,6.721028,50.154966,8.23,Eifel
Friedrichsholm,400,9.427267,54.303024,7.13,übrig. Schleswig-Holstein
Einöllen,400,7.636962,49.609109,4.89,Pfalz
Gribbohm,399,9.347706,54.027149,13.23,übrig. Schleswig-Holstein
Hersdorf,399,6.508737,50.171871,12.88,Eifel
Flemlingen,399,8.095563,49.243097,3.87,Pfalz
Kruchten,399,6.315114,49.899203,5.38,Eifel
Mörsbach,399,7.778147,50.723284,5.91,Westerwald
Zierzow,399,11.686236,53.28354,13.33,Westmecklenburg
Berndroth,398,7.967617,50.236854,6.21,Lahntal
Rumbach,398,7.787471,49.096417,14.8,Pfalz
Sauzin,398,13.784968,54.034625,6.65,Vorpommern
Rott,398,7.513436,50.637343,9.8,Westerwald
Kalenborn-Scheuern,397,6.602709,50.258428,7.35,Eifel
Hahn am See,397,7.889668,50.524386,3.7,Westerwald
Gülzow,397,12.853157,53.693802,12.2,Mecklenburgische Schweiz und Seenplatte
Vorbeck,397,12.070311,53.907882,15.6,Mecklenburgische Ostseeküste
Rodenäs,397,8.70031,54.888387,19.84,Nordsee
Kirchweiler,397,6.744762,50.229711,6.36,Eifel
Gumperda,396,11.522751,50.810217,6.27,Saaleland
Gimbweiler,396,7.190965,49.585436,5.53,Naheland
Fredesdorf,396,10.203647,53.875098,5.89,übrig. Schleswig-Holstein
Mannweiler-Cölln,396,7.803005,49.6962,4.9,Pfalz
Bescheid,395,6.890462,49.75249,7.6,Hunsrück
Eisenach,395,6.509037,49.851735,6.31,Eifel
Warnau,395,10.160154,54.18792,3.98,übrig. Schleswig-Holstein
Behlendorf,395,10.667846,53.699475,10.25,übrig. Schleswig-Holstein
Waldleiningen,394,7.885152,49.397765,26.69,Pfalz
Gollenberg,394,12.375881,52.754595,30.51,Havelland
Brünn/Thür.,394,10.85655,50.449347,6.1,Thüringer Wald
Westermoor,393,9.626905,53.914039,9.44,übrig. Schleswig-Holstein
Breitenheim,393,7.630341,49.697264,5.69,Naheland
Fitzen,393,10.64667,53.493942,9.11,übrig. Schleswig-Holstein
Armstedt,392,9.847056,53.971225,8.92,übrig. Schleswig-Holstein
Waldhambach,392,7.988989,49.164838,3.92,Pfalz
Krummbek,392,10.400709,54.37814,5.48,übrig. Schleswig-Holstein
Kobrow,392,11.81276,53.677699,37.47,Westmecklenburg
Köwerich,392,6.870799,49.839723,2.31,Mosel-Saar
Holenberg,391,9.584829,51.909735,7.38,Weserbergland
Esselborn,391,8.118915,49.714648,4.1,Rheinhessen
Utecht,390,10.7696,53.767405,11.09,Mecklenburgische Ostseeküste
Aull,390,8.001978,50.385738,2.17,Lahntal
Bayerfeld-Steckweiler,389,7.797604,49.67877,8.59,Pfalz
Barweiler,389,6.867479,50.357219,8.52,Ahr
Grenderich,389,7.229186,50.066054,8.51,Hunsrück
Meiersberg,389,13.943018,53.703523,10.16,Vorpommern
Härtlingen,389,7.915105,50.539935,3.2,Westerwald
Schönwalde,389,13.904122,53.543397,21.03,Vorpommern
Högersdorf,389,10.284353,53.920748,4.95,übrig. Schleswig-Holstein
Alt Sührkow,389,12.650883,53.802405,25.52,Mecklenburgische Schweiz und Seenplatte
Oberhaid,389,7.719068,50.508422,1.92,Westerwald
Stubben,388,10.43068,53.732928,5.33,übrig. Schleswig-Holstein
Pegestorf,388,9.49702,51.926812,8.34,Weserbergland
Kospoda,388,11.740052,50.719604,6.13,Thüringer Wald
Krems II,387,10.355628,53.986501,11.25,übrig. Schleswig-Holstein
Oberbrombach,387,7.261138,49.697736,6.57,Naheland
Wiesweiler,387,7.569746,49.639241,3.33,Pfalz
Vollrathsruhe,387,12.487204,53.643157,31.35,Mecklenburgische Schweiz und Seenplatte
Reinsbüttel,387,8.911057,54.179073,6.83,übrig. Schleswig-Holstein
Tegau,387,11.863203,50.648816,7.16,Thüringer Wald
Schönau (Pfalz),387,7.74811,49.059822,16.35,Pfalz
Moßbach,387,11.81962,50.676033,9.73,Thüringer Wald
Marnerdeich,386,8.982956,53.948483,1.31,übrig. Schleswig-Holstein
Bermersheim vor der Höhe,386,8.098662,49.778293,2.87,Rheinhessen
Beilingen,386,6.662445,49.953427,4.31,Eifel
Isselbach,386,7.889672,50.388932,7.19,Lahntal
Reckershausen,385,7.40187,49.982801,8.21,Hunsrück
Hüttblek,385,10.071819,53.83945,2.75,übrig. Schleswig-Holstein
Hausten,385,7.118293,50.398843,3.56,Eifel
Forst (Eifel),385,7.251012,50.217799,3.93,Mosel-Saar
Herold,385,7.934103,50.278017,4.09,Lahntal
Stahlhofen am Wiesensee,385,7.989171,50.587196,2.42,Westerwald
Verchen,384,12.907737,53.850361,11.75,Mecklenburgische Schweiz und Seenplatte
Graitschen b. Bürgel,384,11.721081,50.958231,4.66,Saaleland
Pohnsdorf,383,10.249321,54.239647,24.62,übrig. Schleswig-Holstein
Obernhof,383,7.852927,50.317497,3.86,Lahntal
Obertiefenbach,383,7.889871,50.242763,5.77,Lahntal
Üttfeld,382,6.253655,50.13624,14.94,Eifel
Schülp,382,8.929943,54.241971,9.27,übrig. Schleswig-Holstein
Groß Godems,382,11.795175,53.363785,15.42,Westmecklenburg
Fensdorf,382,7.775951,50.74169,2.17,Westerwald
Horn,381,7.541651,50.046007,6.86,Hunsrück
Wulfsmoor,381,9.724143,53.911925,8.78,übrig. Schleswig-Holstein
Macken,381,7.39764,50.173902,8.61,Mosel-Saar
Lieth,381,9.060773,54.15531,4.66,übrig. Schleswig-Holstein
Goldebek,381,9.145818,54.678836,10.18,übrig. Schleswig-Holstein
Virneburg,381,7.078248,50.342318,5.36,Eifel
Sankt Katharinen,380,7.768735,49.866709,1.7,Naheland
Fitzbek,380,9.768919,54.002409,10.24,übrig. Schleswig-Holstein
Lambertsberg,380,6.389819,50.091009,3.67,Eifel
Norstedt,380,9.129313,54.588429,13.5,übrig. Schleswig-Holstein
Bühnsdorf,380,10.374463,53.886944,4.15,übrig. Schleswig-Holstein
Eßweiler,380,7.565245,49.558454,8.09,Pfalz
Ney,379,7.537156,50.183021,5.6,Hunsrück
Reudelsterz,379,7.155725,50.31704,3.94,Eifel
Kluis,379,13.301843,54.472669,21.5,Rügen/Hiddensee
Perlin,379,11.175076,53.587265,13.46,Mecklenburgische Ostseeküste
Blankenberg,379,11.709013,53.770686,21.41,Westmecklenburg
Nerenstetten,379,10.099582,48.529959,6.09,Schwäbische Alb
Mittenwalde,378,13.662595,53.184579,23.07,Uckermark
Stafstedt,378,9.66287,54.170705,11.83,übrig. Schleswig-Holstein
Luhnstedt,377,9.698753,54.167176,15.34,übrig. Schleswig-Holstein
Eckfeld,377,6.844901,50.109768,12.73,Eifel
Achtelsbach,377,7.090023,49.624529,9.7,Naheland
Großpürschütz,376,11.592181,50.820965,3.92,Saaleland
Manhagen,376,10.913686,54.194999,9.63,übrig. Schleswig-Holstein
Schmidthachenbach,376,7.470974,49.732605,10.05,Naheland
Zehnhausen bei Rennerod,376,8.059359,50.646234,2.96,Westerwald
Schmieritz,376,11.799257,50.721312,11.43,Thüringer Wald
Meura,375,11.209735,50.585129,12.67,Thüringer Wald
Looft,375,9.523319,54.0287,12.43,übrig. Schleswig-Holstein
Hasenkrug,375,9.849584,53.985027,5.2,übrig. Schleswig-Holstein
Rückweiler,375,7.238174,49.580298,2.74,Naheland
Lieg,374,7.346849,50.139517,9.69,Hunsrück
Hohenfelden,374,11.160457,50.878926,8.45,Weimarer Land
Battenberg (Pfalz),374,8.138375,49.532039,5.45,Pfalz
Thürkow,374,12.566884,53.82384,14.73,Mecklenburgische Schweiz und Seenplatte
Fuhlenhagen,374,10.5266,53.572959,5.74,übrig. Schleswig-Holstein
Rutsweiler an der Lauter,374,7.620574,49.565865,4.31,Pfalz
Schloßböckelheim,374,7.744573,49.805891,4.76,Naheland
Alterkülz,373,7.465531,50.031246,7.58,Hunsrück
Winsen,373,10.015364,53.830915,4.08,übrig. Schleswig-Holstein
Leienkaul,373,7.087461,50.219635,3.25,Eifel
Weira,373,11.715537,50.703054,14.88,Thüringer Wald
Lüerdissen,373,9.626461,51.951455,6.94,Weserbergland
Vogelsang-Warsin,373,14.163569,53.723365,63.37,Vorpommern
Poggensee,372,10.579484,53.640102,5.44,übrig. Schleswig-Holstein
Wölmersen,372,7.599816,50.714605,2.63,Westerwald
Gutenacker,371,7.921946,50.319634,3.83,Lahntal
Thumby,371,9.910273,54.585574,27.39,übrig. Schleswig-Holstein
Süderdorf,371,9.343678,54.220732,16.21,übrig. Schleswig-Holstein
Gladbach,370,6.768882,49.936425,3.62,Eifel
Groß Polzin,370,13.592577,53.894115,29.58,Vorpommern
Hohenleimbach,370,7.063639,50.412022,10.17,Ahr
Lemnitz,370,11.833993,50.721584,8.03,Thüringer Wald
Nisterberg,369,7.978139,50.680133,4.54,Westerwald
Urleben,369,10.771215,51.153186,8.18,Welterberegion Wartburg-Hainich
Peenemünde,369,13.770247,54.135851,25.74,Vorpommern
Reimershagen,369,12.177135,53.671619,32.31,Mecklenburgische Schweiz und Seenplatte
Belau,368,10.259724,54.097544,14.89,übrig. Schleswig-Holstein
Schleid,368,6.489339,50.060082,6.24,Eifel
Malbergweich,368,6.554545,50.054922,10.22,Eifel
Bernstorf,368,11.116733,53.828021,17.57,Mecklenburgische Ostseeküste
Priborn,367,12.660879,53.304071,15.41,Mecklenburgische Schweiz und Seenplatte
Nadrensee,367,14.348661,53.332535,20.74,Vorpommern
Geisig,367,7.790852,50.255338,3.91,Lahntal
Kreien,366,12.054081,53.407675,24.89,Westmecklenburg
Tasdorf,366,10.031477,54.09572,5.1,übrig. Schleswig-Holstein
Alt Tellin,366,13.244725,53.845954,24.38,Mecklenburgische Schweiz und Seenplatte
Monstab,366,12.352412,50.992329,5.66,Altenburger Land
Pferdingsleben,366,10.817201,50.970164,6.6,Welterberegion Wartburg-Hainich
Franzenheim,365,6.687549,49.684389,6.45,Hunsrück
Krüzen,365,10.527113,53.401518,8.24,übrig. Schleswig-Holstein
Lengfeld,365,10.653225,50.524477,6.64,Thüringer Wald
Altwigshagen,365,13.835809,53.703845,28.68,Vorpommern
Poyenberg,364,9.691984,54.041555,8.82,übrig. Schleswig-Holstein
Tessin b. Boizenburg,364,10.853129,53.397636,10.25,Westmecklenburg
Holzbunge,364,9.705374,54.377747,5.19,übrig. Schleswig-Holstein
Steinalben,364,7.655635,49.314206,2.53,Pfalz
Lohnweiler,364,7.594648,49.635552,4.94,Pfalz
Schutzbach,364,7.900826,50.75557,1.26,Westerwald
Rieps,364,10.866984,53.772825,12.32,Mecklenburgische Ostseeküste
Arenrath,364,6.741783,49.952722,6.78,Eifel
Gransdorf,364,6.689936,50.016162,7.08,Eifel
Meezen,364,9.709777,54.05163,8.76,übrig. Schleswig-Holstein
Rettersen,363,7.504253,50.706606,3.21,Westerwald
Beierstedt,363,10.858806,52.073819,9.59,Braunschweiger Land
Bickenbach,363,7.526694,50.126047,6.4,Hunsrück
Rukieten,363,12.154996,53.89908,12.3,Mecklenburgische Ostseeküste
Vahlbruch,362,9.341323,51.921521,14.24,Weserbergland
Dörscheid,362,7.759941,50.105396,8.64,Mittelrheintal
Sundhausen,362,10.715298,51.156942,8.1,Welterberegion Wartburg-Hainich
Dickendorf,362,7.851294,50.740007,1.45,Westerwald
Hohen Pritz,362,11.89155,53.628644,23.64,Westmecklenburg
Wallscheid,362,6.88536,50.097066,5.97,Eifel
Dargelin,362,13.354443,54.014802,15.72,Vorpommern
Milow,362,11.540326,53.191363,33.65,Westmecklenburg
Deudesfeld,361,6.732151,50.10252,8.03,Eifel
Netzbach,361,8.092607,50.316328,3.39,Lahntal
Horbruch,361,7.238815,49.889057,5.19,Naheland
Hohen Demzin,361,12.542909,53.720072,24.05,Mecklenburgische Schweiz und Seenplatte
Eichenberg,361,11.529802,50.793832,11.53,Saaleland
Negenharrie,361,10.075273,54.143594,12.44,übrig. Schleswig-Holstein
Tröndel,360,10.525459,54.335207,7.58,übrig. Schleswig-Holstein
Granzin,360,11.943789,53.502834,22.79,Westmecklenburg
Oberroßbach,359,8.038235,50.652664,2.81,Westerwald
Wehnde,359,10.313498,51.481212,9.7,Eichsfeld
Scheidt,359,7.913673,50.338193,2.51,Lahntal
Hohenöllen,358,7.626777,49.621112,5.16,Pfalz
Staven,358,13.403461,53.627037,14.72,Mecklenburgische Schweiz und Seenplatte
Grabau,358,10.519825,53.513609,4.0,übrig. Schleswig-Holstein
Rosenkopf,358,7.434224,49.345351,2.48,Pfalz
Uhler,358,7.432447,50.088176,5.58,Hunsrück
Büsumer Deichhausen,357,8.890088,54.136175,2.87,Nordsee
Wasserthaleben,357,10.892934,51.259046,8.49,Südharz-Kyffhäuser
Geilnau,357,7.926881,50.349537,2.24,Lahntal
Hundsbach,357,7.553439,49.725307,7.48,Naheland
Oberhausen an der Nahe,357,7.757693,49.790896,3.31,Naheland
Kassow,357,12.073504,53.878433,14.42,Mecklenburgische Ostseeküste
Frauenberg,357,7.289966,49.672271,3.85,Naheland
Kirchsahr,357,6.899297,50.522426,6.1,Ahr
Bermel,357,7.085532,50.284258,7.35,Eifel
Geltorf,356,9.612616,54.46324,8.08,übrig. Schleswig-Holstein
Passade,356,10.316786,54.366581,4.32,übrig. Schleswig-Holstein
Ritzerow,356,12.964903,53.660487,22.1,Mecklenburgische Schweiz und Seenplatte
Stebach,354,7.659989,50.511474,2.38,Westerwald
Balderschwang,354,10.103847,47.465751,41.74,Allgäu
Breitingen,354,9.991461,48.517286,2.89,Schwäbische Alb
Alt Zachun,354,11.337504,53.494331,8.43,Westmecklenburg
Kümmernitztal,354,12.1553,53.224187,20.38,Prignitz
Nohen,353,7.243069,49.639314,7.51,Naheland
Warrenzin,353,12.946442,53.903335,29.07,Mecklenburgische Schweiz und Seenplatte
Halbs,353,7.962362,50.590281,2.12,Westerwald
Stolpe auf Usedom,353,13.988986,53.867737,15.01,Vorpommern
Ruppertshofen,353,7.80698,50.20068,4.78,Lahntal
Ottersheim,352,8.108515,49.625677,2.74,Pfalz
Busenhausen,352,7.634124,50.714829,3.02,Westerwald
Nimritz,352,11.651182,50.700391,2.13,Thüringer Wald
Reitzenhain,352,7.783919,50.155136,5.66,Mittelrheintal
Gappenach,352,7.344588,50.272568,3.51,Eifel
Burg (Mosel),351,7.125109,50.007697,3.38,Mosel-Saar
Meerfeld,351,6.754392,50.093359,13.21,Eifel
Dietrichingen,351,7.414455,49.189761,9.39,Pfalz
Hammerstein,351,7.350736,50.477546,7.19,Mittelrheintal
Westgreußen,351,10.916297,51.238938,8.46,Südharz-Kyffhäuser
Mackenrodt,350,7.254605,49.724565,4.88,Naheland
Uphusum,350,8.849901,54.841901,7.06,übrig. Schleswig-Holstein
Westre,350,8.987549,54.856605,19.14,übrig. Schleswig-Holstein
Elbingen,349,7.909828,50.527839,2.29,Westerwald
Miellen,348,7.667234,50.326445,2.06,Lahntal
Pohl,348,7.866009,50.250346,4.23,Lahntal
Mehmels,348,10.334252,50.633385,6.45,Thüringer Rhön
Arlewatt,348,9.083426,54.539223,5.57,übrig. Schleswig-Holstein
Dalldorf,348,10.610487,53.435521,6.05,übrig. Schleswig-Holstein
Kühsen,348,10.615824,53.682661,7.28,übrig. Schleswig-Holstein
Sirksfelde,348,10.509773,53.66533,8.62,übrig. Schleswig-Holstein
Argenschwang,348,7.699568,49.881134,4.25,Naheland
Meckenbach,348,7.507337,49.777331,6.97,Naheland
Kleßen-Görne,348,12.493926,52.740603,42.18,Havelland
Brohl,347,7.278237,50.22055,5.89,Mosel-Saar
Breitenthal,347,7.335186,49.800795,3.68,Naheland
Siesbach,347,7.237291,49.731144,7.44,Naheland
Reich,347,7.433183,50.001522,4.76,Hunsrück
Wirscheid,347,7.668631,50.477128,2.68,Westerwald
Schönfeld,347,12.95714,53.852495,16.21,Mecklenburgische Schweiz und Seenplatte
Mannebach,347,6.508713,49.634217,6.05,Mosel-Saar
Brammer,347,9.765228,54.200192,13.66,übrig. Schleswig-Holstein
Süderhackstedt,346,9.289498,54.592309,10.15,übrig. Schleswig-Holstein
Bibow,346,11.643285,53.784795,23.21,Mecklenburgische Ostseeküste
Boos,346,7.716478,49.79297,1.11,Naheland
Erlenbach bei Dahn,346,7.86055,49.112493,12.99,Pfalz
Pleitersheim,345,7.953026,49.836416,2.32,Naheland
Ruppertsecken,345,7.881015,49.645819,9.43,Pfalz
Briedern,345,7.208648,50.110353,3.56,Mosel-Saar
Naurath (Eifel),344,6.748959,49.881865,5.18,Mosel-Saar
Kaltenborn,344,7.016961,50.405834,21.83,Ahr
Woltersdorf,344,10.640176,53.576862,7.9,übrig. Schleswig-Holstein
Frestedt,344,9.176133,54.023523,10.33,übrig. Schleswig-Holstein
Schmiedehausen,344,11.662581,51.068321,10.38,Weimarer Land
Grapzow,343,13.292323,53.713538,15.04,Mecklenburgische Schweiz und Seenplatte
Ormont,343,6.442819,50.327255,12.44,Eifel
Tramm,343,10.614693,53.56324,6.74,übrig. Schleswig-Holstein
Treplin,343,14.395128,52.397056,11.35,Seenland Oder-Spree
Seefeld,343,9.492849,54.101581,6.77,übrig. Schleswig-Holstein
Elben,342,7.834109,50.749879,2.38,Westerwald
Schweisweiler,342,7.822944,49.588421,4.86,Pfalz
Dahnen,342,6.143534,50.071943,17.21,Eifel
Schwarz,341,12.785804,53.225157,26.42,Mecklenburgische Schweiz und Seenplatte
Klein Rheide,341,9.476383,54.449512,12.82,übrig. Schleswig-Holstein
Föckelberg,340,7.489905,49.523816,3.97,Pfalz
Neddemin,340,13.279592,53.651013,12.53,Mecklenburgische Schweiz und Seenplatte
Hohenfels-Essingen,340,6.733818,50.249784,5.02,Eifel
Kettenhausen,340,7.628467,50.707891,1.68,Westerwald
Heinrichswalde,339,13.777084,53.613514,14.32,Vorpommern
Körborn,339,7.369655,49.563144,5.86,Pfalz
Dienstweiler,339,7.184673,49.63632,6.71,Naheland
Ettinghausen,339,7.87269,50.516357,2.38,Westerwald
Lütjenholm,339,9.021561,54.684136,10.71,übrig. Schleswig-Holstein
Niederotterbach,339,8.045067,49.060803,3.58,Pfalz
Lützkampen,338,6.186251,50.146912,11.0,Eifel
Wierschem,338,7.35124,50.225822,8.34,Eifel
Lehnstedt,338,11.43721,50.940046,6.49,Weimarer Land
Gneven,338,11.566038,53.636352,10.41,Westmecklenburg
Rantzau,337,10.507361,54.253869,16.91,übrig. Schleswig-Holstein
Volsemenhusen,337,9.065625,53.967901,16.78,übrig. Schleswig-Holstein
Ibach,337,8.067051,47.743143,21.38,Südlicher Schwarzwald
Grevenkop,337,9.532891,53.842102,9.64,übrig. Schleswig-Holstein
Zimmernsupra,337,10.867391,50.990189,7.45,Welterberegion Wartburg-Hainich
Stoltenberg,337,10.346508,54.344759,7.78,übrig. Schleswig-Holstein
Boitze,336,10.748691,53.148663,25.46,Lüneburger Heide
Eisenschmitt,336,6.720893,50.043282,10.81,Eifel
Oberpierscheid,336,6.372554,50.065127,10.51,Eifel
Höchstberg,336,7.005109,50.242769,4.85,Eifel
Schierensee,336,9.983332,54.256838,9.18,übrig. Schleswig-Holstein
Goldisthal,336,11.003935,50.518655,19.69,Thüringer Wald
Zirzow,336,13.194674,53.582274,9.32,Mecklenburgische Schweiz und Seenplatte
Ockholm,335,8.827553,54.665128,18.64,Nordsee
Keidelheim,335,7.499289,49.992528,2.72,Hunsrück
Rosdorf,335,9.723729,53.97689,5.61,übrig. Schleswig-Holstein
Stolpe,335,11.735379,53.358156,20.6,Westmecklenburg
Niederkumbd,335,7.535604,50.01374,2.27,Hunsrück
Hauroth,335,7.102164,50.25112,3.94,Eifel
Neuerkirch,334,7.491697,50.014427,5.28,Hunsrück
Neritz,334,10.29061,53.787753,4.66,übrig. Schleswig-Holstein
Sarnow,334,13.626423,53.751571,23.32,Vorpommern
Bruschied,334,7.407033,49.835446,2.68,Naheland
Allendorf,334,11.158647,50.655688,8.78,Thüringer Wald
Tappendorf,333,9.693517,54.104212,6.69,übrig. Schleswig-Holstein
Mustin,333,11.973846,53.696025,26.19,Westmecklenburg
Patersberg,333,7.733582,50.156811,2.65,Mittelrheintal
"Rathen, Kurort",332,14.081902,50.958174,3.56,Sächsische Schweiz
Odderade,332,9.190795,54.139384,11.27,übrig. Schleswig-Holstein
Bettendorf,332,7.869656,50.233054,3.24,Lahntal
Himmighofen,332,7.765383,50.212893,5.03,Lahntal
Giesenhausen,332,7.718675,50.701819,4.87,Westerwald
Reipoltskirchen,332,7.66179,49.634727,7.49,Pfalz
Finkenthal,332,12.779332,53.939614,20.25,Mecklenburgische Schweiz und Seenplatte
Kesten,332,6.955777,49.900891,3.8,Mosel-Saar
Ravengiersburg,331,7.475121,49.93527,6.16,Hunsrück
Altstrimmig,330,7.292913,50.092718,8.9,Hunsrück
Callbach,330,7.699882,49.704325,5.38,Naheland
Oberkirn,330,7.372074,49.884966,5.45,Naheland
Schönenberg,330,7.880934,47.793602,7.43,Südlicher Schwarzwald
Luxem,329,7.108456,50.317877,4.93,Eifel
Biebrich,329,7.954252,50.303093,3.45,Lahntal
Bermersheim,329,8.223253,49.681724,2.32,Rheinhessen
Ellweiler,329,7.144398,49.615204,7.45,Naheland
Hundhaupten,329,11.988469,50.829431,7.89,Thüringer Vogtland
Hüttingen an der Kyll,329,6.588167,49.968369,2.94,Eifel
Schwall,328,7.552494,50.144913,1.78,Hunsrück
Morshausen,328,7.441884,50.192212,7.55,Hunsrück
Kneese,328,10.983183,53.661817,15.86,Mecklenburgische Ostseeküste
Niederalben,327,7.467407,49.606426,8.85,Pfalz
Kaiser-Wilhelm-Koog,327,8.926364,53.942933,13.05,Nordsee
Peterslahr,327,7.480643,50.612771,2.32,Westerwald
Schönhorst,327,10.104166,54.225471,3.55,übrig. Schleswig-Holstein
Ruttersdorf-Lotschen,327,11.747559,50.884328,8.46,Saaleland
Arholzen,327,9.569322,51.866505,5.36,Weserbergland
Frankelbach,327,7.633563,49.534422,5.29,Pfalz
Daberkow,326,13.301261,53.838959,15.38,Mecklenburgische Schweiz und Seenplatte
Weitendorf,326,11.750473,53.718011,42.21,Westmecklenburg
Kleinfischlingen,326,8.185484,49.262905,2.53,Pfalz
Belrieth,325,10.495864,50.527206,9.93,Thüringer Rhön
Desloch,325,7.627841,49.718832,6.35,Naheland
Breit,325,6.906239,49.776095,4.0,Hunsrück
Henschtal,325,7.408479,49.464774,3.46,Pfalz
Steenfeld,324,9.379822,54.142655,11.61,übrig. Schleswig-Holstein
Busenwurth,324,9.041298,54.041407,10.09,Nordsee
Klocksin,324,12.541194,53.637074,23.82,Mecklenburgische Schweiz und Seenplatte
Mörschbach,324,7.62342,50.011298,5.82,Hunsrück
Scheggerott,324,9.821155,54.667579,6.32,übrig. Schleswig-Holstein
Deesbach,324,11.146938,50.56901,6.14,Thüringer Wald
Hintertiefenbach,324,7.356002,49.739617,4.69,Naheland
Köthel,324,10.507479,53.609479,3.85,übrig. Schleswig-Holstein
Hömberg,324,7.783447,50.335322,4.85,Lahntal
Alt Bennebek,323,9.43094,54.377593,14.09,übrig. Schleswig-Holstein
Wolmersdorf,323,9.103978,54.077114,6.11,übrig. Schleswig-Holstein
Endschütz,323,12.135433,50.786694,5.3,Thüringer Vogtland
Salm,322,6.690979,50.152462,9.07,Eifel
Ohlweiler,322,7.496395,49.966605,3.91,Hunsrück
Sönnebüll,322,8.995888,54.63119,4.29,übrig. Schleswig-Holstein
Wasenbach,321,7.967382,50.318315,2.4,Lahntal
Marienfels,321,7.813694,50.240426,3.84,Lahntal
Hilst,321,7.529388,49.124989,3.37,Pfalz
Kronweiler,321,7.262151,49.660754,3.51,Naheland
Kleineutersdorf,321,11.576348,50.787359,5.52,Saaleland
Kettenheim,321,8.114743,49.721185,3.47,Rheinhessen
Großbundenbach,320,7.422611,49.306547,6.9,Pfalz
Wapelfeld,320,9.604521,54.082907,8.11,übrig. Schleswig-Holstein
Ritschenhausen,320,10.433219,50.509165,7.47,Thüringer Rhön
Bröthen,320,10.667034,53.480281,10.69,übrig. Schleswig-Holstein
Wüschheim,320,7.421441,50.011915,3.9,Hunsrück
Sankt Annen,320,9.07975,54.345413,14.89,übrig. Schleswig-Holstein
Hollingstedt,320,9.226797,54.290548,9.74,übrig. Schleswig-Holstein
Rinzenberg,319,7.132619,49.676063,11.36,Naheland
Oberstadt,318,10.596859,50.555193,13.4,Thüringer Wald
Reichstädt,318,12.234463,50.917408,5.06,Thüringer Vogtland
Allmannsweiler,317,9.593584,48.028386,4.1,Oberschwaben-Allgäu
Marth,317,10.003909,51.38313,4.88,Eichsfeld
Waldmühlen,317,8.061458,50.587006,3.1,Westerwald
Perscheid,317,7.699443,50.071263,18.51,Mittelrheintal
Hasselbach,317,7.528677,50.712481,5.76,Westerwald
Eineborn,316,11.857174,50.830753,7.83,Saaleland
Balow,315,11.717229,53.262969,12.83,Westmecklenburg
Winseldorf,315,9.604867,53.943527,5.62,übrig. Schleswig-Holstein
Borgsum,315,8.460009,54.699989,5.51,Nordsee
Walshausen,315,7.476184,49.210179,4.63,Pfalz
Bülow,315,11.769151,53.59059,23.85,Westmecklenburg
Strüth,315,7.88869,50.137751,4.66,Lahntal
Plütscheid,315,6.427482,50.087925,12.69,Eifel
Warnkenhagen,315,12.453578,53.840613,19.61,Mecklenburgische Schweiz und Seenplatte
Retterath,313,7.016182,50.271579,5.49,Eifel
Selchenbach,313,7.292403,49.493705,4.8,Pfalz
Werder,313,12.00816,53.500246,18.17,Westmecklenburg
Biebern,313,7.444808,49.993064,4.1,Hunsrück
Kuhs,313,12.232175,53.859139,13.75,Mecklenburgische Schweiz und Seenplatte
Wiegendorf,313,11.4361,50.984929,4.04,Weimarer Land
Breitenberg,312,9.634796,53.924364,2.9,übrig. Schleswig-Holstein
Saalstadt,312,7.547655,49.323801,5.29,Pfalz
Altenhof,312,9.875234,54.434745,12.13,Ostsee
Pleizenhausen,312,7.568911,50.014952,4.04,Hunsrück
Gindorf,312,6.646126,50.01159,6.57,Eifel
Jonaswalde,312,12.286209,50.838866,6.63,Altenburger Land
Arpsdorf,312,9.858885,54.039492,12.1,übrig. Schleswig-Holstein
Lübs,311,13.88174,53.726126,30.21,Vorpommern
Oberehe-Stroheich,311,6.770381,50.280611,10.32,Eifel
Lichtenborn,311,6.291222,50.109081,11.45,Eifel
Harmsdorf,311,10.725868,53.700407,3.57,übrig. Schleswig-Holstein
Heidmoor,311,9.819023,53.864473,18.24,übrig. Schleswig-Holstein
Weltersburg,311,7.957829,50.523262,2.66,Westerwald
Strohkirchen,310,11.310293,53.394359,14.76,Westmecklenburg
Grünow,310,13.312545,53.344108,23.21,Mecklenburgische Schweiz und Seenplatte
Briggow,310,12.986438,53.620765,14.38,Mecklenburgische Schweiz und Seenplatte
Hirz-Maulsbach,310,7.476652,50.683376,6.15,Westerwald
Erbach,310,7.681815,50.026216,1.97,Hunsrück
Freienorla,310,11.543018,50.769652,6.84,Saaleland
Horhausen,309,7.892393,50.361472,5.46,Lahntal
Frettenheim,309,8.243184,49.760106,2.74,Rheinhessen
Nister-Möhrendorf,309,8.076546,50.657462,2.97,Westerwald
Niederhambach,309,7.214542,49.679662,9.77,Naheland
Nauendorf,309,11.179058,50.89344,2.37,Weimarer Land
Fohren-Linden,308,7.291177,49.587254,6.6,Naheland
Prath,308,7.685574,50.195734,4.33,Mittelrheintal
Priepert,308,13.036122,53.219063,22.58,Mecklenburgische Schweiz und Seenplatte
Gotthun,308,12.589858,53.415402,10.02,Mecklenburgische Schweiz und Seenplatte
Bergholz,307,14.168876,53.442023,21.76,Vorpommern
Hoffeld,307,6.820991,50.371144,5.15,Ahr
Weißendorf,307,12.001177,50.674873,3.63,Thüringer Vogtland
Borstorf,306,10.564234,53.613074,8.64,übrig. Schleswig-Holstein
Tellig,306,7.252778,50.025057,1.21,Hunsrück
Feuerscheid,306,6.453788,50.102935,5.92,Eifel
Lüchow,306,10.529518,53.690744,4.61,übrig. Schleswig-Holstein
Altenhagen,305,13.104795,53.761062,11.08,Mecklenburgische Schweiz und Seenplatte
Görkwitz,305,11.783904,50.587966,5.85,Thüringer Wald
"Garding, Kirchspiel",305,8.78356,54.317383,14.89,Nordsee
Krümmel,304,7.722348,50.535279,2.21,Westerwald
Wembach,304,7.888029,47.772937,1.8,Südlicher Schwarzwald
Hollnich,304,7.487869,50.072848,2.27,Hunsrück
Brandscheid,304,6.30926,50.221349,16.26,Eifel
Manubach,304,7.758398,50.030873,7.67,Mittelrheintal
Aschbach,304,7.575961,49.600926,4.45,Pfalz
Henfstädt,304,10.589037,50.515389,8.13,Thüringer Wald
Rappin,304,13.385488,54.508575,28.71,Rügen/Hiddensee
Osterby,303,9.21072,54.797445,12.35,übrig. Schleswig-Holstein
Lutterbek,303,10.276816,54.391952,3.23,übrig. Schleswig-Holstein
Pickließem,303,6.648089,49.987799,5.77,Eifel
Schüller,303,6.572609,50.335384,4.36,Eifel
Sophienhamm,302,9.461024,54.270234,5.92,übrig. Schleswig-Holstein
Vollmershain,301,12.288435,50.852783,5.06,Altenburger Land
Züsow,301,11.6745,53.922922,19.52,Mecklenburgische Ostseeküste
Altenhof,301,12.357289,53.355473,16.66,Mecklenburgische Schweiz und Seenplatte
Reußenköge,300,8.883096,54.620428,45.91,Nordsee
Göllnitz,300,12.319799,50.947653,5.08,Altenburger Land
Helmstorf,299,10.593478,54.286644,12.73,übrig. Schleswig-Holstein
Alkersleben,299,11.04076,50.848169,7.09,Thüringer Wald
Kleinmölsen,299,11.12754,51.026059,4.33,Welterberegion Wartburg-Hainich
Mesenich,298,7.197826,50.097583,2.98,Mosel-Saar
Hilgenroth,298,7.650016,50.736535,2.97,Westerwald
Albersdorf,298,11.773904,50.902843,2.82,Saaleland
Bargischow,298,13.755535,53.832798,21.78,Vorpommern
Millienhagen-Oebelitz,298,12.820081,54.206478,25.56,Vorpommern
Tielen,298,9.334919,54.285643,13.34,übrig. Schleswig-Holstein
Damnatz,298,11.175827,53.136244,16.55,Lüneburger Heide
Seffern,297,6.502874,50.064387,4.92,Eifel
Melz,297,12.617186,53.301012,18.04,Mecklenburgische Schweiz und Seenplatte
Tröchtelborn,297,10.816951,50.992543,5.68,Welterberegion Wartburg-Hainich
Silz,296,12.440245,53.519356,10.69,Mecklenburgische Schweiz und Seenplatte
Heddert,296,6.763447,49.643008,4.9,Hunsrück
Gehrweiler,296,7.771429,49.576351,4.09,Pfalz
Trimport,296,6.577073,49.909694,2.2,Eifel
Eisighofen,296,8.018083,50.239704,5.43,Lahntal
Sollwitt,296,9.228482,54.594606,10.95,übrig. Schleswig-Holstein
Brunow,296,11.811652,53.262445,21.42,Westmecklenburg
Jardelund,296,9.201196,54.82508,16.63,übrig. Schleswig-Holstein
Hintersee,295,14.261641,53.627649,44.6,Vorpommern
Köthel,295,10.510002,53.606936,1.52,übrig. Schleswig-Holstein
Warringholz,295,9.462802,54.078701,6.3,übrig. Schleswig-Holstein
Siebeneichen,295,10.618693,53.510828,4.68,übrig. Schleswig-Holstein
Kittlitz,295,10.918244,53.664141,17.73,übrig. Schleswig-Holstein
Hinzweiler,295,7.548683,49.591813,5.32,Pfalz
Sprakebüll,295,9.077168,54.775904,11.37,übrig. Schleswig-Holstein
Rettershain,295,7.830439,50.145292,4.81,Lahntal
Wirschweiler,295,7.172077,49.762725,10.2,Naheland
Postlow,295,13.575748,53.835186,14.75,Vorpommern
Nehmten,294,10.393262,54.094848,22.03,Holsteinische Schweiz
Föhrden-Barl,294,9.787122,53.927492,9.23,übrig. Schleswig-Holstein
Lochum,294,7.859443,50.609356,4.65,Westerwald
Niederhosenbach,294,7.364205,49.794357,7.43,Naheland
Liesenich,293,7.264513,50.087126,8.76,Hunsrück
Ritzerau,293,10.567545,53.663003,11.11,übrig. Schleswig-Holstein
Wilzenberg-Hußweiler,293,7.218546,49.705362,6.46,Naheland
Rechtenstein,293,9.544232,48.241602,3.78,Schwäbische Alb
Oersberg,293,9.842046,54.674619,7.09,übrig. Schleswig-Holstein
Lausnitz b. Neustadt an der Orla,293,11.69059,50.728861,8.55,Thüringer Wald
Hüblingen,293,8.086647,50.565789,4.5,Westerwald
Sulzbach,293,7.336551,49.834086,6.68,Naheland
Ellenhausen,292,7.724221,50.515578,1.9,Westerwald
Rutsweiler am Glan,291,7.456141,49.529294,1.59,Pfalz
Oberbösa,291,11.016094,51.288583,11.98,Südharz-Kyffhäuser
Altweidelbach,291,7.567389,49.994498,4.1,Hunsrück
Schürdt,291,7.554236,50.665478,2.01,Westerwald
Plöwen,291,14.265153,53.464654,15.2,Vorpommern
Kail,291,7.243385,50.183944,6.16,Mosel-Saar
Pfaffschwende,291,10.09692,51.248584,4.02,Eichsfeld
Lasel,291,6.467428,50.112681,4.51,Eifel
Mauschbach,290,7.393082,49.185714,4.45,Pfalz
Kirschroth,290,7.57209,49.76194,7.64,Naheland
Wahlhausen,290,9.977248,51.294906,7.22,Eichsfeld
Münchwald,290,7.67514,49.89729,1.46,Naheland
Gnevkow,290,13.168446,53.789515,17.17,Mecklenburgische Schweiz und Seenplatte
Ellscheid,290,6.915032,50.150076,5.21,Eifel
Seekirch,289,9.641357,48.106288,5.76,Oberschwaben-Allgäu
Berghausen,289,8.00614,50.258747,4.38,Lahntal
Dammfleth,289,9.372778,53.908818,16.1,übrig. Schleswig-Holstein
Dünfus,289,7.23245,50.219514,3.25,Mosel-Saar
Marolterode,289,10.679916,51.230695,6.34,Welterberegion Wartburg-Hainich
Sellerich,288,6.365602,50.227885,17.47,Eifel
Hinzert-Pölert,288,6.909359,49.699721,4.85,Hunsrück
Datzeroth,288,7.42879,50.506434,8.01,Westerwald
Uelvesbüll,288,8.935322,54.415443,10.23,Nordsee
Freienhagen,288,10.054487,51.413928,4.11,Eichsfeld
Schöps,287,11.598357,50.834623,4.35,Saaleland
Hoppstädten,287,7.535879,49.692111,6.23,Pfalz
Rabenholz,287,9.902241,54.722168,5.8,übrig. Schleswig-Holstein
Fiersbach,286,7.496789,50.695877,3.03,Westerwald
Schweix,286,7.513161,49.126556,3.73,Pfalz
Anschau,286,7.091844,50.299019,5.15,Eifel
Schmalstede,286,10.030205,54.19323,4.81,übrig. Schleswig-Holstein
Limbach,286,7.54271,49.741531,9.18,Naheland
Bresegard bei Picher,285,11.298714,53.351837,16.58,Westmecklenburg
Roth,285,7.800693,49.943588,0.82,Naheland
Oberstreit,285,7.696035,49.79649,1.01,Naheland
Enspel,285,7.88465,50.617023,1.46,Westerwald
Hirschfeld (Hunsrück),285,7.241851,49.897172,5.09,Hunsrück
Bleckhausen,285,6.776773,50.126199,6.32,Eifel
Ballstedt,285,11.210999,51.051754,3.36,Weimarer Land
Mönchpfiffel-Nikolausrieth,284,11.372684,51.378693,9.21,Südharz-Kyffhäuser
Heimborn,284,7.755328,50.708997,3.75,Westerwald
Greimerath,284,6.909056,50.04064,3.76,Eifel
Petersberg,284,11.834703,50.98584,8.37,Saaleland
Schönborn,283,7.474033,49.957206,3.9,Hunsrück
Hausen am Bussen,283,9.624615,48.211503,3.52,Schwäbische Alb
Martinstein,283,7.540679,49.804839,0.39,Naheland
Rothemühl,283,13.821924,53.594758,30.75,Vorpommern
Dreifelden,283,7.835422,50.591401,5.1,Westerwald
Beinerstadt,283,10.596773,50.472586,6.71,Thüringer Wald
Trebra,283,10.976134,51.283107,7.94,Südharz-Kyffhäuser
Holzkirch,283,9.99421,48.531479,8.14,Schwäbische Alb
Ecklak,282,9.262447,53.953148,15.6,übrig. Schleswig-Holstein
Schiesheim,282,8.053627,50.275884,1.43,Lahntal
Kommen,282,7.129017,49.879352,2.82,Hunsrück
Hockweiler,282,6.69231,49.703335,2.08,Hunsrück
Hemmelzen,282,7.580795,50.692642,2.83,Westerwald
Demerath,282,6.941585,50.173678,10.51,Eifel
Oberöfflingen,282,6.867152,50.06541,7.44,Eifel
Herschbroich,282,6.968847,50.365659,7.27,Ahr
Udler,282,6.876841,50.137865,6.3,Eifel
Groß Schwiesow,281,12.0958,53.845417,12.65,Mecklenburgische Schweiz und Seenplatte
Seelbach (Westerwald),281,7.566659,50.641721,2.99,Westerwald
Dennweiler-Frohnbach,281,7.383572,49.576336,6.11,Pfalz
Schmatzin,281,13.551272,53.924291,17.7,Vorpommern
Peissen,280,9.608692,54.024416,10.17,übrig. Schleswig-Holstein
Hattstedtermarsch,280,8.964562,54.554793,35.29,Nordsee
Willingen,280,8.087468,50.667278,3.68,Westerwald
Löptin,280,10.215744,54.175217,9.07,übrig. Schleswig-Holstein
Unterwaldhausen,279,9.469885,47.902083,4.11,Oberschwaben-Allgäu
Schwissel,279,10.293461,53.895421,4.44,übrig. Schleswig-Holstein
Gössitz,279,11.586883,50.621276,12.84,Thüringer Wald
Zettingen,279,7.197348,50.228666,3.7,Eifel
Grinau,278,10.549505,53.775447,2.74,übrig. Schleswig-Holstein
Böhnhusen,277,10.068211,54.221123,5.29,übrig. Schleswig-Holstein
Lütz,277,7.359321,50.159727,5.48,Hunsrück
Bosbüll,277,8.860437,54.822786,6.33,übrig. Schleswig-Holstein
Klosterkumbd,276,7.536823,50.027296,7.33,Hunsrück
Tautenburg,276,11.71561,50.991598,12.75,Saaleland
Wintersheim,276,8.282011,49.77782,3.83,Rheinhessen
Oberhambach,275,7.156184,49.686167,5.1,Naheland
Niederschlettenbach,275,7.845011,49.085916,7.64,Pfalz
Eisendorf,275,9.869129,54.193403,5.5,übrig. Schleswig-Holstein
Deuselbach,275,7.050884,49.753106,4.02,Hunsrück
Duppach,274,6.565354,50.260079,10.28,Eifel
Kriesow,274,13.050701,53.733707,19.75,Mecklenburgische Schweiz und Seenplatte
Rauda,274,11.941581,50.95263,3.07,Saaleland
Muchow,274,11.689672,53.313488,19.39,Westmecklenburg
Dambeck,274,11.769276,53.242388,17.38,Westmecklenburg
Bibra,273,11.545147,50.804571,4.37,Saaleland
Oppershausen,273,10.447798,51.13978,8.61,Welterberegion Wartburg-Hainich
Lanze,273,10.604387,53.386341,9.04,übrig. Schleswig-Holstein
Finkenbach-Gersweiler,273,7.745964,49.683359,7.73,Pfalz
Kittendorf,273,12.903021,53.623358,21.17,Mecklenburgische Schweiz und Seenplatte
Lipporn,273,7.863402,50.139574,4.79,Lahntal
Hungenroth,273,7.60096,50.143568,5.94,Hunsrück
Beldorf,272,9.352138,54.133279,11.96,übrig. Schleswig-Holstein
Minden,272,6.468719,49.82404,3.72,Eifel
Fedderingen,272,9.132642,54.281144,9.69,übrig. Schleswig-Holstein
Neuenkirchen,272,13.330814,54.54362,22.94,Rügen/Hiddensee
Gierschnach,272,7.348592,50.262907,3.27,Eifel
Stolpe an der Peene,272,13.560041,53.873063,17.67,Vorpommern
Mittelpöllnitz,271,11.90968,50.754807,5.01,Thüringer Wald
Groß Kordshagen,271,12.840146,54.331634,16.45,Vorpommern
Friedelshausen,271,10.237248,50.657922,6.9,Thüringer Rhön
Kundert,271,7.790701,50.716421,3.13,Westerwald
Niederweis,271,6.465439,49.871018,7.55,Eifel
Hummelfeld,270,9.718396,54.461884,7.97,übrig. Schleswig-Holstein
Langwieden,270,7.500691,49.374616,7.02,Pfalz
Zilshausen,270,7.383121,50.113271,6.63,Hunsrück
Fahrenwalde,270,14.066343,53.439371,26.11,Vorpommern
Sankt Alban,270,7.86278,49.683295,5.46,Pfalz
Horst,269,10.77065,53.638591,12.05,übrig. Schleswig-Holstein
Golchen,269,13.278779,53.791143,23.64,Mecklenburgische Schweiz und Seenplatte
Miesitz,269,11.832631,50.739764,4.45,Thüringer Wald
Oberweiler-Tiefenbach,268,7.613261,49.603527,3.21,Pfalz
Loit,268,9.699559,54.611322,6.69,übrig. Schleswig-Holstein
Holzsußra,268,10.692642,51.293006,9.93,Südharz-Kyffhäuser
Berschweiler bei Kirn,268,7.39183,49.770948,7.55,Naheland
Gnewitz,268,12.513091,54.077747,10.09,Mecklenburgische Ostseeküste
Bruchstedt,268,10.786972,51.183733,6.8,Welterberegion Wartburg-Hainich
Crimla,268,12.04599,50.803337,1.44,Thüringer Vogtland
Rittersdorf,268,11.236271,50.819245,8.78,Weimarer Land
Ginsweiler,267,7.647781,49.652768,3.99,Pfalz
Weiler,267,7.075997,50.14013,7.33,Eifel
Oldenbüttel,266,9.452474,54.168952,7.97,übrig. Schleswig-Holstein
Dalkendorf,266,12.501499,53.813826,15.34,Mecklenburgische Schweiz und Seenplatte
Niederscheidweiler,266,6.945503,50.063202,7.83,Eifel
Schlemmin,266,12.682921,54.222447,21.78,Vorpommern
Klein Barkau,266,10.135269,54.222719,4.19,übrig. Schleswig-Holstein
Niederbachheim,265,7.763971,50.248127,2.93,Lahntal
Grauel,265,9.674147,54.070198,5.74,übrig. Schleswig-Holstein
Bremberg,265,7.921078,50.305995,6.07,Lahntal
Laurenburg,265,7.910917,50.330506,2.16,Lahntal
Kammerforst,265,7.676389,50.462408,1.33,Westerwald
Baldringen,264,6.683988,49.612664,1.76,Hunsrück
Sulza,264,11.618601,50.867253,3.97,Saaleland
Panzweiler,264,7.305566,50.020235,3.85,Hunsrück
Löhma,264,11.851807,50.611786,10.46,Thüringer Wald
Großeutersdorf,263,11.564449,50.789713,3.44,Saaleland
Wiesemscheid,263,6.891624,50.336403,5.6,Ahr
Schöndorf,263,11.696336,50.616758,10.11,Thüringer Wald
Etzleben,262,11.175971,51.262443,6.15,Südharz-Kyffhäuser
Bobeck,262,11.792353,50.903186,7.04,Saaleland
Huje,262,9.435612,53.976997,5.54,übrig. Schleswig-Holstein
Schieren,262,10.390998,53.944727,6.36,übrig. Schleswig-Holstein
Mechelroda,262,11.378135,50.911389,4.36,Weimarer Land
Sommersdorf,261,12.891696,53.793658,8.74,Mecklenburgische Schweiz und Seenplatte
Gondorf,261,6.618289,49.96949,3.76,Eifel
Lederhose,261,11.922377,50.80049,4.85,Thüringer Vogtland
Hilscheid,261,7.00483,49.731524,17.98,Hunsrück
Borxleben,261,11.228178,51.396425,5.35,Südharz-Kyffhäuser
Bobzin,261,11.146894,53.478907,6.09,Westmecklenburg
Mehna,260,12.316809,50.966929,4.7,Altenburger Land
Sörth,260,7.685127,50.698413,1.99,Westerwald
Sefferweich,260,6.520919,50.058872,10.7,Eifel
Astert,260,7.779931,50.691957,2.39,Westerwald
Dörnick,259,10.360375,54.163392,4.3,Holsteinische Schweiz
Nimshuscheid,259,6.488267,50.100277,5.05,Eifel
Röckwitz,259,13.09941,53.708118,14.9,Mecklenburgische Schweiz und Seenplatte
Ditscheid,259,7.065537,50.29474,4.48,Eifel
Maroth,259,7.68755,50.575999,3.43,Westerwald
Wiersdorf,259,6.453712,50.007805,4.06,Eifel
Bobenthal,259,7.856817,49.063515,21.27,Pfalz
Großbarkau,258,10.169008,54.225363,2.93,übrig. Schleswig-Holstein
Roth,258,7.455648,50.086734,3.88,Hunsrück
Grove,258,10.492067,53.528123,5.28,übrig. Schleswig-Holstein
Garz,258,14.170027,53.882149,10.12,Vorpommern
Mörel,258,9.728528,54.113809,8.69,übrig. Schleswig-Holstein
Schnorbach,258,7.611385,49.990977,3.42,Hunsrück
Nutteln,257,9.388823,53.990288,6.97,übrig. Schleswig-Holstein
Neundorf (bei Schleiz),257,11.76822,50.600207,7.97,Thüringer Wald
Nerdlen,257,6.859639,50.235554,4.45,Eifel
Münk,257,7.040806,50.30676,5.13,Eifel
Kronsgaard,257,9.965003,54.732024,5.92,Ostsee
Ober Kostenz,256,7.351403,49.956356,5.84,Hunsrück
Mühlenbarbek,256,9.668168,53.958662,8.66,übrig. Schleswig-Holstein
Kellenbach,256,7.491678,49.844683,8.31,Naheland
Lautert,256,7.840967,50.168072,3.56,Lahntal
Rockeskyll,255,6.695132,50.255407,5.88,Eifel
Dahlem,255,6.593576,49.914785,4.27,Eifel
Marzhausen,255,7.755205,50.688672,3.04,Westerwald
Hattgenstein,255,7.159844,49.697297,8.23,Naheland
Oberndorf,255,7.809978,49.710168,2.8,Pfalz
Wawern,255,6.487685,50.115214,7.66,Eifel
Kloster Veßra,255,10.643076,50.492027,19.78,Thüringer Wald
Neuheilenbach,254,6.560827,50.113237,0.97,Eifel
Ratzert,254,7.610281,50.641129,2.79,Westerwald
Offenbüttel,254,9.357994,54.169186,13.95,übrig. Schleswig-Holstein
Christiansholm,254,9.405402,54.320498,8.42,übrig. Schleswig-Holstein
Gillenbeuren,254,7.018704,50.155144,4.7,Eifel
Heinzenhausen,254,7.606073,49.628652,2.21,Pfalz
Hochscheid,254,7.217797,49.874917,15.4,Hunsrück
Berg,254,7.814358,50.253667,3.32,Lahntal
Pöschendorf,253,9.490449,54.038795,5.92,übrig. Schleswig-Holstein
Hirten,253,7.113625,50.32619,2.51,Eifel
Schmeheim,252,10.58158,50.572759,4.73,Thüringer Wald
Plothen,252,11.770125,50.639134,8.25,Thüringer Wald
Orlenbach,252,6.382758,50.15806,6.2,Eifel
Lammershagen,251,10.443923,54.274509,26.04,übrig. Schleswig-Holstein
"Arnis, Stadt",251,9.932332,54.630563,0.45,übrig. Schleswig-Holstein
Heupelzen,251,7.620546,50.723875,2.58,Westerwald
Niederstaufenbach,251,7.518056,49.528398,2.02,Pfalz
Strukdorf,250,10.486,53.919829,7.3,übrig. Schleswig-Holstein
Bothkamp,250,10.134422,54.203356,13.88,übrig. Schleswig-Holstein
Jakobsweiler,249,7.95719,49.612314,2.41,Pfalz
Quiddelbach,249,6.937767,50.350962,4.43,Ahr
Stangheck,249,9.860043,54.712704,10.0,übrig. Schleswig-Holstein
Zettemin,249,12.828055,53.649428,19.04,Mecklenburgische Schweiz und Seenplatte
Oberstaufenbach,249,7.5089,49.515551,2.68,Pfalz
Thaden,249,9.422414,54.103294,11.98,übrig. Schleswig-Holstein
Schönbach,249,6.945929,50.215438,4.67,Eifel
Haßmoor,248,9.819595,54.291922,10.31,übrig. Schleswig-Holstein
Norderwöhrden,248,9.000232,54.192783,18.47,übrig. Schleswig-Holstein
Gerach,248,7.340646,49.752587,2.29,Naheland
Herl,248,6.821259,49.730854,2.83,Hunsrück
Mönkloh,247,9.787844,53.888087,12.52,übrig. Schleswig-Holstein
Schossin,247,11.217915,53.544627,11.42,Westmecklenburg
Kremmin,247,11.598372,53.249799,16.91,Westmecklenburg
Ralswiek,247,13.446593,54.473774,16.55,Rügen/Hiddensee
Tastungen,246,10.31093,51.467902,3.5,Eichsfeld
Lindewerra,246,9.948569,51.313435,4.42,Eichsfeld
Poppenbüll,246,8.761168,54.361585,15.52,Nordsee
Hunzel,246,7.83789,50.248256,4.02,Lahntal
Buchet,246,6.316609,50.243644,13.28,Eifel
Naurath (Wald),245,6.881085,49.759163,5.6,Hunsrück
Schlichting,245,9.089378,54.31014,12.5,übrig. Schleswig-Holstein
Talling,245,6.953337,49.760594,3.9,Hunsrück
Weidenbach,245,6.709005,50.129313,10.76,Eifel
Damsdorf,244,10.314111,54.064498,7.74,übrig. Schleswig-Holstein
Pantenburg,244,6.839147,50.090629,5.01,Eifel
Göldenitz,243,10.631501,53.722025,5.06,übrig. Schleswig-Holstein
Ammeldingen bei Neuerburg,243,6.275565,50.049123,4.49,Eifel
Lottorf,243,9.57292,54.45024,5.78,übrig. Schleswig-Holstein
Fronhofen,243,7.465413,49.991498,3.71,Hunsrück
Klein Zecher,243,10.872803,53.577413,9.11,übrig. Schleswig-Holstein
Kalenborn,243,7.076151,50.26167,5.3,Eifel
Polzow,243,14.061317,53.499429,8.51,Vorpommern
Steinsberg,243,7.944983,50.323061,2.9,Lahntal
Langweiler,243,7.185941,49.782615,5.25,Naheland
Brachtendorf,243,7.234266,50.232399,2.45,Eifel
Godendorf,242,13.15505,53.2573,13.93,Mecklenburgische Schweiz und Seenplatte
Rügge,242,9.761241,54.689422,6.01,übrig. Schleswig-Holstein
Landscheide,242,9.251644,53.922001,7.44,übrig. Schleswig-Holstein
Roth an der Our,242,6.225358,49.922801,1.89,Eifel
Hausbay,241,7.558543,50.106728,3.24,Hunsrück
Rodder,241,6.859354,50.394672,6.38,Ahr
Heckenbach,241,7.063502,50.46435,27.34,Ahr
Stipsdorf,241,10.33446,53.941826,3.51,übrig. Schleswig-Holstein
Krempdorf,241,9.461193,53.826512,5.65,übrig. Schleswig-Holstein
Mannebach,241,6.986487,50.282473,7.34,Eifel
Bubach,241,7.555607,50.070994,7.1,Hunsrück
Reckenroth,240,8.021418,50.228334,3.48,Lahntal
Ransweiler,240,7.766567,49.664755,4.79,Pfalz
Volkmannsdorf,240,11.734826,50.612096,9.52,Thüringer Wald
Menzendorf,240,11.012364,53.84489,9.83,Mecklenburgische Ostseeküste
Schwarzerden,240,7.512489,49.86032,6.97,Naheland
Schneppenbach,239,7.408664,49.845613,3.3,Naheland
Grischow,239,13.33863,53.697674,11.22,Mecklenburgische Schweiz und Seenplatte
Blesewitz,239,13.616904,53.826103,12.64,Vorpommern
Sankt Thomas,239,6.599305,50.06757,9.11,Eifel
Gösenroth,239,7.326277,49.8898,4.49,Naheland
Altenmoor,238,9.57688,53.764193,6.12,übrig. Schleswig-Holstein
Bugewitz,238,13.830724,53.790407,57.16,Vorpommern
Buchholz,237,10.745377,53.731393,2.93,übrig. Schleswig-Holstein
Stuer,237,12.337188,53.378838,21.51,Mecklenburgische Schweiz und Seenplatte
Horschbach,237,7.527443,49.589464,7.04,Pfalz
Schleich,237,6.840519,49.812242,1.59,Mosel-Saar
Schachtebich,236,10.049961,51.400806,3.81,Eichsfeld
Bornhagen,236,9.942934,51.342586,6.57,Eichsfeld
Ewighausen,236,7.826947,50.533771,2.54,Westerwald
Volkerode,236,10.075992,51.257642,6.86,Eichsfeld
Obertrebra,236,11.569793,51.063116,3.24,Weimarer Land
Betteldorf,236,6.753708,50.252573,3.31,Eifel
Mermuth,236,7.482976,50.17016,4.92,Hunsrück
Wirfus,235,7.205913,50.199516,4.65,Mosel-Saar
Lindig,235,11.601061,50.789722,4.53,Saaleland
Tinningstedt,235,8.929787,54.811247,8.91,übrig. Schleswig-Holstein
Griefstedt,235,11.130524,51.229687,5.09,Welterberegion Wartburg-Hainich
Eckenroth,235,7.781058,49.924944,1.08,Naheland
Riegenroth,234,7.579973,50.057637,3.14,Hunsrück
Schönberg,234,6.922522,49.756335,5.1,Hunsrück
Karnin,234,12.792493,54.305423,12.67,Vorpommern
Kasdorf,234,7.784912,50.206101,4.06,Lahntal
Trennewurth,234,9.025792,54.000236,7.79,übrig. Schleswig-Holstein
Bongard,233,6.836001,50.292807,6.66,Eifel
Mettweiler,233,7.314097,49.578516,5.5,Naheland
Oberbodnitz,233,11.658954,50.811324,6.43,Saaleland
Bisterschied,233,7.749041,49.646631,5.15,Pfalz
Winkelbach,233,7.73325,50.642742,1.34,Westerwald
Obersteinebach,233,7.499519,50.58987,3.33,Westerwald
Orfgen,233,7.532208,50.666174,3.74,Westerwald
Lübberstorf,233,11.731649,53.858257,13.11,Mecklenburgische Ostseeküste
Wrangelsburg,232,13.59402,54.017065,15.29,Vorpommern
Eppenberg,232,7.073634,50.248217,4.12,Eifel
St.Bernhard,232,10.596848,50.460943,7.36,Thüringer Wald
Roduchelstorf,232,10.985768,53.820759,9.93,Mecklenburgische Ostseeküste
Schweighausen,232,7.754003,50.280626,3.66,Lahntal
Hergersweiler,232,8.09162,49.09667,1.8,Pfalz
Biesdorf,231,6.30336,49.886504,5.45,Eifel
Moosburg,231,9.596849,48.088634,1.85,Oberschwaben-Allgäu
Arft,231,7.082764,50.382822,5.83,Eifel
Salzburg,231,8.046635,50.667835,2.3,Westerwald
Meisburg,231,6.688324,50.110638,7.07,Eifel
Gipperath,231,6.861821,50.039567,4.87,Eifel
Hasselbach,230,7.446573,50.040666,4.79,Hunsrück
Niederhausen an der Appel,230,7.892653,49.74715,5.46,Pfalz
Hütten,230,9.718725,54.437083,6.91,übrig. Schleswig-Holstein
Drage,230,9.51882,54.004376,13.56,übrig. Schleswig-Holstein
Grammentin,230,12.897725,53.757057,17.19,Mecklenburgische Schweiz und Seenplatte
Rohrberg,230,10.021544,51.410502,3.57,Eichsfeld
Stein-Wingert,230,7.739309,50.721626,3.5,Westerwald
Dingsleben,230,10.596074,50.434158,8.44,Thüringer Wald
Immerath,230,6.956368,50.130917,5.94,Eifel
Burgwalde,230,10.043847,51.38867,4.96,Eichsfeld
Galenberg,229,7.190565,50.440062,2.28,Ahr
Klein Upahl,229,12.061861,53.715301,7.9,Mecklenburgische Schweiz und Seenplatte
Wiesenfeld,229,10.106792,51.269338,7.69,Eichsfeld
Kamminke,229,14.206466,53.868539,2.95,Vorpommern
Lietzow,228,13.506907,54.484472,8.39,Rügen/Hiddensee
Oesterwurth,228,8.991292,54.211016,14.19,übrig. Schleswig-Holstein
Bölsberg,228,7.914729,50.668614,1.46,Westerwald
Eßbach,228,11.683939,50.589655,5.28,Thüringer Wald
Böllenborn,228,7.936235,49.097934,4.11,Pfalz
Dalberg,227,7.732432,49.896204,2.3,Naheland
Besdorf,227,9.360112,54.050223,7.37,übrig. Schleswig-Holstein
Daubach,227,7.634404,49.846349,2.91,Naheland
Walksfelde,227,10.575101,53.631901,3.51,übrig. Schleswig-Holstein
Hetschburg,227,11.299672,50.913161,2.72,Weimarer Land
Neetzka,227,13.506004,53.529242,13.57,Mecklenburgische Schweiz und Seenplatte
Werkhausen,226,7.534161,50.721766,5.77,Westerwald
Ahrenviölfeld,226,9.274084,54.534607,7.29,übrig. Schleswig-Holstein
Büchel,226,11.154924,51.247609,6.58,Welterberegion Wartburg-Hainich
Mückeln,226,6.925872,50.087811,4.73,Eifel
Großmölsen,226,11.142255,51.026425,5.01,Welterberegion Wartburg-Hainich
Bonerath,226,6.758464,49.68992,4.24,Hunsrück
Dienethal,225,7.778456,50.304309,1.39,Lahntal
Diethardt,225,7.873659,50.162453,4.42,Lahntal
Döbritschen,225,11.476036,50.919196,8.36,Weimarer Land
Niederstedem,225,6.498948,49.930634,5.46,Eifel
Arkebek,225,9.250362,54.160197,6.92,übrig. Schleswig-Holstein
Schönhausen,225,13.700496,53.552733,18.75,Mecklenburgische Schweiz und Seenplatte
Wichmar,225,11.687783,51.033406,5.38,Saaleland
Paschel,225,6.688591,49.638881,4.3,Hunsrück
Rausdorf,224,11.686713,50.857978,3.14,Saaleland
Bälau,224,10.621739,53.616381,6.5,übrig. Schleswig-Holstein
Jahrsdorf,224,9.631937,54.065682,8.87,übrig. Schleswig-Holstein
Rausdorf,224,10.330585,53.589038,4.87,übrig. Schleswig-Holstein
Krummin,224,13.847591,54.047831,10.63,Vorpommern
Weitenhagen,223,12.787663,54.212063,17.06,Vorpommern
Thörnich,223,6.838668,49.834065,2.49,Mosel-Saar
Ingendorf,223,6.45701,49.93317,3.32,Eifel
Schiersfeld,223,7.762734,49.694578,7.07,Pfalz
Lykershausen,222,7.663861,50.206715,3.35,Mittelrheintal
Dockendorf,222,6.456959,49.925744,5.83,Eifel
Stürzelbach,222,7.615784,50.650719,1.77,Westerwald
Waldgrehweiler,222,7.741981,49.668498,7.74,Pfalz
Allenfeld,222,7.668777,49.866829,2.98,Naheland
Geroda,221,11.904766,50.76838,6.15,Thüringer Wald
Hinterweiler,221,6.755523,50.236396,5.32,Eifel
Wagersrott,221,9.794128,54.665542,5.63,übrig. Schleswig-Holstein
Wahlenau,221,7.250708,49.904095,4.46,Hunsrück
Meesiger,220,12.915312,53.81161,8.97,Mecklenburgische Schweiz und Seenplatte
Rade b. Rendsburg,219,9.745224,54.331428,6.52,übrig. Schleswig-Holstein
Steinen,219,7.810464,50.573872,4.21,Westerwald
Grödersby,219,9.91842,54.637617,6.65,übrig. Schleswig-Holstein
Reiffelbach,219,7.686157,49.687192,4.47,Naheland
Schlotfeld,219,9.583146,53.95926,4.8,übrig. Schleswig-Holstein
Wiershop,219,10.451895,53.442501,5.15,übrig. Schleswig-Holstein
Waldeck,218,11.781417,50.91173,8.01,Saaleland
Oesterdeichstrich,218,8.900566,54.158891,4.64,übrig. Schleswig-Holstein
Grevenkrug,218,10.01044,54.212982,4.15,übrig. Schleswig-Holstein
Kliding,218,7.056135,50.108458,5.27,Eifel
Schwarzbach,218,11.875513,50.797033,5.05,Thüringer Vogtland
Kleinschwabhausen,218,11.461113,50.931664,3.84,Weimarer Land
Klein Wittensee,217,9.733109,54.390399,4.3,übrig. Schleswig-Holstein
Kankelau,217,10.56832,53.549311,4.21,übrig. Schleswig-Holstein
Helmeroth,217,7.737901,50.741338,3.57,Westerwald
Berlingen,217,6.719442,50.238788,3.59,Eifel
Burgsponheim,217,7.717036,49.833589,1.1,Naheland
Buschvitz,217,13.473218,54.429257,10.24,Rügen/Hiddensee
Woppenroth,216,7.413774,49.874435,8.66,Hunsrück
Belsch,216,11.204687,53.327314,22.59,Westmecklenburg
Leutersdorf,216,10.559471,50.519282,8.39,Thüringer Rhön
Irrhausen,216,6.212344,50.080624,7.19,Eifel
Neuenkirchen,216,13.568927,53.800528,15.7,Vorpommern
Ellingshausen,216,10.471476,50.546467,6.77,Thüringer Rhön
Mähren,216,7.92117,50.523213,1.59,Westerwald
Haserich,215,7.325554,50.03648,4.45,Hunsrück
Dasburg,215,6.132714,50.04869,4.82,Eifel
Lettweiler,215,7.724989,49.73456,6.29,Naheland
Mühlenrade,215,10.48775,53.595838,3.74,übrig. Schleswig-Holstein
Wörnersberg,214,8.564592,48.561911,3.48,Nördlicher Schwarzwald
Warwerort,214,8.921723,54.141177,4.58,Nordsee
Döschnitz,214,11.229749,50.614834,6.31,Thüringer Wald
Bramstedtlund,214,9.08724,54.840025,13.85,übrig. Schleswig-Holstein
Göpfersdorf,214,12.595897,50.912971,5.92,Altenburger Land
Kulpin,214,10.695812,53.71009,6.07,übrig. Schleswig-Holstein
Pripsleben,214,13.182499,53.716405,10.12,Mecklenburgische Schweiz und Seenplatte
Osterhever,214,8.765219,54.385302,18.5,Nordsee
Rauschwitz,214,11.802068,50.971984,8.77,Saaleland
Starkenburg,214,7.140651,49.955855,1.52,Mosel-Saar
Bendfeld,213,10.419437,54.364157,4.41,übrig. Schleswig-Holstein
Würzweiler,213,7.862517,49.654184,2.32,Pfalz
Gehlweiler,213,7.466698,49.883341,4.5,Hunsrück
Waigandshain,213,8.083579,50.64388,4.04,Westerwald
Schönbek,213,9.975522,54.162731,6.13,übrig. Schleswig-Holstein
Dohm-Lammersdorf,212,6.662659,50.261063,4.54,Eifel
Bretthausen,211,8.07441,50.672136,3.38,Westerwald
Karenz,211,11.344488,53.230175,6.88,Westmecklenburg
Peffingen,211,6.407164,49.909348,5.8,Eifel
Wangelau,210,10.546567,53.453726,6.52,übrig. Schleswig-Holstein
Bahrenhof,210,10.379518,53.878604,5.71,übrig. Schleswig-Holstein
Dill,210,7.347995,49.916179,5.55,Hunsrück
Bethenhausen,210,12.197497,50.929179,3.08,Thüringer Vogtland
Gösen,209,11.876414,50.99241,3.13,Saaleland
Langweiler,209,7.525365,49.666211,4.16,Pfalz
Oberalben,209,7.400133,49.579012,5.62,Pfalz
Büdlich,209,6.903219,49.7809,4.02,Hunsrück
"Osterheide, gemfr. Bezirk",209,9.725404,52.853298,178.67,Lüneburger Heide
Vollerwiek,209,8.794694,54.290681,4.62,Nordsee
Hedwigenkoog,209,8.840953,54.177985,16.36,Nordsee
Vollmersweiler,208,8.07554,49.065113,2.18,Pfalz
Walhausen,208,7.283588,50.025145,2.27,Hunsrück
Nieder Kostenz,208,7.366289,49.942835,4.12,Hunsrück
Urschmitt,208,7.062437,50.11752,6.61,Eifel
Jeckenbach,206,7.608181,49.708944,6.28,Naheland
Dornholzhausen,206,7.790383,50.270436,3.94,Lahntal
Oberbachheim,206,7.748298,50.245294,2.85,Lahntal
Vollersroda,206,11.330877,50.937363,2.59,Weimarer Land
Homberg,206,7.516083,49.651671,10.98,Pfalz
Drechow,205,12.800798,54.141165,15.55,Vorpommern
Karl,205,6.803182,50.04106,10.46,Eifel
Benzweiler,205,7.605169,50.021632,3.19,Hunsrück
Seitenroda,205,11.618341,50.80408,4.02,Saaleland
Göschitz,205,11.867595,50.625954,7.83,Thüringer Wald
Groß Boden,204,10.452871,53.752722,2.7,übrig. Schleswig-Holstein
Michelbach,204,7.453674,50.015345,2.39,Hunsrück
Niedersteinebach,204,7.507193,50.599954,0.79,Westerwald
Schmißberg,204,7.20325,49.664538,1.68,Naheland
Bärweiler,203,7.60239,49.742991,6.11,Naheland
Hellertshausen,203,7.277309,49.820353,7.46,Naheland
Grundsheim,203,9.667765,48.177459,3.7,Schwäbische Alb
Buchfart,202,11.331865,50.920934,7.21,Weimarer Land
Hornbek,202,10.648548,53.5589,5.89,übrig. Schleswig-Holstein
Steineberg,202,6.914548,50.179887,2.93,Eifel
Wollmerath,202,6.979815,50.154927,4.05,Eifel
Ahneby,201,9.730965,54.701421,3.8,übrig. Schleswig-Holstein
Schankweiler,201,6.38314,49.897754,6.53,Eifel
Bodenbach,201,6.848721,50.312293,4.79,Eifel
Rittersheim,201,8.058511,49.668104,3.95,Pfalz
Oberwallmenach,200,7.827766,50.162336,3.19,Lahntal
Eberstedt,200,11.578112,51.074755,4.13,Weimarer Land
Rockstedt,200,10.760211,51.284626,4.94,Südharz-Kyffhäuser
Hodorf,200,9.428529,53.904109,7.49,übrig. Schleswig-Holstein
Rödern,200,7.448382,49.946562,2.72,Hunsrück
Krautscheid,199,6.332175,50.064696,8.62,Eifel
Orsfeld,199,6.622317,50.027288,5.17,Eifel
Boxberg,199,6.874981,50.273084,5.65,Eifel
Papendorf,199,13.946929,53.496293,10.42,Vorpommern
Havekost,199,10.473088,53.539918,5.91,übrig. Schleswig-Holstein
Münchweiler am Klingbach,199,7.96658,49.148323,2.14,Pfalz
Budenbach,198,7.568172,50.037038,3.51,Hunsrück
Haussömmern,198,10.818833,51.191707,6.48,Welterberegion Wartburg-Hainich
Gornhausen,197,7.046748,49.859943,5.3,Hunsrück
Roth,197,7.895567,50.267074,3.4,Lahntal
Winterburg,197,7.649432,49.863263,2.56,Naheland
Karlum,197,8.975269,54.828646,14.46,übrig. Schleswig-Holstein
Dessighofen,197,7.771976,50.257798,3.57,Lahntal
Altenbeuthen,197,11.600825,50.592223,7.88,Thüringer Wald
Olmscheid,197,6.220311,50.064871,4.87,Eifel
Zehnhausen bei Wallmerod,197,7.923623,50.47475,1.58,Westerwald
Koblentz,196,14.132602,53.53311,22.98,Vorpommern
Otzweiler,196,7.50957,49.713704,3.11,Naheland
Aremberg,196,6.806381,50.415251,9.61,Ahr
Berzhausen,196,7.569231,50.65506,2.37,Westerwald
Weitersborn,196,7.525192,49.849888,3.12,Naheland
Lindenberg,195,13.021662,53.763769,13.08,Mecklenburgische Schweiz und Seenplatte
Abtweiler,195,7.656343,49.744287,5.76,Naheland
Unterwachingen,195,9.643433,48.203784,2.6,Schwäbische Alb
Lirstal,195,7.040692,50.25609,5.26,Eifel
Balesfeld,194,6.531377,50.104036,2.35,Eifel
Hilbersdorf,194,12.149375,50.819911,4.06,Thüringer Vogtland
Sören,194,9.998885,54.202744,6.5,übrig. Schleswig-Holstein
Kerschenbach,194,6.500522,50.348588,6.92,Eifel
Unterbodnitz,193,11.649042,50.821496,5.51,Saaleland
Eschfeld,193,6.199522,50.111938,4.77,Eifel
Unkenbach,193,7.744048,49.716572,5.12,Pfalz
Brockscheid,193,6.845128,50.13236,2.05,Eifel
Guggenhausen,193,9.455438,47.893685,8.26,Oberschwaben-Allgäu
Vollstedt,193,9.032722,54.623717,6.18,übrig. Schleswig-Holstein
Leidenborn,193,6.216172,50.137745,5.58,Eifel
Kappeln,193,7.569651,49.676018,7.68,Pfalz
Siebenbach,193,7.037,50.379309,3.41,Eifel
Steiningen,193,6.913792,50.186511,7.62,Eifel
Wilhelmsdorf,192,11.550939,50.630679,9.33,Thüringer Wald
Falkenstein,192,7.874733,49.607632,7.49,Pfalz
Bresegard bei Eldena,191,11.368941,53.247208,11.1,Westmecklenburg
Agethorst,191,9.436454,54.01935,6.1,übrig. Schleswig-Holstein
Möllenbeck,191,11.738619,53.285219,19.33,Westmecklenburg
Dreetz,191,11.968113,53.785755,12.0,Mecklenburgische Schweiz und Seenplatte
Kirschkau,191,11.887131,50.604897,6.0,Thüringer Wald
Hettenhausen,190,7.555393,49.336202,4.4,Pfalz
Hainichen,190,11.621866,50.99635,5.32,Saaleland
Winnerath,190,6.8751,50.429177,3.33,Ahr
Lahr,190,6.29142,49.944081,7.23,Eifel
Mittelsömmern,189,10.813605,51.206329,10.16,Welterberegion Wartburg-Hainich
Embühren,189,9.591436,54.170602,7.45,übrig. Schleswig-Holstein
Belgweiler,189,7.485534,49.943965,3.39,Hunsrück
Homberg,189,8.105589,50.640944,2.16,Westerwald
Kiliansroda,189,11.370892,50.915268,4.0,Weimarer Land
Loop,188,9.949175,54.147998,8.35,übrig. Schleswig-Holstein
Nürburg,188,6.952404,50.342813,3.63,Ahr
Brecht,188,6.435582,49.981047,4.5,Eifel
Heukewalde,188,12.269508,50.837385,5.89,Altenburger Land
Womrath,187,7.448023,49.917564,8.39,Hunsrück
Obergeckler,187,6.291372,49.972619,7.74,Eifel
Sulzbach,187,7.751923,50.302554,2.23,Lahntal
Groß Pampau,187,10.560301,53.521808,4.31,übrig. Schleswig-Holstein
Lindenschied,187,7.39199,49.902207,3.17,Hunsrück
Wahlbach,187,7.595363,50.000376,4.34,Hunsrück
Welt,187,8.79406,54.302402,8.2,Nordsee
Grobengereuth,186,11.668058,50.669276,5.64,Thüringer Wald
Brickeln,186,9.221166,54.00849,6.07,übrig. Schleswig-Holstein
Standenbühl,186,7.981905,49.594432,1.25,Pfalz
Kirchnüchel,186,10.680134,54.20411,10.09,übrig. Schleswig-Holstein
Thandorf,186,10.826126,53.760675,9.09,Mecklenburgische Ostseeküste
Putgarten,186,13.417407,54.672905,12.63,Rügen/Hiddensee
Quickborn,185,9.206618,54.009984,6.95,übrig. Schleswig-Holstein
Gaushorn,185,9.225318,54.194896,6.45,übrig. Schleswig-Holstein
Ehrenberg,185,10.658613,50.481686,2.08,Thüringer Wald
Passee,185,11.770604,53.956175,16.2,Mecklenburgische Ostseeküste
Groß Luckow,185,13.829375,53.535942,8.97,Vorpommern
Rögnitz,185,11.023948,53.613535,11.43,Mecklenburgische Ostseeküste
Spall,185,7.681492,49.883501,14.15,Naheland
Auen,185,7.597484,49.831246,2.71,Naheland
Döbritz,185,11.641161,50.693886,3.12,Thüringer Wald
Sienhachenbach,184,7.481219,49.699395,7.58,Naheland
Niendorf bei Berkenthin,184,10.626158,53.702417,3.99,übrig. Schleswig-Holstein
Langenlehsten,184,10.740533,53.499907,23.37,übrig. Schleswig-Holstein
Travenhorst,184,10.452703,54.019011,8.56,übrig. Schleswig-Holstein
Tunau,184,7.923595,47.786246,4.05,Südlicher Schwarzwald
Buggenhagen,184,13.862341,53.923399,27.11,Vorpommern
Kottenborn,184,6.900842,50.353486,3.78,Ahr
Kentzlin,184,12.971224,53.754769,11.8,Mecklenburgische Schweiz und Seenplatte
Hammerstedt,184,11.45282,50.9533,3.95,Weimarer Land
Zislow,183,12.31134,53.431649,15.94,Mecklenburgische Schweiz und Seenplatte
Brenk,183,7.172828,50.431445,3.09,Ahr
Vierherrenborn,183,6.652966,49.605199,8.57,Hunsrück
Löllbach,183,7.592944,49.689475,4.94,Naheland
Eulgem,183,7.175962,50.240251,3.01,Eifel
Oberscheidweiler,183,6.935026,50.07388,4.5,Eifel
Reidenhausen,183,7.317438,50.056689,2.06,Hunsrück
Bondelum,182,9.26682,54.556555,9.18,übrig. Schleswig-Holstein
Dimbach,182,7.897336,49.167104,2.19,Pfalz
Darstein,182,7.883724,49.156922,2.39,Pfalz
Schmedeswurth,182,9.040335,53.926172,5.91,übrig. Schleswig-Holstein
Oeschebüttel,181,9.72044,53.99272,5.48,übrig. Schleswig-Holstein
Hoffeld,181,9.986036,54.187049,6.62,übrig. Schleswig-Holstein
Reuth,181,6.486681,50.295088,7.15,Eifel
Schauerberg,181,7.574934,49.313936,4.08,Pfalz
Niedertiefenbach,181,7.896057,50.255061,4.02,Lahntal
Bredenfelde,181,12.955089,53.600889,8.59,Mecklenburgische Schweiz und Seenplatte
Saustrup,181,9.772102,54.671983,8.14,übrig. Schleswig-Holstein
Juliusburg,180,10.506484,53.41715,6.03,übrig. Schleswig-Holstein
Relsberg,180,7.669482,49.594073,3.81,Pfalz
Iven,180,13.428644,53.796527,15.74,Vorpommern
Arnshöfen,179,7.867673,50.540299,2.94,Westerwald
Welchweiler,179,7.505024,49.577024,3.48,Pfalz
Dechow,178,10.923265,53.719821,15.15,Mecklenburgische Ostseeküste
Kehlbach,178,7.758449,50.259051,2.13,Lahntal
Hahnweiler,178,7.221059,49.571581,2.28,Naheland
Rohrbach,178,11.220214,50.60298,3.89,Thüringer Wald
Biedershausen,178,7.487395,49.320705,3.65,Pfalz
Geisenhain,178,11.714883,50.834758,4.58,Saaleland
Auel,177,7.765895,50.170904,2.65,Mittelrheintal
Hude,177,9.215821,54.387212,3.54,übrig. Schleswig-Holstein
Lollschied,177,7.868666,50.256061,4.0,Lahntal
Ehweiler,176,7.362519,49.522178,3.57,Pfalz
Emeringen,176,9.517274,48.234296,7.52,Schwäbische Alb
Walpernhain,176,11.954044,51.017519,4.74,Saaleland
Eckersweiler,176,7.289554,49.559977,3.69,Naheland
Spesenroth,175,7.460139,50.049378,3.51,Hunsrück
Süderende,175,8.439339,54.725601,2.59,Nordsee
Steinborn,175,6.627087,50.067778,11.28,Eifel
Bornholt,174,9.335437,54.101535,10.93,übrig. Schleswig-Holstein
Weidingen,174,6.378045,50.012735,5.84,Eifel
Wittenbergen,174,9.680696,53.933763,4.59,übrig. Schleswig-Holstein
Nustrow,174,12.596573,54.015663,6.95,Mecklenburgische Ostseeküste
Dorsel,173,6.791024,50.380316,7.2,Ahr
Rossin,173,13.704449,53.769859,12.63,Vorpommern
Fretterode,173,10.00681,51.319011,5.92,Eichsfeld
Seinsfeld,173,6.644923,50.056237,6.73,Eifel
Wilsecker,173,6.583561,50.025784,4.53,Eifel
Kleinebersdorf,172,11.838755,50.815965,4.01,Saaleland
Chiemsee,172,12.426795,47.874132,2.57,Chiemsee-Alpenland
Hosten,172,6.619416,49.89228,2.88,Eifel
Schlierschied,172,7.441683,49.875729,8.64,Hunsrück
Meuspath,172,6.974408,50.344085,3.06,Ahr
Stubbendorf,172,12.522358,54.087539,9.64,Mecklenburgische Ostseeküste
Freienbessingen,172,10.773914,51.232835,8.91,Südharz-Kyffhäuser
Utzerath,172,6.935374,50.22247,5.7,Eifel
Reichenberg,171,7.760274,50.156852,3.23,Mittelrheintal
Barmissen,171,10.175384,54.204995,5.15,übrig. Schleswig-Holstein
Zimmern,171,11.62547,51.007486,5.92,Saaleland
Niedersayn,171,7.83139,50.528922,2.8,Westerwald
Eschbach,171,7.726235,50.214131,2.58,Lahntal
Oberweiler,171,6.438388,50.04316,5.32,Eifel
Sarmersbach,170,6.878757,50.240818,5.22,Eifel
Giesensdorf,170,10.713651,53.688273,2.73,übrig. Schleswig-Holstein
Griebelschied,170,7.400713,49.799583,4.19,Naheland
Heidweiler,170,6.745152,49.910366,10.33,Eifel
Rathskirchen,169,7.720482,49.614919,5.12,Pfalz
Ramhusen,169,9.090658,53.941207,4.8,übrig. Schleswig-Holstein
Rohrbach,169,7.25672,49.583326,2.45,Naheland
Jucken,169,6.230638,50.055011,6.22,Eifel
Barkenholm,169,9.174339,54.237387,5.11,übrig. Schleswig-Holstein
Worth,169,10.408431,53.467545,6.07,übrig. Schleswig-Holstein
Kotzenbüll,169,8.905393,54.332136,7.77,Nordsee
Katharinenheerd,169,8.828074,54.335199,8.41,Nordsee
Willenscharen,169,9.80818,54.010043,7.61,übrig. Schleswig-Holstein
Tarbek,168,10.268198,54.056293,10.02,übrig. Schleswig-Holstein
Kronsmoor,168,9.60155,53.908361,6.05,übrig. Schleswig-Holstein
Stahlberg,168,7.786942,49.664741,2.59,Pfalz
Hausen,168,7.373515,49.872734,4.99,Naheland
Schweickershausen,168,10.629555,50.238493,9.75,Thüringer Wald
Börslingen,168,10.063069,48.538957,6.28,Schwäbische Alb
Birx,168,10.047106,50.529421,2.77,Thüringer Rhön
Schmittweiler,167,7.705859,49.691497,5.48,Naheland
Hütterscheid,167,6.387642,49.99724,2.99,Eifel
Königshügel,167,9.474274,54.33488,6.26,übrig. Schleswig-Holstein
Börfink,167,7.081083,49.688572,8.21,Naheland
Prinzenmoor,166,9.454146,54.217427,5.6,übrig. Schleswig-Holstein
Lahr,166,7.365749,50.125403,3.6,Hunsrück
Krombach,166,10.134941,51.289997,4.19,Eichsfeld
Berenbach,166,6.955333,50.233574,3.15,Eifel
Groß Krams,165,11.266074,53.334137,10.4,Westmecklenburg
Kaperich,165,7.025031,50.248599,2.69,Eifel
Müsch,165,6.828204,50.385906,3.81,Ahr
Merzweiler,165,7.539205,49.666726,2.27,Pfalz
Honerath,164,6.899857,50.377553,2.01,Ahr
Hainau,164,7.780981,50.222709,3.31,Lahntal
Schürensöhlen,164,10.47204,53.763455,2.75,übrig. Schleswig-Holstein
Menningen,164,6.477703,49.83915,3.42,Eifel
Grammow,164,12.629521,54.047375,16.25,Mecklenburgische Ostseeküste
Forstmehren,164,7.530067,50.702517,1.61,Westerwald
Dierscheid,164,6.75785,49.898992,2.43,Eifel
Wickenrodt,163,7.358916,49.815692,5.27,Naheland
Friedrich-Wilhelm-Lübke-Koog,163,8.631939,54.862372,13.49,Nordsee
Aasbüttel,163,9.441789,54.067271,4.51,übrig. Schleswig-Holstein
Neunkirchen,163,6.943534,49.750159,3.16,Hunsrück
Bargstall,163,9.46575,54.260388,4.62,übrig. Schleswig-Holstein
Grimmelshausen,163,10.637541,50.480292,4.21,Thüringer Wald
Brietzig,163,13.904164,53.477016,10.57,Vorpommern
Ziegenhain,163,7.525356,50.676551,0.71,Westerwald
Rodershausen,162,6.195419,49.991961,5.37,Eifel
Würrich,162,7.302943,49.977105,4.33,Hunsrück
Krukow,162,10.478187,53.418864,7.94,übrig. Schleswig-Holstein
Kraam,161,7.529536,50.692814,2.73,Westerwald
Bellstedt,161,10.787921,51.273175,4.77,Südharz-Kyffhäuser
Blankenburg,161,10.748044,51.203901,7.18,Welterberegion Wartburg-Hainich
Gerhardsbrunn,161,7.521966,49.355605,10.04,Pfalz
Kalkofen,161,7.835687,49.733009,1.83,Pfalz
Dahmker,161,10.444516,53.587821,2.04,übrig. Schleswig-Holstein
Bissee,161,10.110473,54.190703,9.27,übrig. Schleswig-Holstein
Düchelsdorf,161,10.580373,53.737072,3.01,übrig. Schleswig-Holstein
Drees,161,6.996447,50.340184,4.11,Eifel
Rohrbach,161,7.420877,49.887594,3.77,Hunsrück
Winterborn,160,7.864841,49.746367,8.45,Pfalz
Wittmoldt,160,10.349133,54.174882,5.71,Holsteinische Schweiz
Wesselburenerkoog,159,8.876475,54.239438,21.89,Nordsee
Mosbruch,159,6.939145,50.261402,3.39,Eifel
Rosendorf,159,11.789195,50.7621,6.23,Thüringer Wald
Hellschen-Heringsand-Unterschaar,159,8.872882,54.194536,7.02,Nordsee
Oberweiler im Tal,159,7.549484,49.581168,4.71,Pfalz
Seelen,158,7.714437,49.599679,3.16,Pfalz
Hohenwarte,158,11.481941,50.606442,6.31,Thüringer Wald
Mittelfischbach,158,7.961491,50.253653,1.84,Lahntal
Oldenhütten,158,9.740452,54.158096,4.33,übrig. Schleswig-Holstein
Wiemerstedt,158,9.11111,54.269259,5.08,übrig. Schleswig-Holstein
Krähenberg,158,7.463886,49.330029,4.4,Pfalz
Kirrweiler,158,7.501388,49.634749,6.36,Pfalz
Pommerby,158,9.937539,54.756629,5.55,Ostsee
Heckhuscheid,157,6.223448,50.177699,8.31,Eifel
Herren-Sulzbach,157,7.528804,49.648863,2.92,Pfalz
Brunsmark,157,10.750236,53.617106,4.29,übrig. Schleswig-Holstein
Grieben,157,11.047407,53.840985,6.29,Mecklenburgische Ostseeküste
Walterschen,157,7.561811,50.685681,2.12,Westerwald
Bischofrod,157,10.662614,50.537511,5.47,Thüringer Wald
Badenhard,157,7.633533,50.122608,3.01,Hunsrück
Bekmünde,156,9.446057,53.925343,2.9,übrig. Schleswig-Holstein
Jenalöbnitz,156,11.692249,50.949204,3.96,Saaleland
Lockstedt,156,9.686478,54.004046,7.32,übrig. Schleswig-Holstein
Krummenau,155,7.272401,49.889781,4.32,Naheland
Krusenfelde,155,13.393636,53.845065,12.56,Vorpommern
Henau,155,7.495945,49.869699,6.69,Naheland
Nieden,155,13.920918,53.440432,6.5,Vorpommern
Brieden,154,7.262348,50.188859,4.39,Mosel-Saar
Kopp,154,6.585691,50.17554,8.4,Eifel
Schladt,154,6.84047,50.033506,4.96,Eifel
Großbockedra,154,11.656934,50.843926,4.53,Saaleland
Bennhausen,153,7.978061,49.622926,1.48,Pfalz
Tielenhemme,153,9.398414,54.27746,12.68,übrig. Schleswig-Holstein
Eichenberg,153,10.659081,50.544822,4.5,Thüringer Wald
Pomster,152,6.842102,50.352587,5.81,Ahr
Breitscheid,152,7.70967,50.056082,5.31,Mittelrheintal
Dintesheim,152,8.143506,49.707617,1.96,Rheinhessen
Ollmuth,152,6.714342,49.67149,3.92,Hunsrück
Kublank,152,13.50457,53.554577,13.49,Mecklenburgische Schweiz und Seenplatte
Linden,151,7.850464,50.60202,2.52,Westerwald
Buchhorst,151,10.568335,53.384993,5.19,übrig. Schleswig-Holstein
Pörmitz,151,11.807879,50.613794,6.36,Thüringer Wald
Dambach,151,7.132593,49.627525,2.99,Naheland
Winterwerb,151,7.739564,50.236665,2.94,Lahntal
Welkenbach,150,7.725159,50.632214,2.3,Westerwald
Immert,150,7.020323,49.765169,3.14,Hunsrück
Elskop,150,9.493561,53.812422,7.34,übrig. Schleswig-Holstein
Reesdorf,150,10.06034,54.190474,3.07,übrig. Schleswig-Holstein
Frankendorf,150,11.451111,50.967936,2.68,Weimarer Land
Oberoppurg,149,11.678007,50.695203,5.07,Thüringer Wald
Cronenberg,149,7.624401,49.652553,2.65,Pfalz
Hülseburg,149,11.194378,53.513166,9.09,Westmecklenburg
Schwarzen,148,7.329987,49.961732,3.88,Hunsrück
Wirft,148,6.855984,50.372359,3.25,Ahr
Albessen,148,7.330666,49.516477,4.43,Pfalz
Kuhnhöfen,148,7.861931,50.531885,1.67,Westerwald
Holt,148,9.147393,54.810456,13.42,übrig. Schleswig-Holstein
Ippenschied,148,7.631423,49.867177,2.62,Naheland
Oberwies,148,7.78014,50.287391,2.02,Lahntal
Silzen,148,9.635016,54.029281,6.69,übrig. Schleswig-Holstein
Löberschütz,148,11.701297,50.964679,3.07,Saaleland
Endlichhofen,147,7.818267,50.201998,2.24,Lahntal
Hüttingen bei Lahr,147,6.297999,49.930194,4.4,Eifel
Oberfischbach,147,7.955148,50.24865,5.05,Lahntal
Waltersdorf,147,11.745174,50.831459,4.58,Saaleland
Hadenfeld,147,9.456001,54.033384,2.35,übrig. Schleswig-Holstein
Grub,147,10.632762,50.55038,4.49,Thüringer Wald
Einig,147,7.277285,50.283358,3.09,Eifel
Harscheid,147,6.893287,50.459476,3.13,Ahr
Karolinenkoog,146,8.965495,54.292554,17.55,übrig. Schleswig-Holstein
Adenbach,146,7.647541,49.669273,2.94,Pfalz
Gneus,145,11.689585,50.832402,8.1,Saaleland
Preischeid,145,6.152339,50.036957,6.25,Eifel
Südermarsch,145,9.08199,54.425929,30.23,übrig. Schleswig-Holstein
Sosberg,145,7.337896,50.076934,3.91,Hunsrück
Charlottenberg,145,7.880701,50.342965,0.76,Lahntal
Katzwinkel,145,6.920943,50.247773,3.85,Eifel
Hornsömmern,144,10.821713,51.212091,4.32,Welterberegion Wartburg-Hainich
Rathsweiler,144,7.457759,49.597587,4.23,Pfalz
Techelsdorf,144,10.047182,54.214207,4.34,übrig. Schleswig-Holstein
Bechstedt,143,11.177305,50.660745,3.48,Thüringer Wald
Kleinlangenfeld,143,6.480071,50.269058,7.82,Eifel
Gebroth,143,7.658565,49.878659,2.38,Naheland
Schömerich,142,6.697557,49.635187,2.47,Hunsrück
Euscheid,142,6.303274,50.132577,3.68,Eifel
Bremsnitz,141,11.773768,50.799841,6.6,Saaleland
Zülow,141,11.271356,53.577237,7.12,Westmecklenburg
Glasow,141,14.272893,53.378091,15.59,Vorpommern
Sauerthal,141,7.82097,50.085496,3.57,Mittelrheintal
Großkampenberg,141,6.213611,50.158387,6.34,Eifel
Tautendorf,140,11.892551,50.823869,5.25,Saaleland
Onsdorf,140,6.481436,49.644324,3.46,Mosel-Saar
Winterscheid,140,6.250561,50.23107,8.5,Eifel
Raversbeuren,140,7.227418,49.956121,5.14,Hunsrück
Penzin,140,11.926667,53.913779,6.33,Mecklenburgische Schweiz und Seenplatte
Tissa,140,11.747761,50.846792,4.03,Saaleland
Kradenbach,139,6.853605,50.255451,1.74,Eifel
Heckenmünster,139,6.786356,49.90898,4.89,Eifel
Tottleben,139,10.753213,51.164943,5.07,Welterberegion Wartburg-Hainich
Maisborn,139,7.581072,50.081769,1.47,Hunsrück
Heinkenborstel,138,9.75104,54.130804,7.55,übrig. Schleswig-Holstein
Racksen,138,7.693281,50.736484,1.98,Westerwald
Thörlingen,138,7.531302,50.134748,2.26,Hunsrück
Beilstein,138,7.241189,50.110347,1.69,Mosel-Saar
Hinzenburg,138,6.727006,49.663962,2.86,Hunsrück
Birkheim,137,7.621209,50.116391,2.3,Hunsrück
Oberhausen an der Appel,137,7.867992,49.720679,3.33,Pfalz
Schweinschied,137,7.574769,49.701153,6.35,Naheland
Neichen,137,6.870673,50.261146,2.96,Eifel
Gribow,136,13.489066,53.947426,8.25,Vorpommern
Bokhorst,136,9.400735,54.057305,5.87,übrig. Schleswig-Holstein
Sickerode,136,10.120944,51.25238,2.0,Eichsfeld
Mechow,135,10.801815,53.717556,4.43,übrig. Schleswig-Holstein
Asbach,135,7.279572,49.812309,3.47,Naheland
Tiefenthal,135,7.906254,49.75997,1.35,Naheland
Oberlascheid,135,6.305422,50.260843,9.39,Eifel
Steinbach,135,7.594041,50.043544,2.6,Hunsrück
Winkel (Eifel),134,6.955568,50.147317,6.69,Eifel
Ergeshausen,134,7.941085,50.271826,2.25,Lahntal
Borstel,133,9.79743,53.969545,5.12,übrig. Schleswig-Holstein
Nienbüttel,133,9.415315,54.03053,4.16,übrig. Schleswig-Holstein
Großlangenfeld,132,6.252404,50.220515,6.98,Eifel
Gielert,132,7.003818,49.77501,4.09,Hunsrück
Bokelrehm,132,9.385822,54.037619,2.69,übrig. Schleswig-Holstein
Zendscheid,132,6.604048,50.099514,2.35,Eifel
Auufer,132,9.685543,53.924664,5.12,übrig. Schleswig-Holstein
Immesheim,131,8.103536,49.636212,2.99,Pfalz
Ebertshausen,131,7.982116,50.28207,2.57,Lahntal
Dhronecken,130,6.982714,49.72636,1.45,Hunsrück
Schwaara,130,12.14236,50.904286,3.55,Thüringer Vogtland
Seiwerath,130,6.499539,50.148311,8.94,Eifel
Nieby,130,9.936705,54.771513,8.07,Ostsee
Bereborn,130,6.969497,50.280708,2.57,Eifel
Oberschlettenbach,130,7.871295,49.145525,4.58,Pfalz
Schutz,130,6.761033,50.128892,9.05,Eifel
Bollenbach,130,7.352178,49.843462,3.77,Naheland
Gertewitz,130,11.642483,50.680752,4.21,Thüringer Wald
Ohlenhard,130,6.768609,50.442924,5.01,Ahr
Nothweiler,129,7.79919,49.068736,3.67,Pfalz
Dörrmoschel,129,7.749328,49.619756,2.87,Pfalz
Scharfbillig,129,6.556557,49.932266,4.82,Eifel
Niederbösa,129,10.999851,51.276607,4.63,Südharz-Kyffhäuser
Kescheid,128,7.484659,50.661107,4.83,Westerwald
Seelbach bei Hamm (Sieg),128,7.686153,50.754914,3.41,Westerwald
Kieve,128,12.595884,53.274411,15.52,Mecklenburgische Schweiz und Seenplatte
Weißbach,128,11.790261,50.814546,5.29,Saaleland
Longen,128,6.79032,49.804046,0.97,Mosel-Saar
Moritzheim,128,7.260514,50.047026,4.02,Hunsrück
Rimsberg,128,7.210663,49.656829,3.2,Naheland
Mertendorf,127,11.786716,50.992094,3.79,Saaleland
Fahren,126,10.33813,54.349552,3.6,übrig. Schleswig-Holstein
Seifen,126,7.559972,50.628694,2.94,Westerwald
Ahlstädt,126,10.686759,50.527757,2.34,Thüringer Wald
Dietzenrode/Vatterode,125,10.032989,51.308272,5.78,Eichsfeld
Oppertshausen,125,7.472762,49.947269,1.52,Hunsrück
Arbach,124,7.044341,50.283528,4.41,Eifel
Gollenberg,124,7.15922,49.672666,3.25,Naheland
Mauden,124,8.000856,50.715566,1.74,Westerwald
Buborn,123,7.541333,49.636702,2.85,Pfalz
Böxlund,123,9.180687,54.840228,4.4,übrig. Schleswig-Holstein
Nottfeld,123,9.768634,54.618666,3.18,übrig. Schleswig-Holstein
Hörschhausen,123,6.937132,50.243981,2.38,Eifel
Rödelhausen,123,7.329348,49.992378,2.56,Hunsrück
Heuzert,122,7.759156,50.697905,2.16,Westerwald
Schlechtsart,122,10.622424,50.328646,4.57,Thüringer Wald
Vaalermoor,122,9.331482,53.978742,6.22,übrig. Schleswig-Holstein
Norderheistedt,122,9.146139,54.245331,4.33,übrig. Schleswig-Holstein
Kludenbach,122,7.368185,49.987341,2.88,Hunsrück
Oberelz,122,7.05106,50.267418,5.55,Eifel
Belg,122,7.308065,49.98358,4.79,Hunsrück
Scheid,122,6.422302,50.359636,5.49,Eifel
Gauern,121,12.193007,50.790322,3.67,Thüringer Vogtland
Oberhosenbach,121,7.330575,49.813288,4.14,Naheland
Hugoldsdorf,121,12.753785,54.152787,14.23,Vorpommern
Tömmelsdorf,120,11.861519,50.721938,6.37,Thüringer Wald
Teschenmoschel,120,7.732266,49.631036,3.73,Pfalz
Beseritz,120,13.459646,53.701932,11.09,Mecklenburgische Schweiz und Seenplatte
Schmitt,120,7.014425,50.166003,2.71,Eifel
Eßlingen,120,6.527107,49.914744,5.26,Eifel
Hörscheid,119,6.874115,50.217537,4.03,Eifel
Niedert,119,7.542776,50.126014,2.21,Hunsrück
Buchholz,119,12.641406,53.277217,15.41,Mecklenburgische Schweiz und Seenplatte
Horperath,119,6.953626,50.244322,2.4,Eifel
Seisla,119,11.534983,50.650584,4.47,Thüringer Wald
Hesweiler,118,7.279078,50.042851,2.31,Hunsrück
Langeneß,118,8.594129,54.637917,11.57,Nordsee
Sohrschied,118,7.357928,49.903545,4.46,Hunsrück
Heisdorf,117,6.429544,50.134721,3.93,Eifel
Kötterichen,117,6.9839,50.23994,1.31,Eifel
Moordiek,116,9.651163,53.913084,6.3,übrig. Schleswig-Holstein
Elzweiler,116,7.512731,49.579251,2.09,Pfalz
Oberwörresbach,116,7.319938,49.778789,1.4,Naheland
Giesdorf,115,6.449752,50.178935,3.55,Eifel
Gunderath,115,6.97902,50.25468,1.29,Eifel
Karlsdorf,115,11.798051,50.796854,4.68,Saaleland
Mülbach,115,6.404026,49.967824,1.55,Eifel
Dingdorf,115,6.437035,50.15063,3.81,Eifel
Stördorf,115,9.427765,53.917182,7.41,übrig. Schleswig-Holstein
Burtscheid,115,6.956734,49.732126,2.99,Hunsrück
Auw an der Kyll,114,6.615837,49.900735,0.98,Eifel
Oettern,114,11.357832,50.922428,3.61,Weimarer Land
Bergenhausen,114,7.572221,50.024473,2.68,Hunsrück
Sonnschied,113,7.389221,49.819367,3.85,Naheland
Wesselburener Deichhausen,112,8.937237,54.174947,5.07,übrig. Schleswig-Holstein
Heilbach,112,6.29337,50.057738,6.47,Eifel
Mützenich,112,6.260305,50.253378,6.43,Eifel
Landrecht,112,9.39178,53.924719,4.13,übrig. Schleswig-Holstein
Rayerschied,111,7.585028,50.017589,2.51,Hunsrück
Immenstedt,111,9.299737,54.180686,3.09,übrig. Schleswig-Holstein
Weidenbach,111,7.883112,50.154234,2.24,Lahntal
Heyersdorf,111,12.354895,50.848248,3.78,Altenburger Land
Hecken,110,7.398918,49.91566,3.89,Hunsrück
Welcherath,110,6.966335,50.320398,3.18,Eifel
Neu Duvenstedt,110,9.697639,54.355476,5.71,übrig. Schleswig-Holstein
Maitzborn,110,7.436033,49.933288,3.15,Hunsrück
Glüsing,110,9.216421,54.274547,4.69,übrig. Schleswig-Holstein
Nehren,110,7.194274,50.081512,0.76,Mosel-Saar
Groß Kelle,110,12.544226,53.405769,6.68,Mecklenburgische Schweiz und Seenplatte
Oldenborstel,109,9.513298,54.062709,4.24,übrig. Schleswig-Holstein
Möntenich,109,7.300645,50.221916,4.08,Mosel-Saar
Utzenhain,109,7.639618,50.131755,4.45,Hunsrück
Kudensee,109,9.212866,53.930105,3.04,übrig. Schleswig-Holstein
Meckenbach,108,7.096231,49.616007,3.79,Naheland
Isert,108,7.703492,50.726403,1.84,Westerwald
Westerborstel,107,9.260601,54.220127,4.14,übrig. Schleswig-Holstein
Nerzweiler,107,7.55447,49.604397,2.13,Pfalz
Leitzweiler,107,7.221982,49.59123,3.02,Naheland
Brinjahe,107,9.632102,54.168528,4.66,übrig. Schleswig-Holstein
Kletkamp,107,10.638094,54.249088,11.52,übrig. Schleswig-Holstein
Schwobfeld,106,10.0937,51.287153,2.52,Eichsfeld
Dackscheid,106,6.391618,50.11672,5.1,Eifel
Möckern,106,11.774454,50.853998,5.34,Saaleland
Hallig Hooge,105,8.550938,54.566389,5.78,Nordsee
Rade,105,9.741775,54.000918,3.92,übrig. Schleswig-Holstein
Heilenbach,104,6.46523,50.06426,7.84,Eifel
Wisch,103,9.154149,54.408531,3.05,übrig. Schleswig-Holstein
Deimberg,102,7.517794,49.627476,2.12,Pfalz
Kolverath,102,6.969972,50.270616,2.46,Eifel
Halsdorf,102,6.374448,49.929351,3.21,Eifel
Voigtsdorf,101,13.647699,53.559186,7.62,Mecklenburgische Schweiz und Seenplatte
Lückenburg,101,6.966795,49.742899,2.57,Hunsrück
Neufelderkoog,101,8.968827,53.906958,9.77,Nordsee
Giershausen,101,7.545229,50.680992,2.11,Westerwald
Schönborn,100,7.772576,49.642132,2.61,Pfalz
Neuendorf,100,6.458489,50.281194,5.71,Eifel
Thierschneck,99,11.760133,51.032861,2.74,Saaleland
Ellhöft,99,8.957598,54.888824,7.82,übrig. Schleswig-Holstein
Reichsthal,99,7.729168,49.597757,2.17,Pfalz
Elchweiler,99,7.201509,49.673456,2.15,Naheland
Groven,99,8.989147,54.300165,7.9,übrig. Schleswig-Holstein
Besenthal,98,10.743239,53.530139,12.65,übrig. Schleswig-Holstein
Tümlauer Koog,98,8.689757,54.348337,6.2,Nordsee
Hargarten,98,6.406425,50.096255,2.01,Eifel
Hohenbollentin,98,13.020607,53.788771,6.54,Mecklenburgische Schweiz und Seenplatte
Gentingen,98,6.236909,49.902228,4.18,Eifel
Holm,98,8.860525,54.831367,4.0,übrig. Schleswig-Holstein
Asbach-Sickenberg,98,10.030568,51.280007,9.91,Eichsfeld
Metzenhausen,98,7.362124,49.969934,3.1,Hunsrück
Rade b. Hohenwestedt,97,9.721127,54.101226,3.21,übrig. Schleswig-Holstein
Brimingen,97,6.365103,49.970878,5.92,Eifel
Zimmerschied,97,7.782555,50.352218,2.18,Lahntal
Teichwitz,97,12.08477,50.75723,3.07,Thüringer Vogtland
Pittenbach,97,6.347751,50.173953,3.85,Eifel
Stockem,96,6.380973,49.928632,3.97,Eifel
Lauperath,95,6.34097,50.087482,5.79,Eifel
Dodenburg,95,6.778028,49.912897,3.84,Eifel
Gräfendhron,95,6.994096,49.793256,3.13,Hunsrück
Bachenberg,94,7.646728,50.714447,1.67,Westerwald
Poxdorf,94,11.744655,50.961839,4.04,Saaleland
Sassen,94,6.965932,50.266091,3.33,Eifel
Wennbüttel,94,9.325945,54.139359,4.59,übrig. Schleswig-Holstein
Hirschfeld,93,12.186948,50.941708,3.74,Thüringer Vogtland
Niederweiler,93,6.442549,50.031522,4.58,Eifel
Nimsreuland,93,6.449581,50.131252,4.43,Eifel
Niederirsen,93,7.595847,50.746697,2.84,Westerwald
Sitters,93,7.784214,49.70877,2.63,Pfalz
Olsdorf,93,6.382379,49.954076,3.14,Eifel
Paska,92,11.628281,50.620502,6.6,Thüringer Wald
Altscheid,92,6.393899,50.018904,5.89,Eifel
Diefenbach,92,6.945648,50.03204,1.42,Eifel
Bekdorf,92,9.423362,53.938255,1.7,übrig. Schleswig-Holstein
Fuchshofen,92,6.851542,50.428116,2.84,Ahr
Koxhausen,92,6.245937,49.995264,3.81,Eifel
Kyllburgweiler,92,6.623278,50.05107,7.26,Eifel
Böllen,92,7.839713,47.801742,5.67,Südlicher Schwarzwald
Hahn,91,7.270178,49.962412,5.29,Hunsrück
Störkathen,91,9.756946,53.98103,2.03,übrig. Schleswig-Holstein
Hommerdingen,90,6.322121,49.909617,2.04,Eifel
Plascheid,90,6.288682,50.038235,3.38,Eifel
Philippsheim,90,6.626449,49.954244,0.89,Eifel
Gefell,90,6.911168,50.238523,2.79,Eifel
Echtershausen,89,6.417155,50.022487,2.49,Eifel
Dauwelshausen,89,6.18567,50.002605,2.05,Eifel
Westerhever,89,8.67563,54.382315,13.32,Nordsee
Reipeldingen,88,6.17999,50.081702,4.78,Eifel
Meusebach,88,11.724573,50.819178,6.12,Saaleland
Beinhausen,88,6.883019,50.265257,2.64,Eifel
Ellenberg,88,7.147493,49.659352,2.02,Naheland
Todenroth,88,7.354531,49.976209,1.56,Hunsrück
Ehr,87,7.784699,50.23759,1.21,Lahntal
Fresendelf,87,9.248765,54.39338,2.6,übrig. Schleswig-Holstein
Schmorda,87,11.587096,50.645049,4.84,Thüringer Wald
Langscheid,86,7.10985,50.380139,2.54,Eifel
Misselberg,85,7.767544,50.30832,0.74,Lahntal
Langenthal,85,7.575165,49.831574,2.71,Naheland
Weitersbach,85,7.316281,49.872116,7.77,Naheland
Krummendiek,85,9.416376,53.944241,1.78,übrig. Schleswig-Holstein
Gelenberg,85,6.863228,50.290773,3.95,Eifel
Lierfeld,85,6.364015,50.134891,1.71,Eifel
Nausnitz,84,11.73105,50.941547,1.42,Saaleland
Groß Disnack,84,10.69059,53.741974,5.99,übrig. Schleswig-Holstein
Bauler,83,6.20706,49.964867,6.03,Eifel
Acht,83,7.072376,50.369975,3.79,Eifel
Sierscheid,82,6.918163,50.456181,2.35,Ahr
Berkoth,82,6.340079,50.043915,7.16,Eifel
Filz,82,6.981429,50.169767,3.1,Eifel
Lascheid,82,6.411053,50.109947,3.49,Eifel
Weiden,81,7.300302,49.807135,2.6,Naheland
Moxa,81,11.629987,50.641371,4.72,Thüringer Wald
Emmelbaum,81,6.262377,50.05697,2.67,Eifel
Korweiler,81,7.415697,50.107437,2.43,Hunsrück
Brücktal,80,6.980048,50.317451,2.42,Eifel
Ölsen,80,7.603094,50.738792,2.26,Westerwald
Hingstheide,78,9.753261,53.907529,3.83,übrig. Schleswig-Holstein
Ließem,78,6.480588,50.02439,2.99,Eifel
Dunsum,78,8.414572,54.730715,2.72,Nordsee
Basberg,78,6.606283,50.294238,2.32,Eifel
Senscheid,78,6.830782,50.330531,4.27,Ahr
Schrum,77,9.251667,54.187229,5.01,übrig. Schleswig-Holstein
Hirschthal,77,7.756748,49.049044,1.58,Pfalz
Ersfeld,77,7.515324,50.696248,1.4,Westerwald
Trierscheid,77,6.822133,50.351686,4.11,Ahr
Dieterode,76,10.100882,51.297587,2.78,Eichsfeld
Tackesdorf,76,9.486794,54.173288,7.65,übrig. Schleswig-Holstein
Albsfelde,76,10.694451,53.679957,4.18,übrig. Schleswig-Holstein
Borler,75,6.827962,50.312946,4.54,Eifel
Kirsbach,75,6.994117,50.325178,3.42,Eifel
Sommerau,74,6.736813,49.716173,1.04,Mosel-Saar
Strübbel,74,8.971812,54.260389,4.4,übrig. Schleswig-Holstein
Keila,73,11.660746,50.636686,4.16,Thüringer Wald
Oberstedem,72,6.506634,49.930039,4.48,Eifel
Rattelsdorf,72,11.773403,50.813506,3.67,Saaleland
Oberlauch,72,6.420987,50.167892,3.59,Eifel
Göttin,71,10.70343,53.533746,5.21,übrig. Schleswig-Holstein
Volkerzen,71,7.682596,50.722403,1.99,Westerwald
Kesfeld,71,6.234591,50.153178,4.5,Eifel
Dankerath,70,6.825686,50.340286,3.26,Ahr
Eichenbach,70,6.809867,50.430814,5.02,Ahr
Reimerath,70,6.960409,50.310334,2.54,Eifel
Harspelt,69,6.17294,50.138351,4.81,Eifel
Quaschwitz,68,11.702103,50.683199,2.29,Thüringer Wald
Niehl,68,6.362515,49.955077,1.99,Eifel
Gerstengrund,67,10.050555,50.701184,4.61,Thüringer Rhön
Moorhusen,67,9.388353,53.96046,4.67,übrig. Schleswig-Holstein
Kaschenbach,67,6.479424,49.876595,4.45,Eifel
Kaisborstel,67,9.470192,54.017568,2.97,übrig. Schleswig-Holstein
Lexgaard,66,8.943493,54.832022,5.24,übrig. Schleswig-Holstein
Etgert,66,7.021832,49.779148,3.75,Hunsrück
Christinenthal,66,9.532356,54.050319,3.37,übrig. Schleswig-Holstein
Unterjeckenbach,65,7.491518,49.664218,7.54,Pfalz
Königsau,64,7.48698,49.855452,2.03,Naheland
Mühlpfad,64,7.554004,50.121594,1.39,Hunsrück
Brauweiler,63,7.499054,49.824015,3.16,Naheland
Wagenhausen,63,6.984878,50.142829,1.8,Eifel
Forst (Hunsrück),63,7.31687,50.081825,3.35,Hunsrück
Berscheid,62,6.231406,49.982924,7.49,Eifel
Sevenig (Our),62,6.165359,50.127906,4.81,Eifel
Idelberg,62,7.726674,50.720856,1.13,Westerwald
Dreggers,61,10.345729,53.885277,2.79,übrig. Schleswig-Holstein
Römnitz,60,10.768957,53.710121,5.15,übrig. Schleswig-Holstein
Hörsten,59,9.578749,54.226932,8.83,übrig. Schleswig-Holstein
Zweifelscheid,59,6.253806,50.038158,1.82,Eifel
Schwarzenborn,59,6.711532,50.039116,5.13,Eifel
Ueß,59,6.934962,50.253723,1.49,Eifel
Merschbach,58,7.005139,49.803413,3.2,Hunsrück
Reiff,58,6.212701,50.097995,5.81,Eifel
Saxler,58,6.896739,50.139944,1.82,Eifel
Solkwitz,57,11.66582,50.697041,2.2,Thüringer Wald
Hütten,56,6.251291,50.014281,3.1,Eifel
Masthorn,56,6.304266,50.153909,4.56,Eifel
Elisabeth-Sophien-Koog,56,8.879592,54.510068,5.18,Nordsee
Rorodt,55,7.04955,49.768827,3.41,Hunsrück
Kolkerheide,55,9.130775,54.620407,2.1,übrig. Schleswig-Holstein
Übereisenbach,55,6.149743,50.001582,2.39,Eifel
Friedrichsgabekoog,55,8.941082,54.157516,8.62,übrig. Schleswig-Holstein
Willwerscheid,54,6.930776,50.037361,2.46,Eifel
Schwerbach,54,7.355692,49.895946,2.55,Naheland
Lind,54,7.034339,50.321815,2.78,Eifel
Scheiditz,54,11.754755,50.904913,1.68,Saaleland
Hillgroven,54,8.874901,54.227921,3.6,übrig. Schleswig-Holstein
Uppershausen,53,6.318556,50.045985,3.41,Eifel
Winringen,53,6.418207,50.155105,2.55,Eifel
Manderscheid,52,6.346656,50.100333,4.25,Eifel
Eulenberg,52,7.4751,50.605467,1.17,Westerwald
Usch,52,6.602256,50.105639,1.33,Eifel
Hövede,51,9.293409,54.243806,2.94,übrig. Schleswig-Holstein
Friedrichsgraben,51,9.419087,54.272305,5.38,übrig. Schleswig-Holstein
Hohenfelde,50,10.473458,53.630603,1.63,übrig. Schleswig-Holstein
Mauel,48,6.394305,50.073229,5.35,Eifel
Welschenbach,48,7.062834,50.363331,2.79,Eifel
Nasingen,48,6.260995,49.97854,2.38,Eifel
Niederraden,48,6.328443,49.982274,1.99,Eifel
Roscheid,47,6.188003,50.122364,5.14,Eifel
Fischbach-Oberraden,47,6.335922,50.00085,6.64,Eifel
Kinzenburg,47,6.341581,50.120749,1.22,Eifel
Bauler,47,6.874294,50.323094,2.33,Ahr
Eilscheid,46,6.387045,50.129477,2.38,Eifel
Norderfriedrichskoog,45,8.893583,54.400271,5.31,Nordsee
Musweiler,45,6.800523,50.010317,3.05,Eifel
Matzerath,45,6.377942,50.147524,4.31,Eifel
Witsum,45,8.44106,54.698516,1.59,Nordsee
Fredeburg,44,10.72727,53.674253,10.09,übrig. Schleswig-Holstein
Birtlingen,44,6.483445,49.94561,2.94,Eifel
Kickeshausen,43,6.238883,50.068207,1.53,Eifel
Hausweiler,43,7.564799,49.647845,1.56,Pfalz
Aebtissinwisch,43,9.289846,53.970611,3.04,übrig. Schleswig-Holstein
Rehbach,42,7.643767,49.849993,2.21,Naheland
Leimbach,42,6.256257,50.025028,2.95,Eifel
Horbach,41,7.51382,49.823442,1.92,Naheland
Muxerath,39,6.269964,49.992034,4.54,Eifel
Gemünd,38,6.160907,49.988714,2.83,Eifel
Sevenig bei Neuerburg,38,6.189861,50.021997,5.93,Eifel
Bergewöhrden,37,9.209426,54.318469,2.64,übrig. Schleswig-Holstein
Pintesfeld,36,6.364799,50.108173,1.87,Eifel
Merlscheid,35,6.3502,50.127136,3.52,Eifel
Herzfeld,35,6.209693,50.133734,2.69,Eifel
Kleinbockedra,34,11.646985,50.842774,2.83,Saaleland
Niederpierscheid,33,6.373063,50.078861,1.64,Eifel
Kollmoor,33,9.599128,53.920974,3.33,übrig. Schleswig-Holstein
Scheuern,32,6.306745,50.021201,6.48,Eifel
Wettlingen,31,6.406119,49.929702,3.46,Eifel
Niederlauch,31,6.427711,50.1615,0.79,Eifel
Enzen,30,6.369666,49.921428,1.71,Eifel
Affler,30,6.153528,50.013966,1.99,Eifel
Feilsdorf,30,6.406898,49.9894,3.8,Eifel
Nitz,29,7.023789,50.333593,1.08,Eifel
Scheitenkorb,29,6.2099,50.00726,2.81,Eifel
Heinzenberg,29,7.484983,49.824894,1.95,Naheland
Wallen,28,9.269563,54.284766,1.86,übrig. Schleswig-Holstein
Strickscheid,28,6.316895,50.141827,1.41,Eifel
Grothusenkoog,26,8.759033,54.302739,3.27,Nordsee
Sengerich,26,6.222021,50.122408,1.09,Eifel
Herbstmühle,25,6.224003,50.001599,2.15,Eifel
Büttel,24,9.229071,53.899717,11.08,übrig. Schleswig-Holstein
Etteldorf,22,6.573687,50.030841,1.73,Eifel
Ammeldingen an der Our,20,6.255549,49.889676,2.61,Eifel
Waldhof-Falkenstein,19,6.196143,49.975225,3.0,Eifel
Burg,18,6.352224,49.95919,2.73,Eifel
Süderhöft,18,9.2423,54.381912,2.6,übrig. Schleswig-Holstein
Keppeshausen,17,6.170735,49.964853,2.31,Eifel
Hamm,16,6.419487,50.016047,1.73,Eifel
Dierfeld,15,6.88919,50.083963,1.55,Eifel
Wiedenborstel,10,9.761351,54.04215,4.52,übrig. Schleswig-Holstein
Gröde,7,8.717443,54.631686,2.52,Nordsee
